Item Code,Item Name,Item Group,Stock UOM,Is Stock Item,Include Item In Manufacturing,Opening Stock,Valuation Rate,Standard Rate,Is Purchase Item,Is Sales Item,Brand,Description,Weight Per Unit,Weight UOM,Disabled,Allow Alternative Item
TI_VERGER_MANGO_PUREE_500G,TI VERGER MANGO PUREE 500G,Fruit Et Jus De Fruits,Nos,1,0,0,,34.95,1,1,Winners,TI VERGER MANGO PUREE 500G,500,Gram,0,1
SUMERU_GRATED_COCONUTS_200G,SUMERU GRATED COCONUTS 200G,Fruit Et Jus De Fruits,Nos,1,0,0,,47.95,1,1,Winners,SUMERU GRATED COCONUTS 200G,200,Gram,0,1
SB_FZ_TROPICAL_FRUIT_MIX_1KG,SB FROZEN TROPICAL FRUIT MIX 1KG,Fruit Et Jus De Fruits,Nos,1,0,0,,114.5,1,1,Winners,SB FROZEN TROPICAL FRUIT MIX 1KG,1,Kg,0,1
SB_FZ_BLUEBERRY_1KG,SB FROZEN FRUITS BLUEBERRY 1KG,Fruit Et Jus De Fruits,Nos,1,0,0,,64.5,1,1,Winners,SB FROZEN FRUITS BLUEBERRY 1KG,1,Kg,0,1
SB_FZ_BERRY_MIX_1KG,SB FROZEN FRUITS BERRY MIX 1KG,Fruit Et Jus De Fruits,Nos,1,0,0,,114.5,1,1,Winners,SB FROZEN FRUITS BERRY MIX 1KG,1,Kg,0,1
PINGUIN_STRAWBERRIES_1KG,PINGUIN STRAWBERRIES 1KG,Fruit Et Jus De Fruits,Nos,1,0,0,,64.5,1,1,Winners,PINGUIN STRAWBERRIES 1KG,1,Kg,0,1
PINGUIN_MANGO_CHUNKS_1KG,PINGUIN MANGO CHUNKS 1KG,Fruit Et Jus De Fruits,Nos,1,0,0,,14.5,1,1,Winners,PINGUIN MANGO CHUNKS 1KG,1,Kg,0,1
PINGUIN_FRUIT_OF_FOREST_1KG,PINGUIN FRUIT OF FOREST 1KG,Fruit Et Jus De Fruits,Nos,1,0,0,,9.5,1,1,Winners,PINGUIN FRUIT OF FOREST 1KG,1,Kg,0,1
PINGUIN_BLUEBERRIES_1KG,PINGUIN BLUEBERRIES 1KG,Fruit Et Jus De Fruits,Nos,1,0,0,,49.0,1,1,Winners,PINGUIN BLUEBERRIES 1KG,1,Kg,0,1
EMBORG_STRAWBERRIES_450G,EMBORG STRAWBERRIES 450G,Fruit Et Jus De Fruits,Nos,1,0,0,,14.5,1,1,Winners,EMBORG STRAWBERRIES 450G,450,Gram,0,1
EMBORG_RASPBERRIES_300G,EMBORG RASPBERRIES 300G,Fruit Et Jus De Fruits,Nos,1,0,0,,66.0,1,1,Winners,EMBORG RASPBERRIES 300G,300,Gram,0,1
EMBORG_BLUEBERRIES_400G,EMBORG BLUEBERRIES 400G,Fruit Et Jus De Fruits,Nos,1,0,0,,25.75,1,1,Winners,EMBORG BLUEBERRIES 400G,400,Gram,0,1
BAY_BROAD_BEANS,BAYARA BROAD BEANS,Fruits Et Legumes,Nos,1,0,0,,349.5,1,1,Winners,BAYARA BROAD BEANS,,,0,1
BAY_BRAZIL_NUTS,BAYARA BRAZIL NUTS,Fruits Et Legumes,Nos,1,0,0,,2159.5,1,1,Winners,BAYARA BRAZIL NUTS,,,0,1
BAY_BLACKCURRANTS_DRIED,BAYARA BLACKCURRANTS DRIED,Fruits Et Legumes,Nos,1,0,0,,2229.5,1,1,Winners,BAYARA BLACKCURRANTS DRIED,,,0,1
BAY_BLACK_SEED,BAYARA BLACK SEED,Fruits Et Legumes,Nos,1,0,0,,559.5,1,1,Winners,BAYARA BLACK SEED,,,0,1
BAY_BLACK_PEPPER_WHOLE_ORG,BAYARA BLACK PEPPER WHOLE ORGANIC,Fruits Et Legumes,Nos,1,0,0,,1449.5,1,1,Winners,BAYARA BLACK PEPPER WHOLE ORGANIC,,,0,1
BAY_BLACK_PEPPER_WHOLE,BAYARA BLACK PEPPER WHOLE,Fruits Et Legumes,Nos,1,0,0,,979.5,1,1,Winners,BAYARA BLACK PEPPER WHOLE,,,0,1
BAY_BLACK_PEPPER_CRUSHED,BAYARA BLACK PEPPER CRUSHED,Fruits Et Legumes,Nos,1,0,0,,799.5,1,1,Winners,BAYARA BLACK PEPPER CRUSHED,,,0,1
BAY_BLACK_EYE_BEANS,BAYARA BLACK EYE BEANS,Fruits Et Legumes,Nos,1,0,0,,299.5,1,1,Winners,BAYARA BLACK EYE BEANS,,,0,1
BAY_BIRYANI_MASALA_POWDER,BAYARA BIRYANI MASALA POWDER,Fruits Et Legumes,Nos,1,0,0,,499.5,1,1,Winners,BAYARA BIRYANI MASALA POWDER,,,0,1
BAY_BASIL,BAYARA BASIL,Fruits Et Legumes,Nos,1,0,0,,409.5,1,1,Winners,BAYARA BASIL,,,0,1
BAY_BARLEY,BAYARA BARLEY,Fruits Et Legumes,Nos,1,0,0,,199.5,1,1,Winners,BAYARA BARLEY,,,0,1
BAY_APRICOT_DRIED_ORGANIC,BAYARA APRICOT DRIED ORGANIC,Fruits Et Legumes,Nos,1,0,0,,889.5,1,1,Winners,BAYARA APRICOT DRIED ORGANIC,,,0,1
BAY_APRICOT_DRIED_JUMBO,BAYARA APRICOT DRIED JUMBO,Fruits Et Legumes,Nos,1,0,0,,829.5,1,1,Winners,BAYARA APRICOT DRIED JUMBO,,,0,1
BAY_ANISEEDS,BAYARA ANISEEDS,Fruits Et Legumes,Nos,1,0,0,,0.0,1,1,Winners,BAYARA ANISEEDS,,,0,1
BAY_ALMONDS_SALTED_JUMBO,BAYARA ALMONDS SALTED JUMBO,Fruits Et Legumes,Nos,1,0,0,,959.5,1,1,Winners,BAYARA ALMONDS SALTED JUMBO,,,0,1
BAY_ALMOND_SLIVERED,BAYARA ALMONDOND SLIVERED,Fruits Et Legumes,Nos,1,0,0,,1039.5,1,1,Winners,BAYARA ALMONDOND SLIVERED,,,0,1
BAY_ALMOND_SLICED,BAYARA ALMONDOND SLICED,Fruits Et Legumes,Nos,1,0,0,,869.5,1,1,Winners,BAYARA ALMONDOND SLICED,,,0,1
BAY_ALMOND_POWDER,BAYARA ALMONDOND POWDER,Fruits Et Legumes,Nos,1,0,0,,809.5,1,1,Winners,BAYARA ALMONDOND POWDER,,,0,1
BAY_ALMOND_ORGANIC,BAYARA ALMONDOND ORGANIC,Fruits Et Legumes,Nos,1,0,0,,1919.5,1,1,Winners,BAYARA ALMONDOND ORGANIC,,,0,1
BAY_ALMOND_JUMBO,BAYARA ALMONDOND JUMBO,Fruits Et Legumes,Nos,1,0,0,,919.5,1,1,Winners,BAYARA ALMONDOND JUMBO,,,0,1
BAY_ALMOND_ROAST_UNSALT_MED,BAYARA ALMOND ROAST UNSALTED MEDIUM,Fruits Et Legumes,Nos,1,0,0,,899.5,1,1,Winners,BAYARA ALMOND ROAST UNSALTED MEDIUM,,,0,1
BAY_ALMOND_CHOPPED,BAYARA ALMOND CHOPPED,Fruits Et Legumes,Nos,1,0,0,,759.5,1,1,Winners,BAYARA ALMOND CHOPPED,,,0,1
POIRE_BCHRETIEN_SACHET1KG_SKC,POIRE BON CHRETIEN SACHET1KG SKC,Fruits Frais,Nos,1,0,0,,79.9,1,1,Winners,POIRE BON CHRETIEN SACHET1KG SKC,1,Kg,0,1
POIRE_BCHRETIEN_PUN_750G_SKC,POIRE BON CHRETIEN PUNNET 750G SKC,Fruits Frais,Nos,1,0,0,,64.9,1,1,Winners,POIRE BON CHRETIEN PUNNET 750G SKC,750,Gram,0,1
POIRE_BCHRETIEN_PUN_750G_RFF,POIRE BON CHRETIEN PUNNET 750G RFF,Fruits Frais,Nos,1,0,0,,79.9,1,1,Winners,POIRE BON CHRETIEN PUNNET 750G RFF,750,Gram,0,1
POIRE_BON_CHRETIEN_PREPACK,POIRE BON CHRETIEN PREPACK,Fruits Frais,Nos,1,0,0,,125.9,1,1,Winners,POIRE BON CHRETIEN PREPACK,,,0,1
POIRE_BEUBOSCH_SACHET_750G_RFF,POIRE BEURRE BOSCH SACHET 750G RFF,Fruits Frais,Nos,1,0,0,,89.9,1,1,Winners,POIRE BEURRE BOSCH SACHET 750G RFF,750,Gram,0,1
POIRE_BEURRE_BOSCH_PUN_RFF,POIRE BEURRE BOSCH PUNNET RFF,Fruits Frais,Nos,1,0,0,,69.9,1,1,Winners,POIRE BEURRE BOSCH PUNNET RFF,,,0,1
POIRE_BEURRE_BOSCH_PREPACK,POIRE BEURRE BOSCH PREPACK,Fruits Frais,Nos,1,0,0,,119.9,1,1,Winners,POIRE BEURRE BOSCH PREPACK,,,0,1
POIRE_BEURRE_BOSCH_BAR,POIRE BEURRE BOSCH BAR,Fruits Frais,Nos,1,0,0,,125.9,1,1,Winners,POIRE BEURRE BOSCH BAR,,,0,1
POIRE_BEURRE_BOSCH_70_90_96_45,POIRE BEURRE BOSCH (70/80),Fruits Frais,Nos,1,0,0,,121.9,1,1,Winners,POIRE BEURRE BOSCH (70/80),,,0,1
POIRE__BON_CHRETIEN_60_70,POIRE BON CHRETIEN (70/80),Fruits Frais,Nos,1,0,0,,145.9,1,1,Winners,POIRE BON CHRETIEN (70/80),,,0,1
PECHE_PLAT_PUN_750G_RFF,PECHE PLAT PUNNET 750G RFF,Fruits Frais,Nos,1,0,0,,109.9,1,1,Winners,PECHE PLAT PUNNET 750G RFF,750,Gram,0,1
PAMPLEMOUSSE_LOCAL_PCS,PAMPLEMOUSSE LOCALE,Fruits Frais,Nos,1,0,0,,69.95,1,1,Winners,PAMPLEMOUSSE LOCALE,,,0,1
ORANGE_CARACARA_X_3_SURAT,ORANGE CARACARA X 3 SURAT,Fruits Frais,Nos,1,0,0,,89.95,1,1,Winners,ORANGE CARACARA X 3 SURAT,,,0,1
ORANGE_CARA_CARA_FILLET_1KG,ORANGE CARACARA FILLET 1KG,Fruits Frais,Nos,1,0,0,,9.5,1,1,Winners,ORANGE CARACARA FILLET 1KG,1,Kg,0,1
MINEOLAS_FILLET,MINEOLAS FILLET,Fruits Frais,Nos,1,0,0,,64.9,1,1,Winners,MINEOLAS FILLET,,,0,1
MELON_PIEL_DE_SAPO,MELON PIEL DE SAPO,Fruits Frais,Nos,1,0,0,,221.9,1,1,Winners,MELON PIEL DE SAPO,,,0,1
MELON_JAUNE_CUBE,MELON JAUNE CUBE,Fruits Frais,Nos,1,0,0,,319.9,1,1,Winners,MELON JAUNE CUBE,,,0,1
MAURIGAP_POMELO,MAURIGAP POMELO,Fruits Frais,Nos,1,0,0,,44.9,1,1,Winners,MAURIGAP POMELO,,,0,1
MANGUE_EPLUCHE,MANGUE EPLUCHE,Fruits Frais,Nos,1,0,0,,9.5,1,1,Winners,MANGUE EPLUCHE,,,0,1
LIMES_PREPACK,LIMES PREPACK,Fruits Frais,Nos,1,0,0,,315.9,1,1,Winners,LIMES PREPACK,,,0,1
J_D_MEDINE_WATERMELON,JARDIN DE MEDINE WATERMELON,Fruits Frais,Nos,1,0,0,,54.0,1,1,Winners,JARDIN DE MEDINE WATERMELON,,,0,1
FIGS_PUNNET_160G_SKC,FIGS PUNNET 160G SKC,Fruits Frais,Nos,1,0,0,,164.95,1,1,Winners,FIGS PUNNET 160G SKC,160,Gram,0,1
CITRONS_LOCAL,CITRONS LOCAL,Fruits Frais,Nos,1,0,0,,69.9,1,1,Winners,CITRONS LOCAL,,,0,1
ATOZ_GRENADINE_X_4,ATOZ GRENADINE X 4,Fruits Frais,Nos,1,0,0,,44.9,1,1,Winners,ATOZ GRENADINE X 4,,,0,1
CO_ST_FELICIEN_180G,CASINO ST FELICIEN 180G,Fromages Libre Service 2,Nos,1,0,0,,195.0,1,1,Winners,CASINO ST FELICIEN 180G,180,Gram,0,1
CO_POINTE_BRIE_200G,CASINO SOJA SUR LIT PECHES 4 X 100G,Fromages Libre Service 2,Nos,1,0,0,,179.0,1,1,Winners,CASINO SOJA SUR LIT PECHES 4 X 100G,100,Gram,0,1
WS_RACLETTE_EN_TRANCHE,WS RACLETTE EN TRANCHE,Fromage Coupe,Nos,1,0,0,,899.0,1,1,Winners,WS RACLETTE EN TRANCHE,,,0,1
WS_EMMENTAL_ENTREMONT_TRANCHE,WS EMMENTAL ENTREMONT TRANCHE,Fromage Coupe,Nos,1,0,0,,759.0,1,1,Winners,WS EMMENTAL ENTREMONT TRANCHE,,,0,1
CHESS_SET,CHESS SET,Jouet Mixte,Nos,1,0,0,,315.0,1,1,Winners,CHESS SET,,,0,1
PB_MME_LOIK_SAUMCIB_150G,PAYSAN BRETON LE FROMAGE FOUETTE MADAME LOIK SAUMON CIBOULETTE 150G,Fromages Frais,Nos,1,0,0,,230.0,1,1,Winners,PAYSAN BRETON LE FROMAGE FOUETTE MADAME LOIK SAUMON CIBOULETTE 150G,150,Gram,0,1
PB_MME_LOIK_AFH_150G,PAYSAN BRETON MADAME LOIK AIL FINE HERBES 150G,Fromages Frais,Nos,1,0,0,,26.0,1,1,Winners,PAYSAN BRETON MADAME LOIK AIL FINE HERBES 150G,150,Gram,0,1
PB_FBLANC_NATURE_500G,PAYSAN BRETON FROMAGE BLANC NATURE 500G,Fromages Frais,Nos,1,0,0,,81.0,1,1,Winners,PAYSAN BRETON FROMAGE BLANC NATURE 500G,500,Gram,0,1
BRAINY_QUIZ_CONTEST,BRAINY QUIZ CONTEST,Jouet Mixte,Nos,1,0,0,,580.0,1,1,Winners,BRAINY QUIZ CONTEST,,,0,1
BALL_75,BALL 75,Jouet Mixte,Nos,1,0,0,,31.5,1,1,Winners,BALL 75,,,0,1
BALL_6CM,BALL 6CM,Jouet Mixte,Nos,1,0,0,,27.0,1,1,Winners,BALL 6CM,,,0,1
ART_KNIFE,ART KNIFE,Jouet Mixte,Nos,1,0,0,,117.0,1,1,Winners,ART KNIFE,,,0,1
THINKING_KITS_3D_PUZZLES_DINO,4M THINKING KITS 3D PUZZLES DINO,Jouet Mixte,Nos,1,0,0,,427.0,1,1,Winners,4M THINKING KITS 3D PUZZLES DINO,,,0,1
SOLAR_SYSTEM_MOBILE_MAKING_KIT,4M SOLAR SYSTEM MOBILE MAKING KIT,Jouet Mixte,Nos,1,0,0,,470.0,1,1,Winners,4M SOLAR SYSTEM MOBILE MAKING KIT,,,0,1
MAKE_YOUR_OWN_HEADBANDS,4M MAKE YOUR OWN HEADBANDS,Jouet Mixte,Nos,1,0,0,,520.0,1,1,Winners,4M MAKE YOUR OWN HEADBANDS,,,0,1
LITTLE_CRAFT_LANTERN_PAINT_KIT,4M LITTLE CRAFT LANTERN PAINT KIT,Jouet Mixte,Nos,1,0,0,,249.0,1,1,Winners,4M LITTLE CRAFT LANTERN PAINT KIT,,,0,1
LIGHT_N_SOUND_ART_PAD,4M LIGHT N SOUND ART PAD,Jouet Mixte,Nos,1,0,0,,770.0,1,1,Winners,4M LIGHT N SOUND ART PAD,,,0,1
KIDZLABS_TRAFFIC_LIGHT,4M KIDZLABS TRAFFIC LIGHT,Jouet Mixte,Nos,1,0,0,,589.0,1,1,Winners,4M KIDZLABS TRAFFIC LIGHT,,,0,1
KIDZLABS_MOUSETRAP_RACER,4M KIDZLABS MOUSETRAP RACER,Jouet Mixte,Nos,1,0,0,,540.0,1,1,Winners,4M KIDZLABS MOUSETRAP RACER,,,0,1
KIDZLABS_MATH_MAGIC,4M KIDZLABS MATH MAGIC,Jouet Mixte,Nos,1,0,0,,535.0,1,1,Winners,4M KIDZLABS MATH MAGIC,,,0,1
KIDZLABS_DINO_SKULL,4M KIDZLABS DINO SKULL,Jouet Mixte,Nos,1,0,0,,594.0,1,1,Winners,4M KIDZLABS DINO SKULL,,,0,1
KIDZLAB_MOTORISED_BARRIER_GATE,4M KIDZLAB MOTORISED BARRIER GATE,Jouet Mixte,Nos,1,0,0,,789.0,1,1,Winners,4M KIDZLAB MOTORISED BARRIER GATE,,,0,1
KIDZLABS_COLOUR_LAB_MIXER,4M IDZLABS COLOUR LAB MIXER,Jouet Mixte,Nos,1,0,0,,551.0,1,1,Winners,4M IDZLABS COLOUR LAB MIXER,,,0,1
GROW_YOUR_CRYSTAL_GEODES,4M GROW YOUR CRYSTAL GEODES,Jouet Mixte,Nos,1,0,0,,589.0,1,1,Winners,4M GROW YOUR CRYSTAL GEODES,,,0,1
GREEN_SCIENCE_SOLAR_SYSTEM,4M GREEN SCIENCE SOLAR SYSTEM,Jouet Mixte,Nos,1,0,0,,918.0,1,1,Winners,4M GREEN SCIENCE SOLAR SYSTEM,,,0,1
GREEN_SCIENCE_ROBOT_ROVER,4M GREEN SCIENCE ROBOT ROVER,Jouet Mixte,Nos,1,0,0,,837.0,1,1,Winners,4M GREEN SCIENCE ROBOT ROVER,,,0,1
GREEN_SCIENCE_HYBRID_CRABOT,4M GREEN SCIENCE HYBRID CRABOT,Jouet Mixte,Nos,1,0,0,,859.0,1,1,Winners,4M GREEN SCIENCE HYBRID CRABOT,,,0,1
GIANT_MAGNETIC_COMPASS,4M GIANT MAGNETIC COMPASS,Jouet Mixte,Nos,1,0,0,,405.0,1,1,Winners,4M GIANT MAGNETIC COMPASS,,,0,1
FRENCH_KNITTING_FOX_DOLL,4M FRENCH KNITTING FOX DOLL,Jouet Mixte,Nos,1,0,0,,432.0,1,1,Winners,4M FRENCH KNITTING FOX DOLL,,,0,1
FLASHING_EMERGENCY_LIGHT,4M FLASHING EMERGENCY LIGHT,Jouet Mixte,Nos,1,0,0,,545.0,1,1,Winners,4M FLASHING EMERGENCY LIGHT,,,0,1
CLEAN_WATER_SCIENCE,4M CLEAN WATER SCIENCE,Jouet Mixte,Nos,1,0,0,,535.0,1,1,Winners,4M CLEAN WATER SCIENCE,,,0,1
3IN1_MINI_SOLAR_ROBOT,4M 3IN1 MINI SOLAR ROBOT,Jouet Mixte,Nos,1,0,0,,848.0,1,1,Winners,4M 3IN1 MINI SOLAR ROBOT,,,0,1
MEZE_BRAALOUMI_MINTLACVEG,MEZE BRAALOUMI MINT LAC VEG,Fromage Coupe,Nos,1,0,0,,1449.0,1,1,Winners,MEZE BRAALOUMI MINT LAC VEG,,,0,1
MEZE_BRAAILOUMI_PLAINLACVEG,MEZE BRAAILOUMI PLAIN LAC VEG,Fromage Coupe,Nos,1,0,0,,1449.0,1,1,Winners,MEZE BRAAILOUMI PLAIN LAC VEG,,,0,1
MEZE_BRAAIL_CHILLI_LACVEG,MEZE BRAALOUMI CHILLI LAC VEG,Fromage Coupe,Nos,1,0,0,,1449.0,1,1,Winners,MEZE BRAALOUMI CHILLI LAC VEG,,,0,1
MEZE_BRAAIL_CAJUNLACVEG,MEZE BRAALOUMI CAJUN LAC VEG,Fromage Coupe,Nos,1,0,0,,1449.0,1,1,Winners,MEZE BRAALOUMI CAJUN LAC VEG,,,0,1
FRICO_MILD_EDAM_BALL_BLC,FRICO MILD EDAM BALL,Fromage Coupe,Nos,1,0,0,,10.0,1,1,Winners,FRICO MILD EDAM BALL,,,0,1
EMMENTAL_ENTREMONT_TRAN,EMMENTAL ENTREMONT TRANCHE,Fromage Coupe,Nos,1,0,0,,669.0,1,1,Winners,EMMENTAL ENTREMONT TRANCHE,,,0,1
ARLA_WHITE_MILD_CHEDDAR,ARLA WHITE MILD CHEDDAR,Fromage Coupe,Nos,1,0,0,,159.0,1,1,Winners,ARLA WHITE MILD CHEDDAR,,,0,1
ARLA_EMMENTAL,ARLA EMMENTAL,Fromage Coupe,Nos,1,0,0,,87.9,1,1,Winners,ARLA EMMENTAL,,,0,1
ARLA_COLOURED_MILD_CHEDDAR,ARLA COLOURED MILD CHEDDAR,Fromage Coupe,Nos,1,0,0,,829.0,1,1,Winners,ARLA COLOURED MILD CHEDDAR,,,0,1
CHUTES_FROMAGES_KG,CHUTES FROMAGES,Fromage Coupe,Nos,1,0,0,,439.0,1,1,Winners,CHUTES FROMAGES,,,0,1
CO_CAMEMBERT_250G,CASINO SOJA SUR LIT FRAISES 4 X 100G,Fromages Libre Service 2,Nos,1,0,0,,239.0,1,1,Winners,CASINO SOJA SUR LIT FRAISES 4 X 100G,100,Gram,0,1
CO_CARRE_230G,CASINO SOJA NATURE 6 X 100G,Fromages Libre Service 2,Nos,1,0,0,,229.0,1,1,Winners,CASINO SOJA NATURE 6 X 100G,100,Gram,0,1
CO_COULOMMIERS_350G,CASINO SOJA FRAISE 4 X 100G,Fromages Libre Service 2,Nos,1,0,0,,299.0,1,1,Winners,CASINO SOJA FRAISE 4 X 100G,100,Gram,0,1
CO_SAINT_PAULIN_340G,CASINO SAINT PAULIN 340G,Fromages Libre Service 2,Nos,1,0,0,,319.0,1,1,Winners,CASINO SAINT PAULIN 340G,340,Gram,0,1
CO_ROQUEFORT_150G,CASINO ROQUEFORT 150G,Fromages Libre Service 2,Nos,1,0,0,,269.0,1,1,Winners,CASINO ROQUEFORT 150G,150,Gram,0,1
CO_REBLOCHON_LAITIER_240G,CASINO REBLOCHON LAITIER 240G,Fromages Libre Service 2,Nos,1,0,0,,349.0,1,1,Winners,CASINO REBLOCHON LAITIER 240G,240,Gram,0,1
CO_PARMESAN_PTE_24M_200G,CASINO PARMESAN POINTE 24 MOIS 200G,Fromages Libre Service 2,Nos,1,0,0,,105.0,1,1,Winners,CASINO PARMESAN POINTE 24 MOIS 200G,200,Gram,0,1
CO_OSSAU_IRATY_200G,CASINO OSSAU IRATY 200G,Fromages Libre Service 2,Nos,1,0,0,,299.0,1,1,Winners,CASINO OSSAU IRATY 200G,200,Gram,0,1
CO_NEUFCHATEL_AOP_200G,CASINO NEUFCHATEL AOP 200G,Fromages Libre Service 2,Nos,1,0,0,,289.0,1,1,Winners,CASINO NEUFCHATEL AOP 200G,200,Gram,0,1
CO_MOZZARELLA_RAPEE_150G,CASINO MOZZARELLA RAPEE 150G,Fromages Libre Service 2,Nos,1,0,0,,179.0,1,1,Winners,CASINO MOZZARELLA RAPEE 150G,150,Gram,0,1
APERIVRAIS_SAVPROV_100G,CASINO MOUSSE LIEGEOISE CAFE 4X80G,Fromages Libre Service 2,Nos,1,0,0,,224.0,1,1,Winners,CASINO MOUSSE LIEGEOISE CAFE 4X80G,80,Gram,0,1
CO_EMMENTAL_RAPE_3X70G,CASINO EMMENTAL RAPE 3X70G,Fromages Libre Service 2,Nos,1,0,0,,219.0,1,1,Winners,CASINO EMMENTAL RAPE 3X70G,70,Gram,0,1
CO_CHEVRE_FRAIS_200G,CASINO CHEVRE FRAIS 200G,Fromages Libre Service 2,Nos,1,0,0,,42.0,1,1,Winners,CASINO CHEVRE FRAIS 200G,200,Gram,0,1
CO_CAMEMB_LAIT_CRU_22MG_250G,CASINO CAMEMBERT LAIT CRU 22% MATIERE GRASSE 250G,Fromages Libre Service 2,Nos,1,0,0,,90.0,1,1,Winners,CASINO CAMEMBERT LAIT CRU 22% MATIERE GRASSE 250G,250,Gram,0,1
CO_BUCHE_STE_MAURE_200G,CASINO BUCHE SAINTE MAURE 200G,Fromages Libre Service 2,Nos,1,0,0,,249.0,1,1,Winners,CASINO BUCHE SAINTE MAURE 200G,200,Gram,0,1
CO_BRIQUE_BREBIS_150G,CASINO BRIQUE BREBIS 150G,Fromages Libre Service 2,Nos,1,0,0,,315.0,1,1,Winners,CASINO BRIQUE BREBIS 150G,150,Gram,0,1
CO_BRIQUE_AU_LAIT_VACHE_200G,CASINO BRIQUE AU LAIT VACHE 200G,Fromages Libre Service 2,Nos,1,0,0,,32.5,1,1,Winners,CASINO BRIQUE AU LAIT VACHE 200G,200,Gram,0,1
CO_BLEU_AUVERG125G,CASINO BLEU AUVERGNE 125G,Fromages Libre Service 2,Nos,1,0,0,,114.9,1,1,Winners,CASINO BLEU AUVERGNE 125G,125,Gram,0,1
CO_BIO_MASCARPONE_250G,CASINO BIO MASCARPONE 250G,Fromages Libre Service 2,Nos,1,0,0,,279.0,1,1,Winners,CASINO BIO MASCARPONE 250G,250,Gram,0,1
CO_BEAUFORT_200G,CASINO BEAUFORT 200G,Fromages Libre Service 2,Nos,1,0,0,,126.0,1,1,Winners,CASINO BEAUFORT 200G,200,Gram,0,1
NF_ALMOND_COCO_ENGY_BALL_200G,NEO FOODS ALMONDOND COCO ENGY BALL 200G,Fruits Sec,Nos,1,0,0,,264.95,1,1,Winners,NEO FOODS ALMONDOND COCO ENGY BALL 200G,200,Gram,0,1
HILAL_AJWA_DATES_250G,HILAL AJWA DATES 250G,Fruits Sec,Nos,1,0,0,,23.0,1,1,Winners,HILAL AJWA DATES 250G,250,Gram,0,1
HEBA_NOURI_DATTE_BQUET_500G,HEBA NOURI DATTE BOUQUET 500G,Fruits Sec,Nos,1,0,0,,64.43,1,1,Winners,HEBA NOURI DATTE BOUQUET 500G,500,Gram,0,1
DATTE_MARWA_NAT_500G_ALG,DATTE MARWA NAT 500G ALGERIE,Fruits Sec,Nos,1,0,0,,179.95,1,1,Winners,DATTE MARWA NAT 500G ALGERIE,500,Gram,0,1
DATTE_LA_PALME_BAKARI_500G_ALG,DATTE LA PALME BAKARI 500G ALGERIE,Fruits Sec,Nos,1,0,0,,154.95,1,1,Winners,DATTE LA PALME BAKARI 500G ALGERIE,500,Gram,0,1
DATTE_DN_NAT_BAR_ALGERIE_500G,DATTE DN NAT BAR ALGERIE 500G,Fruits Sec,Nos,1,0,0,,144.9,1,1,Winners,DATTE DN NAT BAR ALGERIE 500G,500,Gram,0,1
BF_MINI_FIGUES_SECHEES_500G,BROUSSE & FILS MINI FIGUES SECHEES 500G,Fruits Sec,Nos,1,0,0,,49.0,1,1,Winners,BROUSSE & FILS MINI FIGUES SECHEES 500G,500,Gram,0,1
BF_FIGUES_SECHES_PULLED_500G,BROUSSE & FILS FIGUES SECHES PULLED 500G,Fruits Sec,Nos,1,0,0,,66.0,1,1,Winners,BROUSSE & FILS FIGUES SECHES PULLED 500G,500,Gram,0,1
BF_FIGUES_SECHES_LERIDA_500G,BROUSSE & FILS FIGUES SECHES LERIDA 500G,Fruits Sec,Nos,1,0,0,,29.1,1,1,Winners,BROUSSE & FILS FIGUES SECHES LERIDA 500G,500,Gram,0,1
BF_FIGUES_MOELLEUSE_250G,BROUSSE & FILS FIGUES MOELLEUSE 250G,Fruits Sec,Nos,1,0,0,,9.5,1,1,Winners,BROUSSE & FILS FIGUES MOELLEUSE 250G,250,Gram,0,1
BF_ABRICOT_SEC_DENOYAUTE_500G,BROUSSE & FILS ABRICOT SEC DENOYAUTE 500G,Fruits Sec,Nos,1,0,0,,9.5,1,1,Winners,BROUSSE & FILS ABRICOT SEC DENOYAUTE 500G,500,Gram,0,1
BF_ABRICOT_SEC_DENOYAUTE_250G,BROUSSE & FILS ABRICOT SEC DENOYAUTE 250G,Fruits Sec,Nos,1,0,0,,9.5,1,1,Winners,BROUSSE & FILS ABRICOT SEC DENOYAUTE 250G,250,Gram,0,1
BAY_DATTE_MAJDOUL_500G,BAYARA DATTE MAJDOUL 500G,Fruits Sec,Nos,1,0,0,,159.0,1,1,Winners,BAYARA DATTE MAJDOUL 500G,500,Gram,0,1
BAY_DATTE_AJWA_ZIP_POUCH_150G,BAYARA DATTE AJWA ZIP POUCH 150G,Fruits Sec,Nos,1,0,0,,334.95,1,1,Winners,BAYARA DATTE AJWA ZIP POUCH 150G,150,Gram,0,1
VEG_ME_KARAS_MEDJ_DATES_200G,VEG ME KARAS MEDJOUL DATES 200G,Fruits Sec,Nos,1,0,0,,109.9,1,1,Winners,VEG ME KARAS MEDJOUL DATES 200G,200,Gram,0,1
RFF_FIGS_PUNNET,RFF FIGS PUNNET,Fruits Sec,Nos,1,0,0,,234.01,1,1,Winners,RFF FIGS PUNNET,,,0,1
NOURI_DATTE_200G,NOURI DATTE 200G,Fruits Sec,Nos,1,0,0,,33.9,1,1,Winners,NOURI DATTE 200G,200,Gram,0,1
BAY_DATTE_SAGAI_ZIP_PCH_400G,BAYARA DATTE SAGAI ZIP PCH 400G,Fruits Sec,Nos,1,0,0,,239.95,1,1,Winners,BAYARA DATTE SAGAI ZIP PCH 400G,400,Gram,0,1
BAY_DATTE_SAFAWI_ZIP_PCH_400G,BAYARA DATTE SAFAWI ZIP PCH 400G,Fruits Sec,Nos,1,0,0,,279.95,1,1,Winners,BAYARA DATTE SAFAWI ZIP PCH 400G,400,Gram,0,1
BAY_DATTE_MABROOM_PCH_400G,BAYARA DATTE MABROOM PCH 400G,Fruits Sec,Nos,1,0,0,,399.95,1,1,Winners,BAYARA DATTE MABROOM PCH 400G,400,Gram,0,1
BAY_DATTE_DEGLET_NOUR_500G,BAYARA DATTE DEGLET NOUR 500G,Fruits Sec,Nos,1,0,0,,109.95,1,1,Winners,BAYARA DATTE DEGLET NOUR 500G,500,Gram,0,1
BAY_DATTE_DEGLET_NOUR_250G,BAYARA DATTE DEGLET NOUR 250G,Fruits Sec,Nos,1,0,0,,54.95,1,1,Winners,BAYARA DATTE DEGLET NOUR 250G,250,Gram,0,1
BAY_DATTE_AJWA_ZIP_POUCH_400G,BAYARA DATTE AJWA ZIP POUCH 400G,Fruits Sec,Nos,1,0,0,,379.95,1,1,Winners,BAYARA DATTE AJWA ZIP POUCH 400G,400,Gram,0,1
BABY_FIGS_160G_SKC,BABY FIGS 160G SKC,Fruits Sec,Nos,1,0,0,,114.9,1,1,Winners,BABY FIGS 160G SKC,160,Gram,0,1
VIANDES_ET_ABATS_SURGELES,VIANDES ET ABATS SURGELES,Garnitures De P De Terre,Nos,1,0,0,,415.0,1,1,Winners,VIANDES ET ABATS SURGELES,,,0,1
WS_POTATO_CHIPS_1KG,WINNERS POTATO CHIPS 1KG,Garnitures De P De Terre,Nos,1,0,0,,259.95,1,1,Winners,WINNERS POTATO CHIPS 1KG,1,Kg,0,1
NOWACO_FRENCH_FRIES_1KG,NOWACO FRENCH FRIES 1KG,Garnitures De P De Terre,Nos,1,0,0,,9.5,1,1,Winners,NOWACO FRENCH FRIES 1KG,1,Kg,0,1
MC_CAIN_TRADITION_1080G,MC CAIN TRADITION FRIES 1080G,Garnitures De P De Terre,Nos,1,0,0,,9.5,1,1,Winners,MC CAIN TRADITION FRIES 1080G,1080,Gram,0,1
MC_CAIN_STEAK_HOUSE_1080G,MC CAIN STEAK HOUSE 1080G,Garnitures De P De Terre,Nos,1,0,0,,9.5,1,1,Winners,MC CAIN STEAK HOUSE 1080G,1080,Gram,0,1
MC_CAIN_GOLDEN_FRIES_1080G,MC CAIN GOLDEN FRIES 1080G,Garnitures De P De Terre,Nos,1,0,0,,259.95,1,1,Winners,MC CAIN GOLDEN FRIES 1080G,1080,Gram,0,1
MC_CAIN_COUNTRY_POTATOES_780G,MC CAIN COUNTRY POTATOES 780G,Garnitures De P De Terre,Nos,1,0,0,,9.5,1,1,Winners,MC CAIN COUNTRY POTATOES 780G,780,Gram,0,1
LUTOSA_FRENCH_FRIES_1KG,LUTOSA FRENCH FRIES 1KG,Garnitures De P De Terre,Nos,1,0,0,,103.0,1,1,Winners,LUTOSA FRENCH FRIES 1KG,1,Kg,0,1
LP_POMMES_RISSOLEE_1KG,LEADER PRICE POMMES RISSOLEES 1KG,Garnitures De P De Terre,Nos,1,0,0,,175.0,1,1,Winners,LEADER PRICE POMMES RISSOLEES 1KG,1,Kg,0,1
LP_FRITES_MICRO_ONDABLE_130G,LEADER PRICE FRITES MICRO ONDABLE 130G,Garnitures De P De Terre,Nos,1,0,0,,38.1,1,1,Winners,LEADER PRICE FRITES MICRO ONDABLE 130G,130,Gram,0,1
LP_FRITES_AU_FOUR_6MG_1KG,LEADER PRICE FRITES AU FOUR 1KG,Garnitures De P De Terre,Nos,1,0,0,,54.0,1,1,Winners,LEADER PRICE FRITES AU FOUR 1KG,1,Kg,0,1
LP_FRITES_25KG,LEADER PRICE FRITES 2.5KG,Garnitures De P De Terre,Nos,1,0,0,,55.95,1,1,Winners,LEADER PRICE FRITES 2.5KG,2.5,Kg,0,1
LP_DEMI_LUNE_AU_FOUR_1KG,LEADER PRICE DEMI LUNE AU FOUR 1KG,Garnitures De P De Terre,Nos,1,0,0,,26.0,1,1,Winners,LEADER PRICE DEMI LUNE AU FOUR 1KG,1,Kg,0,1
FINDUS_RPERIGORD_CREPES_600G,FINDUS POMMES PERIGORD AUX CEPES 600G,Garnitures De P De Terre,Nos,1,0,0,,220.0,1,1,Winners,FINDUS POMMES PERIGORD AUX CEPES 600G,600,Gram,0,1
FINDUS_GRENAILLE_450G,FINDUS POMMES GRENAILLE 450G,Garnitures De P De Terre,Nos,1,0,0,,16.0,1,1,Winners,FINDUS POMMES GRENAILLE 450G,450,Gram,0,1
AVIKO_SWEET_FRIES_450G,AVIKO SWEET FRIES 450G,Garnitures De P De Terre,Nos,1,0,0,,25.75,1,1,Winners,AVIKO SWEET FRIES 450G,450,Gram,0,1
AVIKO_SUPER_CRUNCH_750G,AVIKO OVEN SUPER CRUNCHY 750G,Garnitures De P De Terre,Nos,1,0,0,,26.0,1,1,Winners,AVIKO OVEN SUPER CRUNCHY 750G,750,Gram,0,1
AVIKO_SHOESTRING_FRIES_1000G,AVIKO SHOESTRING FRIES 1000G,Garnitures De P De Terre,Nos,1,0,0,,9.5,1,1,Winners,AVIKO SHOESTRING FRIES 1000G,1000,Gram,0,1
AVIKO_POMMES_FRITES_1KG,AVIKO POMMES FRITES 1KG,Garnitures De P De Terre,Nos,1,0,0,,26.0,1,1,Winners,AVIKO POMMES FRITES 1KG,1,Kg,0,1
AVIKO_CRINKLE_CUT_1KG,AVIKO CRINKLE CUT 1KG,Garnitures De P De Terre,Nos,1,0,0,,20.0,1,1,Winners,AVIKO CRINKLE CUT 1KG,1,Kg,0,1
AMERICANA_FRENCH_FRIES_1KG,AMERICANA FRENCH FRIES 1KG,Garnitures De P De Terre,Nos,1,0,0,,9.5,1,1,Winners,AMERICANA FRENCH FRIES 1KG,1,Kg,0,1
PANDAN_CHIFFON_CAKE,PANDAN CHIFFON CAKE MBAKE,Gateau Assortis,Nos,1,0,0,,37.0,1,1,Winners,PANDAN CHIFFON CAKE MBAKE,,,0,1
PANDAN_CAKE_EXQUI,PANDAN CAKE (EXQUIS),Gateau Assortis,Nos,1,0,0,,32.4,1,1,Winners,PANDAN CAKE (EXQUIS),,,0,1
MINI_TARTELETE_X_4,MINI TARTELETE X 4,Gateau Assortis,Nos,1,0,0,,16.0,1,1,Winners,MINI TARTELETE X 4,,,0,1
CO_AILLADOU_AFH_250G,CASINO AILLADOU AIL ET FINES HERBES 250G,Fromages Libre Service 2,Nos,1,0,0,,269.0,1,1,Winners,CASINO AILLADOU AIL ET FINES HERBES 250G,250,Gram,0,1
CAPRICE_DES_DIEUX_125G,CAPRICE DES DIEUX 125G,Fromages Libre Service 2,Nos,1,0,0,,215.0,1,1,Winners,CAPRICE DES DIEUX 125G,125,Gram,0,1
APERIVSAVITALI_100G,APERIVRAIS FROMAGE APERITIF SAVEURS D`ITALIE 100G,Fromages Libre Service 2,Nos,1,0,0,,224.0,1,1,Winners,APERIVRAIS FROMAGE APERITIF SAVEURS D`ITALIE 100G,100,Gram,0,1
MINI_PATISSERIE_X_6PCS,MINI PATISSERIE X 6PCS,Gateau Assortis,Nos,1,0,0,,27.4,1,1,Winners,MINI PATISSERIE X 6PCS,,,0,1
MINI_GENOISE_X_4_PCS,MINI GENOISE X 4 PCS,Gateau Assortis,Nos,1,0,0,,243.9,1,1,Winners,MINI GENOISE X 4 PCS,,,0,1
MINI_ECLAIR_CHOUX_X4,MINI ECLAIR CHOUX X4,Gateau Assortis,Nos,1,0,0,,103.0,1,1,Winners,MINI ECLAIR CHOUX X4,,,0,1
MINI_CAKE_X_4,MINI CAKE X 4,Gateau Assortis,Nos,1,0,0,,9.5,1,1,Winners,MINI CAKE X 4,,,0,1
GENOISE_VANILLE_2025PERS,GENOISE VANILLE 20-25PERSONS,Genoise,Nos,1,0,0,,579.0,1,1,Winners,GENOISE VANILLE 20-25PERSONS,,,0,1
ASSORTED_PATISSERIE_X_4PCS,ASSORTED PATISSERIE X 4PCS,Gateau Assortis,Nos,1,0,0,,64.0,1,1,Winners,ASSORTED PATISSERIE X 4PCS,,,0,1
ASSORTED_MIGNARDISE_X_9_PCS,ASSORTED MIGNARDISE X 9 PCS,Gateau Assortis,Nos,1,0,0,,9.5,1,1,Winners,ASSORTED MIGNARDISE X 9 PCS,,,0,1
ASSORTED_GENOISE_X_3_PCS,ASSORTED GENOISE X 3 PCS,Gateau Assortis,Nos,1,0,0,,79.0,1,1,Winners,ASSORTED GENOISE X 3 PCS,,,0,1
GENOISE_VANILLE_1520_PERS,GENOISE VANILLE 15-20 PERSONS,Genoise,Nos,1,0,0,,479.0,1,1,Winners,GENOISE VANILLE 15-20 PERSONS,,,0,1
GENOISE_VANILLE_1015PERS,GENOISE VANILLE 10-15PERSONS,Genoise,Nos,1,0,0,,103.0,1,1,Winners,GENOISE VANILLE 10-15PERSONS,,,0,1
GENOISE_AU_FRUIT_2025_PERS,GENOISE AU FRUIT 20-25 PERSONS,Genoise,Nos,1,0,0,,30.0,1,1,Winners,GENOISE AU FRUIT 20-25 PERSONS,,,0,1
GENOISE_AU_FRUIT_1520_PERS,GENOISE AU FRUIT 15-20 PERSONS,Genoise,Nos,1,0,0,,25.0,1,1,Winners,GENOISE AU FRUIT 15-20 PERSONS,,,0,1
GENOISE_AU_FRUIT_1015_PERS,GENOISE AU FRUIT 10-15 PERSONS,Genoise,Nos,1,0,0,,9.5,1,1,Winners,GENOISE AU FRUIT 10-15 PERSONS,,,0,1
GENOISE_AU_CHOCO_2025_PERS,GENOISE AU CHOCOLAT 20-25 PERSONS,Genoise,Nos,1,0,0,,559.0,1,1,Winners,GENOISE AU CHOCOLAT 20-25 PERSONS,,,0,1
GENOISE_AU_CHOCO_1520_PERS,GENOISE AU CHOCOLAT 15-20 PERSONS,Genoise,Nos,1,0,0,,75.0,1,1,Winners,GENOISE AU CHOCOLAT 15-20 PERSONS,,,0,1
GENOISE_AU_CHOCO_1015_PERS,GENOISE AU CHOCOLAT 10-15 PERSONS,Genoise,Nos,1,0,0,,9.5,1,1,Winners,GENOISE AU CHOCOLAT 10-15 PERSONS,,,0,1
GATEAU_TOUT_CHOCO_20_25PERS,GATEAU TOUT CHOCOLAT 20 - 25PERSONS,Genoise,Nos,1,0,0,,1109.0,1,1,Winners,GATEAU TOUT CHOCOLAT 20 - 25PERSONS,,,0,1
GATEAU_TOUT_CHOCO_15__20PERS,GATEAU TOUT CHOCOLAT 15 - 20PERSONS,Genoise,Nos,1,0,0,,799.0,1,1,Winners,GATEAU TOUT CHOCOLAT 15 - 20PERSONS,,,0,1
GATEAU_TOUT_CHOCO_10__15PERS,GATEAU TOUT CHOCOLAT 10 - 15PERSONS,Genoise,Nos,1,0,0,,76.0,1,1,Winners,GATEAU TOUT CHOCOLAT 10 - 15PERSONS,,,0,1
FORET_NOIRE_2025_PERS,FORET NOIRE 20-25 PERSONS,Genoise,Nos,1,0,0,,62.0,1,1,Winners,FORET NOIRE 20-25 PERSONS,,,0,1
GENOISE_VEGETARIEN_2025_PERS,GENOISE VEGETARIEN 20-25 PERSONS,Genoise Vegetarian,Nos,1,0,0,,1485.0,1,1,Winners,GENOISE VEGETARIEN 20-25 PERSONS,,,0,1
GENOISE_VEGETARIEN_1520_PERS,GENOISE VEGETARIEN 15-20 PERSONS,Genoise Vegetarian,Nos,1,0,0,,549.0,1,1,Winners,GENOISE VEGETARIEN 15-20 PERSONS,,,0,1
GENOISE_VEGETARIEN_1015PERS,GENOISE VEGETARIEN 10-15PERSONS,Genoise Vegetarian,Nos,1,0,0,,50.0,1,1,Winners,GENOISE VEGETARIEN 10-15PERSONS,,,0,1
CHOCOLATE_VEG_CAKE_20X20,CHOCOLATE VEGETARIEN CAKE 20X20 MBAKE,Genoise Vegetarian,Nos,1,0,0,,590.0,1,1,Winners,CHOCOLATE VEGETARIEN CAKE 20X20 MBAKE,,,0,1
DIONE_ICREAM_PREMVAN3X80ML,DIONE ICE CREAM PREMIUM VANILLA WITH GALAXY COLORED CHOCOLATE 3X80ML,Glaces,Nos,1,0,0,,9.0,1,1,Winners,DIONE ICE CREAM PREMIUM VANILLA WITH GALAXY COLORED CHOCOLATE 3X80ML,80,Millilitre,0,1
DIONE_ICREAM_PISTACHIO_4X90ML,DIONE ICE CREAM PISTACHIO WITH WHITE BELGIAN CHOCOLATE AND ALMOND 4X90ML,Glaces,Nos,1,0,0,,39.0,1,1,Winners,DIONE ICE CREAM PISTACHIO WITH WHITE BELGIAN CHOCOLATE AND ALMOND 4X90ML,90,Millilitre,0,1
DIONE_ICREAM_PVANSC475ML,DIONE ICE CREAM PREMIUM VANILLA WITH SALTED CARAMEL CARAMELIZED HAZELNUTS 475ML,Glaces,Nos,1,0,0,,350.0,1,1,Winners,DIONE ICE CREAM PREMIUM VANILLA WITH SALTED CARAMEL CARAMELIZED HAZELNUTS 475ML,475,Millilitre,0,1
DIONE_ICREAM_PCHOHCR475ML,DIONE ICE CREAM PREMIUM CHOCOLATE HAZELNUT CREAM/COCOA COOKIES 475ML,Glaces,Nos,1,0,0,,47.95,1,1,Winners,DIONE ICE CREAM PREMIUM CHOCOLATE HAZELNUT CREAM/COCOA COOKIES 475ML,475,Millilitre,0,1
DIONE_ICREAM_CARAMEL_3X90ML,DIONE ICE CREAM CARAMEL FLAVOUR WITH SALTED CARAMEL BELGIAN CHOC 3X90ML,Glaces,Nos,1,0,0,,285.0,1,1,Winners,DIONE ICE CREAM CARAMEL FLAVOUR WITH SALTED CARAMEL BELGIAN CHOC 3X90ML,90,Millilitre,0,1
DAIRYMAID_PK_BINGO_CHOC12X70ML,DAIRYMAID BINGOLAIT CHOCOLATE 12X70ML,Glaces,Nos,1,0,0,,165.59,1,1,Winners,DAIRYMAID BINGOLAIT CHOCOLATE 12X70ML,70,Millilitre,0,1
DAIRYMAID_ORANGE_MAID,DAIRYMAID ORANGE MAID 65ML,Glaces,Nos,1,0,0,,23.0,1,1,Winners,DAIRYMAID ORANGE MAID 65ML,65,Millilitre,0,1
DAIRYMAID_OLE_KING_SIZE_90ML,DAIRYMAID OLE KING SIZE 90ML,Glaces,Nos,1,0,0,,230.0,1,1,Winners,DAIRYMAID OLE KING SIZE 90ML,90,Millilitre,0,1
DAIRYMAID_MASTER_TEE_65ML,DAIRYMAID MASTER TEE 65ML,Glaces,Nos,1,0,0,,230.0,1,1,Winners,DAIRYMAID MASTER TEE 65ML,65,Millilitre,0,1
DAIRYMAID_MAGIC_CONE_4_X_100G,DAIRYMAID MAGIC CONES 4 X 100G,Glaces,Nos,1,0,0,,99.0,1,1,Winners,DAIRYMAID MAGIC CONES 4 X 100G,100,Gram,0,1
DAIRYMAID_KING_CONE_CHOC_110ML,DAIRYMAID KING CONE CHOCOLAT 110ML,Glaces,Nos,1,0,0,,90.0,1,1,Winners,DAIRYMAID KING CONE CHOCOLAT 110ML,110,Millilitre,0,1
DAIRYMAID_K_CONE_VAN_110ML,DAIRYMAID KING CONE VANILLA 110ML,Glaces,Nos,1,0,0,,32.4,1,1,Winners,DAIRYMAID KING CONE VANILLA 110ML,110,Millilitre,0,1
DAIRYMAID_ID_VAN_NOIS_18L,DAIRYMAID ICE DREAM VANILLE NOISETTE 1.8L,Glaces,Nos,1,0,0,,99.0,1,1,Winners,DAIRYMAID ICE DREAM VANILLE NOISETTE 1.8L,1.8,Litre,0,1
DAIRYMAID_ID_PISTACHIO_18L,DAIRYMAID ICE DREAM PISTACHIO 1.8L,Glaces,Nos,1,0,0,,120.07,1,1,Winners,DAIRYMAID ICE DREAM PISTACHIO 1.8L,1.8,Litre,0,1
DAIRYMAID_ID_MAST_TEE_18L,DAIRYMAID ICE DREAM MASTER TEE 1.8L,Glaces,Nos,1,0,0,,62.5,1,1,Winners,DAIRYMAID ICE DREAM MASTER TEE 1.8L,1.8,Litre,0,1
DAIRYMAID_ID_KULFI_18L,DAIRYMAID ICE DREAM KULFI 1.8L,Glaces,Nos,1,0,0,,99.0,1,1,Winners,DAIRYMAID ICE DREAM KULFI 1.8L,1.8,Litre,0,1
DAIRYMAID_ID_CHBROWNIE_18L,DAIRYMAID ICE DREAM CHOCOLATE BROWNIE 1.8L,Glaces,Nos,1,0,0,,73.0,1,1,Winners,DAIRYMAID ICE DREAM CHOCOLATE BROWNIE 1.8L,1.8,Litre,0,1
DAIRYMAID_ID_BBERRY_CHE_18L,DAIRYMAID ICE DREAM BLUEBERRY CHEESECAKE 1.8L,Glaces,Nos,1,0,0,,339.5,1,1,Winners,DAIRYMAID ICE DREAM BLUEBERRY CHEESECAKE 1.8L,1.8,Litre,0,1
DAIRYMAID_CHOCSTICK_70ML,DAIRYMAID CHOCSTICK 70ML,Glaces,Nos,1,0,0,,12.0,1,1,Winners,DAIRYMAID CHOCSTICK 70ML,70,Millilitre,0,1
CADBURY_CARAMEL_PINT_480ML,CADBURY CARAMEL PINT 480ML,Glaces,Nos,1,0,0,,258.0,1,1,Winners,CADBURY CARAMEL PINT 480ML,480,Millilitre,0,1
BOUNTY_ICREAM_INCLUSION_X6,BOUNTY ICE CREAM INCLUSION X6 234.6G,Glaces,Nos,1,0,0,,9.5,1,1,Winners,BOUNTY ICE CREAM INCLUSION X6 234.6G,234.6,Gram,0,1
BJ_COOKIES_DOUGH_100ML,BEN & JERRY COOKIES DOUGH 100ML,Glaces,Nos,1,0,0,,18.0,1,1,Winners,BEN & JERRY COOKIES DOUGH 100ML,100,Millilitre,0,1
BJ_COOKIE_DOUGH_465ML,BEN & JERRY COOKIE DOUGH 465ML,Glaces,Nos,1,0,0,,12.25,1,1,Winners,BEN & JERRY COOKIE DOUGH 465ML,465,Millilitre,0,1
BJ_CHOCO_FUDGE_BR_465ML,BEN & JERRY CHOCOLATE FUDGE BROWNIE 465ML,Glaces,Nos,1,0,0,,9.5,1,1,Winners,BEN & JERRY CHOCOLATE FUDGE BROWNIE 465ML,465,Millilitre,0,1
BJ_CHOCO_BROWN_100ML,BEN & JERRY CHOCOLATE BROWNIE 100ML,Glaces,Nos,1,0,0,,62.5,1,1,Winners,BEN & JERRY CHOCOLATE BROWNIE 100ML,100,Millilitre,0,1
TWOOD_HAIR_STRAIGHTENER_TFL031,TECHWOOD HAIR STRAIGHTENER TFL031,Hygiene Beaute,Nos,1,0,0,,925.0,1,1,Winners,TECHWOOD HAIR STRAIGHTENER TFL031,,,0,1
RW_FOREVER_SHARP_HAIR_CLIPPER,ROWENTA FOREVER SHARP HAIR CLIPPER,Hygiene Beaute,Nos,1,0,0,,2990.0,1,1,Winners,ROWENTA FOREVER SHARP HAIR CLIPPER,,,0,1
FORET_NOIRE_1520_PER,FORET NOIRE 15-20 PERSONS,Genoise,Nos,1,0,0,,10.0,1,1,Winners,FORET NOIRE 15-20 PERSONS,,,0,1
FORET_NOIRE_10_15_PERS,FORET NOIRE 10 -15 PERSONS,Genoise,Nos,1,0,0,,103.0,1,1,Winners,FORET NOIRE 10 -15 PERSONS,,,0,1
CHOCOLAT_SPLASH_SPONGE_CAKE,CHOCOLATE SPLASH SPONGE CAKE,Genoise,Nos,1,0,0,,50.0,1,1,Winners,CHOCOLATE SPLASH SPONGE CAKE,,,0,1
PRO_AIR_2200_DRYER_2200W_D5210,REMINGTON PRO AIR 2200 DRYER 2200W D5210,Hygiene Beaute,Nos,1,0,0,,2349.0,1,1,Winners,REMINGTON PRO AIR 2200 DRYER 2200W D5210,,,0,1
POWER_DRY_2000_HAIRDRYER_D3010,REMINGTON POWER DRY 2000W H DRYER D3010,Hygiene Beaute,Nos,1,0,0,,2149.0,1,1,Winners,REMINGTON POWER DRY 2000W H DRYER D3010,,,0,1
HYDRALUXE_HAIRDRYER_AC8901,REMINGTON HYDRALUXE HAIRDRYER AC8901,Hygiene Beaute,Nos,1,0,0,,3890.0,1,1,Winners,REMINGTON HYDRALUXE HAIRDRYER AC8901,,,0,1
GRAPHITE_SERIES_GROOMER_PG2000,REMINGTON GRAPHITE SERIES PERSONAL GROOMER PG2000,Hygiene Beaute,Nos,1,0,0,,2299.0,1,1,Winners,REMINGTON GRAPHITE SERIES PERSONAL GROOMER PG2000,,,0,1
ALWAYS_DUO_PK_MAXI_FRESH_X16,ALWAYS MAXI THICK LONG X16,Hygiene Papier,Nos,1,0,0,,33.84,1,1,Winners,ALWAYS MAXI THICK LONG X16,,,0,1
ALWAYS_MAXI_SUPER_PLUS_X_9_T3,ALWAYS MAXI THICK EXTRA LONG X7,Hygiene Papier,Nos,1,0,0,,9.5,1,1,Winners,ALWAYS MAXI THICK EXTRA LONG X7,,,0,1
ALWAYS_MAXI_EXTRA_LONG_X8,ALWAYS MAXI THICK NIGHT X 8,Hygiene Papier,Nos,1,0,0,,220.0,1,1,Winners,ALWAYS MAXI THICK NIGHT X 8,,,0,1
ALWAYS_ALLDAY_LINERS_SINGLEX16,ALWAYS LINERS LARGE SINGLE PACK X16,Hygiene Papier,Nos,1,0,0,,39.0,1,1,Winners,ALWAYS LINERS LARGE SINGLE PACK X16,,,0,1
ALWAYS_DI_PAD_M4_LNG_PLUS_X16,ALWAYS DISCREET PADS M4 LONG PLUS X16,Hygiene Papier,Nos,1,0,0,,60.0,1,1,Winners,ALWAYS DISCREET PADS M4 LONG PLUS X16,4,Litre,0,1
ALWAYS_DISC_MEDIUM_X9_CULOTTES,ALWAYS DISCREET MEDIUM X10 CULOTTE,Hygiene Papier,Nos,1,0,0,,49.0,1,1,Winners,ALWAYS DISCREET MEDIUM X10 CULOTTE,,,0,1
ALWAYS_DISCREET_LINER_28,ALWAYS DISCREET LINER 28,Hygiene Papier,Nos,1,0,0,,24.0,1,1,Winners,ALWAYS DISCREET LINER 28,,,0,1
ALWAYS_DISC_LARGEX10_CULOTTES,ALWAYS DISCREET LARGE X10 CULOTTES,Hygiene Papier,Nos,1,0,0,,27.4,1,1,Winners,ALWAYS DISCREET LARGE X10 CULOTTES,,,0,1
ALTESSE_PREMIUM_2_PLY_6_ROLLS,ALTESSE PREMIUM 2 PLY 6 ROLLS,Hygiene Papier,Nos,1,0,0,,9.5,1,1,Winners,ALTESSE PREMIUM 2 PLY 6 ROLLS,,,0,1
ALTESSE_PREMIUM_F_PK_2PLY_24_R,ALTESSE PREMIUM 2 PLY 24 ROLLS,Hygiene Papier,Nos,1,0,0,,14.0,1,1,Winners,ALTESSE PREMIUM 2 PLY 24 ROLLS,,,0,1
ALTESSE__LUXIA_3_PLY_9_ROLLS,ALTESSE LUXIA 3 PLY 9 ROLLS,Hygiene Papier,Nos,1,0,0,,24.0,1,1,Winners,ALTESSE LUXIA 3 PLY 9 ROLLS,,,0,1
ALTESSE_KITCHEN_TOWEL_LUXIA_X2,ALTESSE KITCHEN TOWEL LUXIA 2 ROLLS,Hygiene Papier,Nos,1,0,0,,20.0,1,1,Winners,ALTESSE KITCHEN TOWEL LUXIA 2 ROLLS,,,0,1
ALTES_KITCHEN_TOWEL_COMPACT_X2,ALTESSE KITCHEN TOWEL COMPACT 2 ROLLS,Hygiene Papier,Nos,1,0,0,,14.5,1,1,Winners,ALTESSE KITCHEN TOWEL COMPACT 2 ROLLS,,,0,1
ALTESSE_FACIAL_3PLY_70_SHEETS,ALTESSE FACIAL FORMAT CUBE 70 SHEETS 3 PLY,Hygiene Papier,Nos,1,0,0,,47.5,1,1,Winners,ALTESSE FACIAL FORMAT CUBE 70 SHEETS 3 PLY,,,0,1
ALTESSE_FACIAL_2PLY_200_SHEETS,ALTESSE FACIAL 200 SHEETS 2 PLY,Hygiene Papier,Nos,1,0,0,,25.0,1,1,Winners,ALTESSE FACIAL 200 SHEETS 2 PLY,,,0,1
ALTESSE_FACIAL_2PLY_100_SHEETS,ALTESSE FACIAL 100 SHEETS 2 PLY,Hygiene Papier,Nos,1,0,0,,220.0,1,1,Winners,ALTESSE FACIAL 100 SHEETS 2 PLY,,,0,1
ALTESSE_COMPACT_2_PLY_6_ROLLS,ALTESSE 2 PLY COMPACT 6 ROLLS,Hygiene Papier,Nos,1,0,0,,24.0,1,1,Winners,ALTESSE 2 PLY COMPACT 6 ROLLS,,,0,1
AIWIBI_BABY_DIAPERS_SM_60,AIWIBI BABY DIAPERS SMALL 60,Hygiene Papier,Nos,1,0,0,,12.0,1,1,Winners,AIWIBI BABY DIAPERS SMALL 60,,,0,1
AIWIBI_BABY_DIAPERS_M_54,AIWIBI BABY DIAPERS MEDIUM 54,Hygiene Papier,Nos,1,0,0,,74.5,1,1,Winners,AIWIBI BABY DIAPERS MEDIUM 54,,,0,1
ECLAT_BRILL_STRAIGHTENER_S6308,REMINGTON ECLAT BRILLANCE STRAIGHTENER S6308,Hygiene Beaute,Nos,1,0,0,,2849.0,1,1,Winners,REMINGTON ECLAT BRILLANCE STRAIGHTENER S6308,,,0,1
COCONUT_SMOOTH_WAND_CI5901,REMINGTON COCONUT SMOOTH WAND CI5901,Hygiene Beaute,Nos,1,0,0,,2349.0,1,1,Winners,REMINGTON COCONUT SMOOTH WAND CI5901,,,0,1
PHILIPS_THERMOPRO_STRAIGHTENER,PHILIPS THERMOPRO STRAIGHTENER,Hygiene Beaute,Nos,1,0,0,,0.0,1,1,Winners,PHILIPS THERMOPRO STRAIGHTENER,,,0,1
AIWIBI_BABY_DIAPERS_L_48,BABY DIAPERS SIZE LARGE 48,Hygiene Papier,Nos,1,0,0,,115.0,1,1,Winners,BABY DIAPERS SIZE LARGE 48,,,0,1
AAB_BABY_WIPES_X_150,AAB BABY WIPES X 150,Hygiene Papier,Nos,1,0,0,,75.0,1,1,Winners,AAB BABY WIPES X 150,,,0,1
AAB_ADULT_DIAPERS_XXL_X10,AAB ADULT DIAPERS XXL X 10,Hygiene Papier,Nos,1,0,0,,22.0,1,1,Winners,AAB ADULT DIAPERS XXL X 10,,,0,1
ADIDAS_GD_AFTER_SPORT_M_250ML,ADIDAS GEL DOUCHE AFTER SPORT MEN 250ML,Hygiene Parfumerie,Nos,1,0,0,,26.0,1,1,Winners,ADIDAS GEL DOUCHE AFTER SPORT MEN 250ML,250,Millilitre,0,1
ADIDAS_GD_ACTIVE_START_M_250ML,ADIDAS GEL DOUCHE ACTIVE START MEN 250ML,Hygiene Parfumerie,Nos,1,0,0,,26.0,1,1,Winners,ADIDAS GEL DOUCHE ACTIVE START MEN 250ML,250,Millilitre,0,1
ADIDAS_EDT_DYNA_PULSE_M_100ML,ADIDAS EDT DYNA PULSE M 100ML,Hygiene Parfumerie,Nos,1,0,0,,30.65,1,1,Winners,ADIDAS EDT DYNA PULSE M 100ML,100,Millilitre,0,1
ADIDAS_DEO_H_DYNAMIC_PUL_150ML,ADIDAS HOMME DYNAMIC PULSE DEODORANT SPRAY 150ML,Hygiene Parfumerie,Nos,1,0,0,,234.01,1,1,Winners,ADIDAS HOMME DYNAMIC PULSE DEODORANT SPRAY 150ML,150,Millilitre,0,1
ADIDAS_DEO_AFTER_SPORT_M_150ML,ADIDAS DEODORANTS AFTER SPORT MEN 150ML,Hygiene Parfumerie,Nos,1,0,0,,9.5,1,1,Winners,ADIDAS DEODORANTS AFTER SPORT MEN 150ML,150,Millilitre,0,1
ADIDAS_VICTORY_LEAGUE_M_150ML,ADIDAS DEODORANT VICTORY LEAGUE HOMME 150ML,Hygiene Parfumerie,Nos,1,0,0,,9.5,1,1,Winners,ADIDAS DEODORANT VICTORY LEAGUE HOMME 150ML,150,Millilitre,0,1
AAB_ADULT_DIAPERS_X_LARGE_X10,AAB ADULT DIAPERS XTRA LARGE X 10,Hygiene Papier,Nos,1,0,0,,159.0,1,1,Winners,AAB ADULT DIAPERS XTRA LARGE X 10,,,0,1
AAB_ADULT_DIAPERS_MEDIUM_X_10,AAB ADULT DIAPERS MEDIUM X 10,Hygiene Papier,Nos,1,0,0,,169.84,1,1,Winners,AAB ADULT DIAPERS MEDIUM X 10,,,0,1
AAB_ADULT_DIAPERS_LARGE_X_10,AAB ADULT DIAPERS LARGE X 10,Hygiene Papier,Nos,1,0,0,,101.75,1,1,Winners,AAB ADULT DIAPERS LARGE X 10,,,0,1
ADIDAS_BODY_TEAM_FORC_M_150ML,ADIDAS DEODORANT TEAM FORCE HOMME 150ML,Hygiene Parfumerie,Nos,1,0,0,,12.0,1,1,Winners,ADIDAS DEODORANT TEAM FORCE HOMME 150ML,150,Millilitre,0,1
ADIDAS_BODY_PURE_GAME_M_150ML,ADIDAS BODY PURE GAME M 150ML,Hygiene Parfumerie,Nos,1,0,0,,99.0,1,1,Winners,ADIDAS BODY PURE GAME M 150ML,150,Millilitre,0,1
ADIDAS_DEO_H_ICE_DIVE_150ML,ADIDAS HOMME ICE DIVE DEODORANT SPRAY 150ML,Hygiene Parfumerie,Nos,1,0,0,,9.5,1,1,Winners,ADIDAS HOMME ICE DIVE DEODORANT SPRAY 150ML,150,Millilitre,0,1
ADIDAS_BILLE_PRO_INVIS_W_50ML,ADIDAS BILLE ROLL ON PRO INVISIBLE WOMAN 50ML,Hygiene Parfumerie,Nos,1,0,0,,9.5,1,1,Winners,ADIDAS BILLE ROLL ON PRO INVISIBLE WOMAN 50ML,50,Millilitre,0,1
ADIDAS_BILLE_POWR_BOOST_W_50ML,ADIDAS BILLE ROLL ON POWER BOOSTER WOMAN 50ML,Hygiene Parfumerie,Nos,1,0,0,,10.0,1,1,Winners,ADIDAS BILLE ROLL ON POWER BOOSTER WOMAN 50ML,50,Millilitre,0,1
ADIDAS_APERS_C_D_FRES_M_150ML,ADIDAS ANTI PERSPIRANT C D FRES M 150ML,Hygiene Parfumerie,Nos,1,0,0,,180.0,1,1,Winners,ADIDAS ANTI PERSPIRANT C D FRES M 150ML,150,Millilitre,0,1
ADIDAS_DEO_POW_BOOSTER_M_150ML,ADIDAS ANTI PERSPIRANT DEODORANTS POWER BOOSTER MEN 150ML,Hygiene Parfumerie,Nos,1,0,0,,82.5,1,1,Winners,ADIDAS ANTI PERSPIRANT DEODORANTS POWER BOOSTER MEN 150ML,150,Millilitre,0,1
ADIDAS_DEO_ENDURANCE_M_150ML,ADIDAS ANTI PERSPIRANT DEODORANTS FRESH ENDURANCE MEN 150ML,Hygiene Parfumerie,Nos,1,0,0,,60.0,1,1,Winners,ADIDAS ANTI PERSPIRANT DEODORANTS FRESH ENDURANCE MEN 150ML,150,Millilitre,0,1
ADIDAS_DEO_FEM_CLIMACOOL_150ML,ADIDAS DEO FEM ENDURANCE 150ML,Hygiene Parfumerie,Nos,1,0,0,,99.0,1,1,Winners,ADIDAS DEO FEM ENDURANCE 150ML,150,Millilitre,0,1
ACTIVE_MOUTHRINS_SOFT_M_750ML,ACTIVE ORAL CARE MOUTHRINSE SOFT MINT 750ML,Hygiene Parfumerie,Nos,1,0,0,,126.0,1,1,Winners,ACTIVE ORAL CARE MOUTHRINSE SOFT MINT 750ML,750,Millilitre,0,1
ACTIVE_MOUTHRINS_GREEN_M_750ML,ACTIVE ORAL CARE MOUTHRINSE GREEN MINT 750ML,Hygiene Parfumerie,Nos,1,0,0,,5.2,1,1,Winners,ACTIVE ORAL CARE MOUTHRINSE GREEN MINT 750ML,750,Millilitre,0,1
365_JRS_EDC_500ML_NATURELLE,365 JRS EAU DE COLOGNE NATURELLE 500ML,Hygiene Parfumerie,Nos,1,0,0,,15.0,1,1,Winners,365 JRS EAU DE COLOGNE NATURELLE 500ML,500,Millilitre,0,1
365_JRS_EDC_250ML_NATURELLE,365 JRS EAU DE COLOGNE NATURELLE 250ML,Hygiene Parfumerie,Nos,1,0,0,,140.0,1,1,Winners,365 JRS EAU DE COLOGNE NATURELLE 250ML,250,Millilitre,0,1
365_JRS_EDC_250ML_NATURELL_SPR,365 JRS EAU DE COLOGNE NATURELLE SPRAY 250ML,Hygiene Parfumerie,Nos,1,0,0,,47.95,1,1,Winners,365 JRS EAU DE COLOGNE NATURELLE SPRAY 250ML,250,Millilitre,0,1
365_JRS_EDC_125ML_NATURELLE,365 JRS EAU DE COLOGNE NATURELLE 125ML,Hygiene Parfumerie,Nos,1,0,0,,9.5,1,1,Winners,365 JRS EAU DE COLOGNE NATURELLE 125ML,125,Millilitre,0,1
365_JRS_EDC_100ML_NATURELL_SPR,365 JRS EAU DE COLOGNE NATURELLE SPRAY 100ML,Hygiene Parfumerie,Nos,1,0,0,,230.0,1,1,Winners,365 JRS EAU DE COLOGNE NATURELLE SPRAY 100ML,100,Millilitre,0,1
PREMIUM_CAR_WASH_1_82LTS,ABRO PREMIUM CAR WASH 1 82LTS,Interior Car,Nos,1,0,0,,385.0,1,1,Winners,ABRO PREMIUM CAR WASH 1 82LTS,82,Litre,0,1
ABRO_D_BOARD_POLISH_VANILLA,ABRO MASTERS DASHBOARD POLISH VANILLA 220ML,Interior Car,Nos,1,0,0,,155.0,1,1,Winners,ABRO MASTERS DASHBOARD POLISH VANILLA 220ML,220,Millilitre,0,1
ABRO_D_BOARD_POLISH_STRAWBERRY,ABRO MASTERS DASHBOARD POLISH STRAWBERRY 220ML,Interior Car,Nos,1,0,0,,155.0,1,1,Winners,ABRO MASTERS DASHBOARD POLISH STRAWBERRY 220ML,220,Millilitre,0,1
ABRO_CLEAN_ALL_FOAM_CLEANER_LI,ABRO MASTERS AUTO CLEAN ALL FOAM CLEANER LIME,Interior Car,Nos,1,0,0,,170.0,1,1,Winners,ABRO MASTERS AUTO CLEAN ALL FOAM CLEANER LIME,,,0,1
ABRO_PREM_CAR_WASH_32OZ,ABRO M PREMIUM CAR WASH 32 OZ CW 990 AM 32,Interior Car,Nos,1,0,0,,238.0,1,1,Winners,ABRO M PREMIUM CAR WASH 32 OZ CW 990 AM 32,,,0,1
ABRO_PREM_LIW_WAX_473ML,ABRO LIQUID WAX PREMIUM 473ML,Interior Car,Nos,1,0,0,,305.0,1,1,Winners,ABRO LIQUID WAX PREMIUM 473ML,473,Millilitre,0,1
ABRO_LEMON_PROTECT_ALL_10_OZ,ABRO LEMON PROTECT ALL 10 OZ,Interior Car,Nos,1,0,0,,255.0,1,1,Winners,ABRO LEMON PROTECT ALL 10 OZ,,,0,1
LEATHER__VINYL_CLEANER,ABRO LEATHER VINYL CLEANER,Interior Car,Nos,1,0,0,,290.0,1,1,Winners,ABRO LEATHER VINYL CLEANER,,,0,1
HEADLIGHT_RESTORATION_POLISH,ABRO HEADLIGHT RESTORATION POLISH,Interior Car,Nos,1,0,0,,180.0,1,1,Winners,ABRO HEADLIGHT RESTORATION POLISH,,,0,1
ABRO_GLASS_CLEANER_PUMP_SPRAY,ABRO GLASS CLEANER PUMP SPRAY,Interior Car,Nos,1,0,0,,192.0,1,1,Winners,ABRO GLASS CLEANER PUMP SPRAY,,,0,1
ABRO_FOAMING_TIRE_CLEANER,ABRO FOAMING TIRE CLEANER,Interior Car,Nos,1,0,0,,235.0,1,1,Winners,ABRO FOAMING TIRE CLEANER,,,0,1
ABRO_DASHBOARD_POLISH_4_REFS,ABRO DASH BOARD POLISH 4 REFS,Interior Car,Nos,1,0,0,,155.0,1,1,Winners,ABRO DASH BOARD POLISH 4 REFS,,,0,1
ABRO_DASH_BOARD_POLISH_LEMON,ABRO DASH BOARD POLISH LEMON,Interior Car,Nos,1,0,0,,155.0,1,1,Winners,ABRO DASH BOARD POLISH LEMON,,,0,1
ABRO_CLEANING_CLOTH,ABRO CLEANING TOWEL,Interior Car,Nos,1,0,0,,65.0,1,1,Winners,ABRO CLEANING TOWEL,,,0,1
ABRO_CHAMOIS_CLOTH_S17X13P,ABRO CHAMOIS CLOTH SMALL 17PX13P,Interior Car,Nos,1,0,0,,150.0,1,1,Winners,ABRO CHAMOIS CLOTH SMALL 17PX13P,,,0,1
ABRO_CHAMOIS_CLOTH_LARGE,ABRO CHAMOIS CLOTH LARGE 17PX 27P,Interior Car,Nos,1,0,0,,65.0,1,1,Winners,ABRO CHAMOIS CLOTH LARGE 17PX 27P,,,0,1
ABRO_CAR_WAX_SILICONIZED,ABRO CAR WAX SILICONIZED,Interior Car,Nos,1,0,0,,235.0,1,1,Winners,ABRO CAR WAX SILICONIZED,,,0,1
ABRO_AIRFRESHNER_SINGLE_8REF,ABRO AIRFRESHNER SINGLE 8REF,Interior Car,Nos,1,0,0,,16.0,1,1,Winners,ABRO AIRFRESHNER SINGLE 8REF,,,0,1
ARMAR_ALL_WHEEL_TIRE_CLEANER,AA WHEEL TIRE CLEANER 500ML,Interior Car,Nos,1,0,0,,399.0,1,1,Winners,AA WHEEL TIRE CLEANER 500ML,500,Millilitre,0,1
ARMAR_ALL_SPEED_WAX_500_ML,AA SPEED WAX 500ML,Interior Car,Nos,1,0,0,,371.0,1,1,Winners,AA SPEED WAX 500ML,500,Millilitre,0,1
ARMAR_ALL_SHIELD_TIRE_GLAZE_50,AA SHIELD TIRE GLAZE 500ML,Interior Car,Nos,1,0,0,,329.0,1,1,Winners,AA SHIELD TIRE GLAZE 500ML,500,Millilitre,0,1
ARMAR_ALL_PROTECTANT_GLOSS__FI,AA PROTECTANT GLOSS FINISH 300ML,Interior Car,Nos,1,0,0,,225.0,1,1,Winners,AA PROTECTANT GLOSS FINISH 300ML,300,Millilitre,0,1
ARMAR_ALL_COCKPIT_SHINE_NEW_CA,AA COCKPIT SHINE NEW CAR 500ML,Interior Car,Nos,1,0,0,,232.0,1,1,Winners,AA COCKPIT SHINE NEW CAR 500ML,500,Millilitre,0,1
ARMAR_ALL_COCKPIT_SHINE_LEMON,AA COCKPIT SHINE LEMON FRESH 500ML,Interior Car,Nos,1,0,0,,232.0,1,1,Winners,AA COCKPIT SHINE LEMON FRESH 500ML,500,Millilitre,0,1
SHI_MICROFIBRE_GRSE_CLOTHS_10P,SHIELD MICROFIBRE ALL PURPOSE CLOTHS 10 PKS,Interior Car,Nos,1,0,0,,0.0,1,1,Winners,SHIELD MICROFIBRE ALL PURPOSE CLOTHS 10 PKS,,,0,1
365_JOURS_ASHAVE_100ML_MUSK,365 JOURS AFTER SHAVE MUSK 100ML,Hygiene Parfumerie,Nos,1,0,0,,9.5,1,1,Winners,365 JOURS AFTER SHAVE MUSK 100ML,100,Millilitre,0,1
365_JOURS_AP_RAS_100ML_TABAC,365 JOURS APRES RASAGE TABAC 100ML,Hygiene Parfumerie,Nos,1,0,0,,63.5,1,1,Winners,365 JOURS APRES RASAGE TABAC 100ML,100,Millilitre,0,1
365_JOURS_AP_RAS_100ML_LAVEND,365 JOURS APRES RASAGE LAVENDER 100ML,Hygiene Parfumerie,Nos,1,0,0,,16.0,1,1,Winners,365 JOURS APRES RASAGE LAVENDER 100ML,100,Millilitre,0,1
ESPUNA_CHORIZO_DOUX_200G,ESPUNA CHORIZO DOUX 200G,Jambon Scisson Sec,Nos,1,0,0,,46.0,1,1,Winners,ESPUNA CHORIZO DOUX 200G,200,Gram,0,1
ESPUNA_CANITAS_X6_F_DOLOT60G,ESPUNA CANITAS X6 F DOLOT 60G,Jambon Scisson Sec,Nos,1,0,0,,101.9,1,1,Winners,ESPUNA CANITAS X6 F DOLOT 60G,60,Gram,0,1
ELPOZO_TAPAS_MJAMBON_SAU120G,ELPOZO TAPAS JAMBON SERRANO/CHORIZO/SAUCISSON 120G,Jambon Scisson Sec,Nos,1,0,0,,246.0,1,1,Winners,ELPOZO TAPAS JAMBON SERRANO/CHORIZO/SAUCISSON 120G,120,Gram,0,1
ELPOZO_SAUCISSON_EXTRA_80G,ELPOZO SAUCISSON EXTRA 80G,Jambon Scisson Sec,Nos,1,0,0,,9.5,1,1,Winners,ELPOZO SAUCISSON EXTRA 80G,80,Gram,0,1
ELPOZO_FUETEC_IBERIQUE_150G,ELPOZO FUETEC IBERIQUE 150G,Jambon Scisson Sec,Nos,1,0,0,,49.5,1,1,Winners,ELPOZO FUETEC IBERIQUE 150G,150,Gram,0,1
ELPOZO_FUETEC_170G,ELPOZO FUETEC 170G,Jambon Scisson Sec,Nos,1,0,0,,9.5,1,1,Winners,ELPOZO FUETEC 170G,170,Gram,0,1
ELPOZO_FOUET_CASERO_170G,ELPOZO FOUET CASERO 170G,Jambon Scisson Sec,Nos,1,0,0,,174.0,1,1,Winners,ELPOZO FOUET CASERO 170G,170,Gram,0,1
ELPOZO_CHORIZO_SENTFORT_200G,ELPOZO CHORIZO FORT 200G,Jambon Scisson Sec,Nos,1,0,0,,126.0,1,1,Winners,ELPOZO CHORIZO FORT 200G,200,Gram,0,1
ELPOZO_CHORIZO_SENTDOUX_200G,ELPOZO CHORIZO DOUX 200G,Jambon Scisson Sec,Nos,1,0,0,,210.0,1,1,Winners,ELPOZO CHORIZO DOUX 200G,200,Gram,0,1
EL_POZO_FUETEC_TRUFFE_150G,EL POZO FUETEC TRUFFE 150G,Jambon Scisson Sec,Nos,1,0,0,,23.5,1,1,Winners,EL POZO FUETEC TRUFFE 150G,150,Gram,0,1
EL_POZO_FUETEC_MEDITERR150G,SAUCISSON SEC FUETEC M?ITERRAN?N ELPOZO 150G,Jambon Scisson Sec,Nos,1,0,0,,25.0,1,1,Winners,SAUCISSON SEC FUETEC M?ITERRAN?N ELPOZO 150G,150,Gram,0,1
CITTERIO_BASTONCINI_SPICY_60G,CITTERIO BASTONCINI SPICY 60G,Jambon Scisson Sec,Nos,1,0,0,,187.5,1,1,Winners,CITTERIO BASTONCINI SPICY 60G,60,Gram,0,1
CITTERIO_BASTONCINI_SALAME_80G,CITTERIO BASTONCINI SALAME 80G,Jambon Scisson Sec,Nos,1,0,0,,282.0,1,1,Winners,CITTERIO BASTONCINI SALAME 80G,80,Gram,0,1
CIDF_SAUCISSE_CHINOISE_TRADFR,CHARCUTERIE ILE DE FRANCE SAUCISSE CHINOISE TRADITION FRAIS,Jambon Scisson Sec,Nos,1,0,0,,650.0,1,1,Winners,CHARCUTERIE ILE DE FRANCE SAUCISSE CHINOISE TRADITION FRAIS,,,0,1
BERE_SAUCISSON_CACCIATORE_150G,BERE SAUCISSON CACCIATORE 150G,Jambon Scisson Sec,Nos,1,0,0,,248.0,1,1,Winners,BERE SAUCISSON CACCIATORE 150G,150,Gram,0,1
BERE_SALAMINI_SNACK_CLASS_85G,BERE SALAMINI SNACK CLASS 85G,Jambon Scisson Sec,Nos,1,0,0,,136.0,1,1,Winners,BERE SALAMINI SNACK CLASS 85G,85,Gram,0,1
AUVERNOU_MINI_SNACK_PIM_75G,AUVERNOU MINI SNACK PIMENT 75G,Jambon Scisson Sec,Nos,1,0,0,,116.0,1,1,Winners,AUVERNOU MINI SNACK PIMENT 75G,75,Gram,0,1
AOSTE_SAUCISSON_GAUL_250G,AOSTE SAUCISSON GAULE 250G,Jambon Scisson Sec,Nos,1,0,0,,18.8,1,1,Winners,AOSTE SAUCISSON GAULE 250G,250,Gram,0,1
SAUCISSON_SEC_PUR_PORC_200G,LE GALIBIER SAUCISSON SEC PUR PORC 200G,Jambon Scisson Sec,Nos,1,0,0,,309.0,1,1,Winners,LE GALIBIER SAUCISSON SEC PUR PORC 200G,200,Gram,0,1
ESPUNA_SAUCMONT_KICO_100G,ESPUNA SAUCISSON MONT KICO 100G,Jambon Scisson Sec,Nos,1,0,0,,79.0,1,1,Winners,ESPUNA SAUCISSON MONT KICO 100G,100,Gram,0,1
CO_MINI_BAT_SCISSON_SEC_100G,CASINO STICKS DE SAUCISSON SEC 100G,Jambon Scisson Sec,Nos,1,0,0,,179.0,1,1,Winners,CASINO STICKS DE SAUCISSON SEC 100G,100,Gram,0,1
CO_SAUCISSE_DROITE_250G,CASINO SAUCISSE DROITE 250G,Jambon Scisson Sec,Nos,1,0,0,,250.0,1,1,Winners,CASINO SAUCISSE DROITE 250G,250,Gram,0,1
NOTIX_SHAMPOO,NOTIX SHAMPOO,Jardinerie,Nos,1,0,0,,330.0,1,1,Winners,NOTIX SHAMPOO,,,0,1
NOTIX_POWDER,NOTIX POWDER,Jardinerie,Nos,1,0,0,,327.0,1,1,Winners,NOTIX POWDER,,,0,1
MULTI_VS_RABBITS_RODDENT_50ML,MULTI VITS RABBITS RODDENT 50ML,Jardinerie,Nos,1,0,0,,355.0,1,1,Winners,MULTI VITS RABBITS RODDENT 50ML,50,Millilitre,0,1
MULTI_V_PARROT_N_PARAKEET_20ML,MULTI VIT PARROTS N PARAKEET 20ML,Jardinerie,Nos,1,0,0,,235.0,1,1,Winners,MULTI VIT PARROTS N PARAKEET 20ML,20,Millilitre,0,1
LACTOL_PUPPY_MILK,LACTOL PUPPY MILK,Jardinerie,Nos,1,0,0,,540.0,1,1,Winners,LACTOL PUPPY MILK,,,0,1
LACTOL_KITEN_MILK,LACTOL KITEN MILK,Jardinerie,Nos,1,0,0,,540.0,1,1,Winners,LACTOL KITEN MILK,,,0,1
FRONTLINE_DOG_XL_40_T_60KG,FRONTLINE DOG X LARGE 40 T 60KG 1 PIPETTES,Jardinerie,Nos,1,0,0,,570.0,1,1,Winners,FRONTLINE DOG X LARGE 40 T 60KG 1 PIPETTES,60,Kg,0,1
FRONTLINE_CAT_PIPETTES,FRONTLINE CAT PIPETTES,Jardinerie,Nos,1,0,0,,485.0,1,1,Winners,FRONTLINE CAT PIPETTES,,,0,1
FRESH_BREATH_SPRAY,FRESH BREATH SPRAY,Jardinerie,Nos,1,0,0,,335.0,1,1,Winners,FRESH BREATH SPRAY,,,0,1
EYE_CLEANER,EYE CLEANER,Jardinerie,Nos,1,0,0,,405.0,1,1,Winners,EYE CLEANER,,,0,1
EAR_CLEANER,EAR CLEANER,Jardinerie,Nos,1,0,0,,370.0,1,1,Winners,EAR CLEANER,,,0,1
DRY_SHAMPOO_SPRAY_DOG_N_CAT,DRY SHAMPOO SPRAY DOG N CAT,Jardinerie,Nos,1,0,0,,385.0,1,1,Winners,DRY SHAMPOO SPRAY DOG N CAT,,,0,1
CAMPING_BISTRO_3,CAMPING BISTRO 3,Jardinerie,Nos,1,0,0,,3083.0,1,1,Winners,CAMPING BISTRO 3,,,0,1
CALM_ANTI_ANXIETY_SUPPLEMENT,CALMING N ANTI ANXIETY SUPPLEMENT,Jardinerie,Nos,1,0,0,,312.0,1,1,Winners,CALMING N ANTI ANXIETY SUPPLEMENT,,,0,1
BOL_NATURAL_OIL_BAS_SP_ON_3ML,BOL NATURAL OIL BASED SPOT ON 3ML,Jardinerie,Nos,1,0,0,,267.0,1,1,Winners,BOL NATURAL OIL BASED SPOT ON 3ML,3,Millilitre,0,1
BOL_NATURAL_FLEA_N_TICK_SPRAY,BOL NATURAL FLEA AND TICK SPRAY,Jardinerie,Nos,1,0,0,,330.0,1,1,Winners,BOL NATURAL FLEA AND TICK SPRAY,,,0,1
BOL_ANTI_MICROBIAL_SKIN_SPRAY,BOL ANTI MICROBIAL SKIN SPRAY,Jardinerie,Nos,1,0,0,,255.0,1,1,Winners,BOL ANTI MICROBIAL SKIN SPRAY,,,0,1
BOL_ALLERGY_N_ITCH_RELIEF_SHMP,BOL ALLERGY AND ITCH RELIEF SHAMPOO,Jardinerie,Nos,1,0,0,,405.0,1,1,Winners,BOL ALLERGY AND ITCH RELIEF SHAMPOO,,,0,1
BEA_SOOTHING_SHAMPOO,BEA SOOTHING SHAMPOO,Jardinerie,Nos,1,0,0,,390.0,1,1,Winners,BEA SOOTHING SHAMPOO,,,0,1
BEA_SHMP_SOFT_UNIVERSAL_250ML,BEA SHAMPOO SOFT UNIVERSAL 250ML,Jardinerie,Nos,1,0,0,,50.0,1,1,Winners,BEA SHAMPOO SOFT UNIVERSAL 250ML,250,Millilitre,0,1
BEA_SHAMPOO_BLACK_COAT_250ML,BEA SHAMPOO BLACK COAT 250ML,Jardinerie,Nos,1,0,0,,285.0,1,1,Winners,BEA SHAMPOO BLACK COAT 250ML,250,Millilitre,0,1
BEA_SHMP_ANTIITCH_DOG_250ML,BEA SHAMPOO ANTIITCH DOG 250ML,Jardinerie,Nos,1,0,0,,290.0,1,1,Winners,BEA SHAMPOO ANTIITCH DOG 250ML,250,Millilitre,0,1
BEA_LONG_COAT_SHAMPOO_250ML,BEA LONG COAT SHAMPOO 250ML,Jardinerie,Nos,1,0,0,,90.0,1,1,Winners,BEA LONG COAT SHAMPOO 250ML,250,Millilitre,0,1
ANTISEPTIC_SKIN_CARE,ANTISEPTIC SKIN CARE,Jardinerie,Nos,1,0,0,,400.0,1,1,Winners,ANTISEPTIC SKIN CARE,,,0,1
ANTI_DANDRUFF_DOG_SHAMPOO,ANTI DANDRUFF DOG SHAMPOO,Jardinerie,Nos,1,0,0,,30.65,1,1,Winners,ANTI DANDRUFF DOG SHAMPOO,,,0,1
POOL_ACID_5LTS_P3,POOL ACID TS P3 5L,Jouet Dete,Nos,1,0,0,,391.0,1,1,Winners,POOL ACID TS P3 5L,5,Litre,0,1
CERNOL_SCP_ST_CHLORINE_PIL,CERNOL SCP ST CHLORINE PIL,Jouet Dete,Nos,1,0,0,,810.0,1,1,Winners,CERNOL SCP ST CHLORINE PIL,,,0,1
CERNOCHLOR_A_HTH_5KG,CERNOCHLOR A HTH 5KG,Jouet Dete,Nos,1,0,0,,1765.0,1,1,Winners,CERNOCHLOR A HTH 5KG,5,Kg,0,1
SPORT_NAUTIQUE,SPORT NAUTIQUE,Jouet Garcon,Nos,1,0,0,,0.0,1,1,Winners,SPORT NAUTIQUE,,,0,1
CONDITIONS_OF_USE,Conditions of Use,Accessoires Femmes,Nos,1,0,0,,0.0,1,1,Winners,Conditions of Use,,,0,1
PRIVACY_NOTICE,Privacy notice,Accessoires Femmes,Nos,1,0,0,,0.0,1,1,Winners,Privacy notice,,,0,1
FREQUENTLY_ASKED_QUESTIONS,Frequently Asked Questions,Accessoires Femmes,Nos,1,0,0,,0.0,1,1,Winners,Frequently Asked Questions,,,0,1
TEXTILE_4,ACCESSOIRES ENFANT BEBE,Accessoires Femmes,Nos,1,0,0,,0.0,1,1,Winners,ACCESSOIRES ENFANT BEBE,,,0,1
TEXTILE_3,SOUS VETEMENT,Accessoires Femmes,Nos,1,0,0,,0.0,1,1,Winners,SOUS VETEMENT,,,0,1
LINGE_DE_MAISON,LINGE DE MAISON,Accessoires Femmes,Nos,1,0,0,,0.0,1,1,Winners,LINGE DE MAISON,,,0,1
LA_SALLE_DE_BAIN,LA SALLE DE BAIN,Accessoires Femmes,Nos,1,0,0,,80.0,1,1,Winners,LA SALLE DE BAIN,,,0,1
LA_CUISINE,LA CUISINE,Accessoires Femmes,Nos,1,0,0,,0.0,1,1,Winners,LA CUISINE,,,0,1
CONFECTION_HOMME,CONFECTION HOMME,Accessoires Femmes,Nos,1,0,0,,370.0,1,1,Winners,CONFECTION HOMME,,,0,1
WINNERS_ORCHARD,Winners Orchard,Accessoires Femmes,Nos,1,0,0,,0.0,1,1,Winners,Winners Orchard,,,0,1
WINNERS_WINDSOR,WINNERS WINDSOR,Accessoires Femmes,Nos,1,0,0,,0.0,1,1,Winners,WINNERS WINDSOR,,,0,1
WINNERS_TRIBECA,Winners Tribeca,Accessoires Femmes,Nos,1,0,0,,0.0,1,1,Winners,Winners Tribeca,,,0,1
WINNERS_TRIANON,Winners Trianon,Accessoires Femmes,Nos,1,0,0,,0.0,1,1,Winners,Winners Trianon,,,0,1
WINNERS_VICTORIA_URBAN_TERMINAL,Winners Victoria Urban Terminal,Accessoires Femmes,Nos,1,0,0,,0.0,1,1,Winners,Winners Victoria Urban Terminal,,,0,1
WINNERS_GARDEN_TOWER,Winners Garden Tower,Accessoires Femmes,Nos,1,0,0,,0.0,1,1,Winners,Winners Garden Tower,,,0,1
WINNERS_LA_SOURCE,Winners Flacq La Source,Accessoires Femmes,Nos,1,0,0,,0.0,1,1,Winners,Winners Flacq La Source,,,0,1
WINNERS_PEREYB_C3_A8RE,Winners Pereybère,Accessoires Femmes,Nos,1,0,0,,0.0,1,1,Winners,Winners Pereybère,,,0,1
WINNERS_ROSE_HILL,Winners Rose Hill,Accessoires Femmes,Nos,1,0,0,,0.0,1,1,Winners,Winners Rose Hill,,,0,1
WINNERS_BAMBOUS,Winners Bambous,Accessoires Femmes,Nos,1,0,0,,0.0,1,1,Winners,Winners Bambous,,,0,1
WINNERS_PLAINE_MAGNIEN,Winners Plaine Magnien,Accessoires Femmes,Nos,1,0,0,,0.0,1,1,Winners,Winners Plaine Magnien,,,0,1
WINNERS_GOODLANDS,Winners Goodlands,Accessoires Femmes,Nos,1,0,0,,0.0,1,1,Winners,Winners Goodlands,,,0,1
WINNERS_TERRE_ROUGE,Winners Terre Rouge,Accessoires Femmes,Nos,1,0,0,,0.0,1,1,Winners,Winners Terre Rouge,,,0,1
WINNERS_COROMANDEL,Winners Coromandel,Accessoires Femmes,Nos,1,0,0,,0.0,1,1,Winners,Winners Coromandel,,,0,1
WINNERS_SAINT_PIERRE,Winners Saint Pierre,Accessoires Femmes,Nos,1,0,0,,0.0,1,1,Winners,Winners Saint Pierre,,,0,1
WINNERS_BOULET_ROUGE,Winners Boulet Rouge,Accessoires Femmes,Nos,1,0,0,,0.0,1,1,Winners,Winners Boulet Rouge,,,0,1
WINNERS_TRIOLET,Winners Triolet,Accessoires Femmes,Nos,1,0,0,,0.0,1,1,Winners,Winners Triolet,,,0,1
WINNERS_CHEMIN_GRENIER,Winners Chemin Grenier,Accessoires Femmes,Nos,1,0,0,,0.0,1,1,Winners,Winners Chemin Grenier,,,0,1
WINNERS_BEL_AIR,Winners Bel Air,Accessoires Femmes,Nos,1,0,0,,0.0,1,1,Winners,Winners Bel Air,,,0,1
WINNERS_SAINT_PAUL,Winners Saint Paul,Accessoires Femmes,Nos,1,0,0,,0.0,1,1,Winners,Winners Saint Paul,,,0,1
WINNERS_CANDOS,Winners Candos,Accessoires Femmes,Nos,1,0,0,,0.0,1,1,Winners,Winners Candos,,,0,1
WINNERS_RIVI_C3_A8RE_REMPART,Winners Rivière du Rempart,Accessoires Femmes,Nos,1,0,0,,0.0,1,1,Winners,Winners Rivière du Rempart,,,0,1
WINNERS_FOREST_SIDE,Winners Forest Side,Accessoires Femmes,Nos,1,0,0,,0.0,1,1,Winners,Winners Forest Side,,,0,1
WINNERS_VACOAS,Winners Vacoas,Accessoires Femmes,Nos,1,0,0,,0.0,1,1,Winners,Winners Vacoas,,,0,1
WINNERS_CASCAVELLE,Winners Cascavelle,Accessoires Femmes,Nos,1,0,0,,0.0,1,1,Winners,Winners Cascavelle,,,0,1
WINNERS_ROSE_BELLE,Winners Rose Belle,Accessoires Femmes,Nos,1,0,0,,0.0,1,1,Winners,Winners Rose Belle,,,0,1
CO_MINI_CHORIZO_75G,CASINO MINI CHORIZO 75G,Jambon Scisson Sec,Nos,1,0,0,,230.0,1,1,Winners,CASINO MINI CHORIZO 75G,75,Gram,0,1
WINNERS_ROCHES_BRUNES,Winners Roches Brunes,Accessoires Femmes,Nos,1,0,0,,0.0,1,1,Winners,Winners Roches Brunes,,,0,1
ALL_SHOPS,Our shops,Accessoires Femmes,Nos,1,0,0,,0.0,1,1,Winners,Our shops,,,0,1
CO_CHORIZO_FORT_225G,CASINO CHORIZO FORT 225G,Jambon Scisson Sec,Nos,1,0,0,,209.0,1,1,Winners,CASINO CHORIZO FORT 225G,225,Gram,0,1
CO_CHORIZO_DOUX_225G,CASINO CHORIZO DOUX 225G,Jambon Scisson Sec,Nos,1,0,0,,47.95,1,1,Winners,CASINO CHORIZO DOUX 225G,225,Gram,0,1
DANETTE_LIEGEOIS_VANIL_4X100G,DANETTE LIEGEOIS SAVEUR VANILLE 4 X 100G,Ultra Frais,Nos,1,0,0,,299.0,1,1,Winners,DANETTE LIEGEOIS SAVEUR VANILLE 4 X 100G,100,Gram,0,1
DANETTE_LIEGEOIS_CHOCO_4X100G,DANETTE LIEGEOIS AU CHOCOLAT 4 X 100G,Ultra Frais,Nos,1,0,0,,299.0,1,1,Winners,DANETTE LIEGEOIS AU CHOCOLAT 4 X 100G,100,Gram,0,1
CO_TIRAMISU_SPECUL_2X100G,CASINO TIRAMISU SPECULOS 2 X 100G,Ultra Frais,Nos,1,0,0,,229.0,1,1,Winners,CASINO TIRAMISU SPECULOS 2 X 100G,100,Gram,0,1
CO_TIRAMISU_FRAMB_2X100G,CASINO TIRAMISU FRAMBOISE 2 X 100G,Ultra Frais,Nos,1,0,0,,299.0,1,1,Winners,CASINO TIRAMISU FRAMBOISE 2 X 100G,100,Gram,0,1
CO_TIRAMISU_2X80G,CASINO TIRAMISU 2 X 80G,Ultra Frais,Nos,1,0,0,,315.0,1,1,Winners,CASINO TIRAMISU 2 X 80G,80,Gram,0,1
CO_SOJA_SUR_LIT_FRAISES_4X100G,CASINO SPECIALITE AU SOJA SUR LE LIT A LA FRAISE 4 X 100G,Ultra Frais,Nos,1,0,0,,379.0,1,1,Winners,CASINO SPECIALITE AU SOJA SUR LE LIT A LA FRAISE 4 X 100G,100,Gram,0,1
CO_RIZ_LAIT_VANILLE_4X115G,CASINO RIZ LAIT A LA VANILLE 4 X 115G,Ultra Frais,Nos,1,0,0,,369.0,1,1,Winners,CASINO RIZ LAIT A LA VANILLE 4 X 115G,115,Gram,0,1
CO_PROFITEROLES_CHOCO_2X90G,CASINO PROFITEROLES CHOCOLAT 2 X 90G,Ultra Frais,Nos,1,0,0,,265.0,1,1,Winners,CASINO PROFITEROLES CHOCOLAT 2 X 90G,90,Gram,0,1
CO_PANA_COTTA_MANGPASS2X120G,CASINO PANNA COTTA MANGUE PASSION 2 X 120G,Ultra Frais,Nos,1,0,0,,249.0,1,1,Winners,CASINO PANNA COTTA MANGUE PASSION 2 X 120G,120,Gram,0,1
GRANA_TORTELLINI_RISPIN_250G,GIOVANI RANA TORTELLINI RICOTTA SPINACI 250G,Traiteur Ls,Nos,1,0,0,,36.0,1,1,Winners,GIOVANI RANA TORTELLINI RICOTTA SPINACI 250G,250,Gram,0,1
MAILLOT_FLAVIA,MAILLOT FLAVIA,Textile,Nos,1,0,0,,1290.0,1,1,Winners,MAILLOT FLAVIA,,,0,1
FIGO_FISH_BALLS_1KG,FIGO FISH BALLS 1KG,Traiteur Surgeles,Nos,1,0,0,,350.0,1,1,Winners,FIGO FISH BALLS 1KG,1,Kg,0,1
FIGO_CHEESE_SEAFOOD_TOFU_500G,FIGO CHEESE SEAFOOD TOFU 500G,Traiteur Surgeles,Nos,1,0,0,,230.0,1,1,Winners,FIGO CHEESE SEAFOOD TOFU 500G,500,Gram,0,1
DODO_FISH_LONG_500G,DODO FISH LONG 500G,Traiteur Surgeles,Nos,1,0,0,,420.0,1,1,Winners,DODO FISH LONG 500G,500,Gram,0,1
DODO_FISH_CHEESE_TOFU_500G,DODO FISH CHEESE TOFU 500G,Traiteur Surgeles,Nos,1,0,0,,82.5,1,1,Winners,DODO FISH CHEESE TOFU 500G,500,Gram,0,1
DODO_FISH_BALLS_1KG,DODO FISH BALLS 1KG,Traiteur Surgeles,Nos,1,0,0,,9.5,1,1,Winners,DODO FISH BALLS 1KG,1,Kg,0,1
DODO_FISH_BALL_500G,DODO FISH BALL 500G,Traiteur Surgeles,Nos,1,0,0,,9.5,1,1,Winners,DODO FISH BALL 500G,500,Gram,0,1
DODO_FISH_ASS_HOT_POT_500G,DODO FISH ASSORTED HOT POT 500G,Traiteur Surgeles,Nos,1,0,0,,230.0,1,1,Winners,DODO FISH ASSORTED HOT POT 500G,500,Gram,0,1
DODO__FISH_BALL_200G,DODO FISH BALL 200G,Traiteur Surgeles,Nos,1,0,0,,9.5,1,1,Winners,DODO FISH BALL 200G,200,Gram,0,1
DEWFRESH_FISH_LONG_500G,DEWFRESH FISH LONG 500G,Traiteur Surgeles,Nos,1,0,0,,49.95,1,1,Winners,DEWFRESH FISH LONG 500G,500,Gram,0,1
DEWFRESH_FISH_BALL_200G,DEWFRESH FISH BALL 200G,Traiteur Surgeles,Nos,1,0,0,,9.5,1,1,Winners,DEWFRESH FISH BALL 200G,200,Gram,0,1
DEWFRESH_FISH_BALL_1KG,DEWFRESH FISH BALL 1KG,Traiteur Surgeles,Nos,1,0,0,,220.0,1,1,Winners,DEWFRESH FISH BALL 1KG,1,Kg,0,1
DFOOD_WANTAN_CHICKEN_X15,DIAMOND FOODS WANTAN CHICKEN X15 300G,Traiteur Surgeles,Nos,1,0,0,,230.0,1,1,Winners,DIAMOND FOODS WANTAN CHICKEN X15 300G,300,Gram,0,1
DFOOD_VEGSHAO_MAI_X15,DIAMOND FOODS VEG SAO MAI X15 300G,Traiteur Surgeles,Nos,1,0,0,,315.0,1,1,Winners,DIAMOND FOODS VEG SAO MAI X15 300G,300,Gram,0,1
DFOOD_VEG_NIOUK_YEN_300G,DIAMOND FOOD VEG NIOUK YEN 300G,Traiteur Surgeles,Nos,1,0,0,,159.0,1,1,Winners,DIAMOND FOOD VEG NIOUK YEN 300G,300,Gram,0,1
DFOOD_SHRIMP_SHAO_MAI_X15,DIAMOND FOODS SHRIMP SAO MAI X15 300G,Traiteur Surgeles,Nos,1,0,0,,9.5,1,1,Winners,DIAMOND FOODS SHRIMP SAO MAI X15 300G,300,Gram,0,1
DFOOD_S_JCHICSAO_MAI_X15,DIAMOND FOODS CHICKEN SAO MAI X15 300G,Traiteur Surgeles,Nos,1,0,0,,230.0,1,1,Winners,DIAMOND FOODS CHICKEN SAO MAI X15 300G,300,Gram,0,1
DFOOD_S_JCHICNIOUKYEN_X15,DIAMOND FOODS CHICKEN NIOUK YEN X15 300G,Traiteur Surgeles,Nos,1,0,0,,9.5,1,1,Winners,DIAMOND FOODS CHICKEN NIOUK YEN X15 300G,300,Gram,0,1
DFOOD_CHICKSHAO_MAI_750G,DIAMOND FOODS CHICKEN SAO MAI 750G,Traiteur Surgeles,Nos,1,0,0,,9.5,1,1,Winners,DIAMOND FOODS CHICKEN SAO MAI 750G,750,Gram,0,1
DFOOD_CHICKNYOUK_YEN_750G,DIAMOND FOODS CHICKEN NIOUK YEN 750G,Traiteur Surgeles,Nos,1,0,0,,72.0,1,1,Winners,DIAMOND FOODS CHICKEN NIOUK YEN 750G,750,Gram,0,1
DFOOD_BOUL_BOEUF_X15,DIAMOND FOODS BOULETTE BOEUF X15 300G,Traiteur Surgeles,Nos,1,0,0,,230.0,1,1,Winners,DIAMOND FOODS BOULETTE BOEUF X15 300G,300,Gram,0,1
CHOKO_LOCO_DUMPVEG_450G,CHOKO LOCO DUMPLING VEG 450G,Traiteur Surgeles,Nos,1,0,0,,9.5,1,1,Winners,CHOKO LOCO DUMPLING VEG 450G,450,Gram,0,1
CHOKO_LOCO_DUMPSHRIMPS_450G,CHOKO LOCO DUMPLING SHRIMPS 450G,Traiteur Surgeles,Nos,1,0,0,,9.5,1,1,Winners,CHOKO LOCO DUMPLING SHRIMPS 450G,450,Gram,0,1
CHOKO_LOCO_DUMPSALTFISH_450G,CHOKO LOCO DUMPLING SALTED FISH 450G,Traiteur Surgeles,Nos,1,0,0,,51.0,1,1,Winners,CHOKO LOCO DUMPLING SALTED FISH 450G,450,Gram,0,1
CHOKO_LOCO_DUMPCHICKEN_450G,CHOKO LOCO DUMPLING CHICKEN 450G,Traiteur Surgeles,Nos,1,0,0,,42.65,1,1,Winners,CHOKO LOCO DUMPLING CHICKEN 450G,450,Gram,0,1
BOBO_FISH_LONG__500G,BOBO FISH LONG 500G,Traiteur Surgeles,Nos,1,0,0,,49.95,1,1,Winners,BOBO FISH LONG 500G,500,Gram,0,1
LADY_NIGHT_DRESS_REF_8002,LADY NIGHT DRESS REF 8002,Textile,Nos,1,0,0,,16.0,1,1,Winners,LADY NIGHT DRESS REF 8002,8002,Litre,0,1
HAREN_BATH_TOW_70_X_140_WHITE,HAREN BATH TOWEL 70 X 140 WHITE,Textile,Nos,1,0,0,,499.0,1,1,Winners,HAREN BATH TOWEL 70 X 140 WHITE,,,0,1
HAREN_BATH_TOW_70_X_140_TURQ,HAREN BATH TOWEL 70 X 140 TURQUOISE,Textile,Nos,1,0,0,,390.0,1,1,Winners,HAREN BATH TOWEL 70 X 140 TURQUOISE,,,0,1
HAREN_BATH_TOW_70_X_140_DGREY,HAREN BATH TOWEL 70 X 140 DARK GREY,Textile,Nos,1,0,0,,390.0,1,1,Winners,HAREN BATH TOWEL 70 X 140 DARK GREY,,,0,1
HAREN_BATH_TOW_70_X_140_DGREEN,HAREN BATH TOWEL 70 X 140 DARK GREEN,Textile,Nos,1,0,0,,390.0,1,1,Winners,HAREN BATH TOWEL 70 X 140 DARK GREEN,,,0,1
FACE_TOWEL_30X30CM_PK_5,FACE TOWEL 30X30CM PK 5,Textile,Nos,1,0,0,,35.63,1,1,Winners,FACE TOWEL 30X30CM PK 5,,,0,1
CAM_SHEAR_BEACH_TOW_90X160_WH,CAM SHEAR BEACH TOWEL 90X160 WHITE,Textile,Nos,1,0,0,,629.0,1,1,Winners,CAM SHEAR BEACH TOWEL 90X160 WHITE,,,0,1
CAM_SH_BEACH_TOW_APL_90X160_WH,CAM SHEAR BEACH TOWEL 90X160 WHITE,Textile,Nos,1,0,0,,765.0,1,1,Winners,CAM SHEAR BEACH TOWEL 90X160 WHITE,,,0,1
BIKINI_BANDEAU,BIKINI BANDEAU,Textile,Nos,1,0,0,,915.0,1,1,Winners,BIKINI BANDEAU,,,0,1
BAVIK_GUEST_TOW_40_X70_MIX_COL,BAVIK GUEST TOWEL 40 X70 MIX COLORS,Textile,Nos,1,0,0,,35.63,1,1,Winners,BAVIK GUEST TOWEL 40 X70 MIX COLORS,,,0,1
BAVIK_BATH_TOW_70X140_MIX_COL,BAVIK BATH TOWEL 70X140 MIX COLORS,Textile,Nos,1,0,0,,35.63,1,1,Winners,BAVIK BATH TOWEL 70X140 MIX COLORS,,,0,1
BATH_TOWEL_70X140CM_500,BATH TOWEL 70X140CM 500,Textile,Nos,1,0,0,,74.0,1,1,Winners,BATH TOWEL 70X140CM 500,,,0,1
BATH_TOWEL_70X140CM_425,BATH TOWEL 70X140CM 425,Textile,Nos,1,0,0,,68.0,1,1,Winners,BATH TOWEL 70X140CM 425,,,0,1
BATH_TOWEL_70X140CM_310,BATH TOWEL 70X140CM 310,Textile,Nos,1,0,0,,120.0,1,1,Winners,BATH TOWEL 70X140CM 310,,,0,1
10S_HAND_TOWEL_30CMX30CM,10S HAND TOWEL 30CMX30CM,Textile,Nos,1,0,0,,28.0,1,1,Winners,10S HAND TOWEL 30CMX30CM,,,0,1
10S_BATH_TOWEL70_CMX140CM,10S BATH TOWEL70 CMX140CM,Textile,Nos,1,0,0,,9.5,1,1,Winners,10S BATH TOWEL70 CMX140CM,,,0,1
TEXPERT_NS_30_X_30CM,TEXPERT NS 30 X 30CM,Textile,Nos,1,0,0,,50.0,1,1,Winners,TEXPERT NS 30 X 30CM,,,0,1
TEXPERT_MC_40_X_60CM,TEXPERT MC 40 X 60CM,Textile,Nos,1,0,0,,50.0,1,1,Winners,TEXPERT MC 40 X 60CM,,,0,1
TEXPERT_MC_40_X_40CM,TEXPERT MC 40 X 40CM,Textile,Nos,1,0,0,,60.0,1,1,Winners,TEXPERT MC 40 X 40CM,,,0,1
TEXPERT_KT_50_X_70CM,TEXPERT KT 50 X 70CM,Textile,Nos,1,0,0,,80.0,1,1,Winners,TEXPERT KT 50 X 70CM,,,0,1
GRANA_TORTELLINI_BASILI_250G,GIOVANI RANA TORTELLINI BASILIC 250G,Traiteur Ls,Nos,1,0,0,,323.0,1,1,Winners,GIOVANI RANA TORTELLINI BASILIC 250G,250,Gram,0,1
GRANA_RAVTOMMOZZ_250G,GIOVANI RANA RAVIOLI TOMATE & MOZZARELLA 250G,Traiteur Ls,Nos,1,0,0,,323.0,1,1,Winners,GIOVANI RANA RAVIOLI TOMATE & MOZZARELLA 250G,250,Gram,0,1
GRANA_RAV_4_CHEES_250G,GIOVANI RANA RAVIOLI 4 CHEESE 250G,Traiteur Ls,Nos,1,0,0,,323.0,1,1,Winners,GIOVANI RANA RAVIOLI 4 CHEESE 250G,250,Gram,0,1
GRANA_GNOCCHI_400G,GIOVANI RANA GNOCCHI 500G,Traiteur Ls,Nos,1,0,0,,61.95,1,1,Winners,GIOVANI RANA GNOCCHI 500G,500,Gram,0,1
EGGS_NOODLES_TASTY_MEAL_500G,TASTY MEAL EGGS NOODLES 500G,Traiteur Ls,Nos,1,0,0,,35.0,1,1,Winners,TASTY MEAL EGGS NOODLES 500G,500,Gram,0,1
COCO_SNACK_GINGER_BALL_X15,COCO SNACK GINGER BALL X15,Traiteur Ls,Nos,1,0,0,,144.0,1,1,Winners,COCO SNACK GINGER BALL X15,,,0,1
COCO_SNACK_BOUCHON_POULET_X15,COCO SNACK BOUCHON POULET X15,Traiteur Ls,Nos,1,0,0,,220.0,1,1,Winners,COCO SNACK BOUCHON POULET X15,,,0,1
BERT_TOMATO_MOZZABASI_250G,BERTAGNI TOMATO MOZZARELLA & BASILIC 250G,Traiteur Ls,Nos,1,0,0,,32.5,1,1,Winners,BERTAGNI TOMATO MOZZARELLA & BASILIC 250G,250,Gram,0,1
BERT_TAGLIATELLE_300G,BERTAGNI TAGLIATELLE 300G,Traiteur Ls,Nos,1,0,0,,42.0,1,1,Winners,BERTAGNI TAGLIATELLE 300G,300,Gram,0,1
BERT_RICOTTA_SPINACH_250G,BERTAGNI RICOTTA & SPINACH 250G,Traiteur Ls,Nos,1,0,0,,49.0,1,1,Winners,BERTAGNI RICOTTA & SPINACH 250G,250,Gram,0,1
BERT_MUSHROOMS_250G,BERTAGNI TORTELLONI MUSHROOMS 250G,Traiteur Ls,Nos,1,0,0,,30.65,1,1,Winners,BERTAGNI TORTELLONI MUSHROOMS 250G,250,Gram,0,1
BERT_FOUR_CHEESESE_250G,BERTAGNI FOUR CHEESE 250G,Traiteur Ls,Nos,1,0,0,,30.65,1,1,Winners,BERTAGNI FOUR CHEESE 250G,250,Gram,0,1
BERT_FETTUCINE_NESTS_300G,BERTAGNI FETTUCINE NESTS 300G,Traiteur Ls,Nos,1,0,0,,74.5,1,1,Winners,BERTAGNI FETTUCINE NESTS 300G,300,Gram,0,1
BERT_AUBERGINESPARMESA_250G,BERTAGNI AUBERGINES & PARMESAN 250G,Traiteur Ls,Nos,1,0,0,,77.05,1,1,Winners,BERTAGNI AUBERGINES & PARMESAN 250G,250,Gram,0,1
SODEBO_FUSILI_SAUMON_CIT_280G,SODEBO BOX FUSILLI AU SAUMON POINTE DE CITRON 280G,Traiteur Ls,Nos,1,0,0,,369.0,1,1,Winners,SODEBO BOX FUSILLI AU SAUMON POINTE DE CITRON 280G,280,Gram,0,1
RANDY_FEUILLET_JAMBCH_280G,RANDY FEUILLET? AU JAMBON ET CHAMPIGNONS 280G,Traiteur Ls,Nos,1,0,0,,399.0,1,1,Winners,RANDY FEUILLET? AU JAMBON ET CHAMPIGNONS 280G,280,Gram,0,1
GRANA_TAGIATELLE_250G,GIOVANI RANA TAGIATELLE 250G,Traiteur Ls,Nos,1,0,0,,32.5,1,1,Winners,GIOVANI RANA TAGIATELLE 250G,250,Gram,0,1
GRANA_SPAGHETTI_250G,GIOVANI RANA SPAGHETTI 250G,Traiteur Ls,Nos,1,0,0,,166.0,1,1,Winners,GIOVANI RANA SPAGHETTI 250G,250,Gram,0,1
FRUIT_DE_MER_PROVENCAL_200G,FRUIT DE MER PROVENCAL 200G,Traiteur Ls,Nos,1,0,0,,389.0,1,1,Winners,FRUIT DE MER PROVENCAL 200G,200,Gram,0,1
RANDY_FEUILL_CHEVEPIN_240G,FEUILLET?AU CH?RE ET AUX ?INARDS 240G,Traiteur Ls,Nos,1,0,0,,339.0,1,1,Winners,FEUILLET?AU CH?RE ET AUX ?INARDS 240G,240,Gram,0,1
CO_TAGLIATELLE_350G,CASINO TAGLIATELLE 350G,Traiteur Ls,Nos,1,0,0,,259.0,1,1,Winners,CASINO TAGLIATELLE 350G,350,Gram,0,1
CO_RAVIOLI_FROMAGE_300G,CASINO RAVIOLI FROMAGE 300G,Traiteur Ls,Nos,1,0,0,,32.5,1,1,Winners,CASINO RAVIOLI FROMAGE 300G,300,Gram,0,1
CO_PATE_FEUILLETE_230G,CASINO PATE FEUILLETE 230G,Traiteur Ls,Nos,1,0,0,,529.0,1,1,Winners,CASINO PATE FEUILLETE 230G,230,Gram,0,1
CO_GRATIN_ENDIVES_JAMBON_280G,CASINO GRATIN ENDIVES JAMBON 280G,Traiteur Ls,Nos,1,0,0,,229.0,1,1,Winners,CASINO GRATIN ENDIVES JAMBON 280G,280,Gram,0,1
CO_PANNA_COTTA_FRA_2X120G,CASINO PANNA COTTA FRAISE 2 X 120G,Ultra Frais,Nos,1,0,0,,32.5,1,1,Winners,CASINO PANNA COTTA FRAISE 2 X 120G,120,Gram,0,1
CO_PANNA_COTTA_CAR_4X90G,CASINO PANNA COTTA CARAMEL 4 X 90G,Ultra Frais,Nos,1,0,0,,369.0,1,1,Winners,CASINO PANNA COTTA CARAMEL 4 X 90G,90,Gram,0,1
CO_MOUSSLIEGSAVVAN4X80G,CASINO MOUSSE LIEGEOISE SAVEUR VANILLE 4 X 80G,Ultra Frais,Nos,1,0,0,,81.0,1,1,Winners,CASINO MOUSSE LIEGEOISE SAVEUR VANILLE 4 X 80G,80,Gram,0,1
CO_MOUSSE_LIEG_CAFE_4X80G,CASINO MOUSSE LIEGEOISE CAFE 4 X 80G,Ultra Frais,Nos,1,0,0,,225.0,1,1,Winners,CASINO MOUSSE LIEGEOISE CAFE 4 X 80G,80,Gram,0,1
PIZZA_POULET_PRECUIT,PIZZA POULET PRECUIT,Viennoiserie,Nos,1,0,0,,75.0,1,1,Winners,PIZZA POULET PRECUIT,,,0,1
CO_FLAN_PATISSIER_4X100G,CASINO FLAN PATISSIERE 4 X 100G,Ultra Frais,Nos,1,0,0,,439.0,1,1,Winners,CASINO FLAN PATISSIERE 4 X 100G,100,Gram,0,1
CO_CREM_DESS_SAV_CHOCO_4X125G,CASINO CREME DESSERT SAVEUR CHOCOLAT 4 X 125G,Ultra Frais,Nos,1,0,0,,379.0,1,1,Winners,CASINO CREME DESSERT SAVEUR CHOCOLAT 4 X 125G,125,Gram,0,1
CO_CROEUF_VAN_LIT_CAR_4X100G,CASINO CR?E AUX OEUFS SAVEUR VANILLE SUR LIT DE CARAMEL 4 X 100G,Ultra Frais,Nos,1,0,0,,429.0,1,1,Winners,CASINO CR?E AUX OEUFS SAVEUR VANILLE SUR LIT DE CARAMEL 4 X 100G,100,Gram,0,1
PATE_PIZZA_PRECUITE_300G_1PC,PATE PIZZA PRECUITE 300G 1PC,Viennoiserie,Nos,1,0,0,,92.0,1,1,Winners,PATE PIZZA PRECUITE 300G 1PC,300,Gram,0,1
PATE_PIZZA_PRECUITE_125GX2PCS,PATE PIZZA PRECUITE 125GX2PCS,Viennoiserie,Nos,1,0,0,,12.0,1,1,Winners,PATE PIZZA PRECUITE 125GX2PCS,125,Gram,0,1
PATE_FEUILLETAGE_CRUS_1KG,PATE FEUILLETAGE CRUS 1KG,Viennoiserie,Nos,1,0,0,,81.0,1,1,Winners,PATE FEUILLETAGE CRUS 1KG,1,Kg,0,1
PAIN_CHOC_PUR_BEURREX4FRANCE,PAIN CHOCOLAT PUR BEURREX4(FRANCE),Viennoiserie,Nos,1,0,0,,230.0,1,1,Winners,PAIN CHOCOLAT PUR BEURREX4(FRANCE),,,0,1
PAIN_AUX_RAISINS_X_5PCS,PAIN AUX RAISINS X 5PCS,Viennoiserie,Nos,1,0,0,,50.0,1,1,Winners,PAIN AUX RAISINS X 5PCS,,,0,1
PAIN_AUX_RAISINS_X_3PCS,PAIN AUX RAISINS X 3PCS,Viennoiserie,Nos,1,0,0,,42.65,1,1,Winners,PAIN AUX RAISINS X 3PCS,,,0,1
PAIN_AU_CHOCOLAT_X_5PCS,PAIN AU CHOCOLAT X 5PCS,Viennoiserie,Nos,1,0,0,,80.0,1,1,Winners,PAIN AU CHOCOLAT X 5PCS,,,0,1
PAIN_AU_CHOCOLAT_X_3PCS,PAIN AU CHOCOLAT X 3PCS,Viennoiserie,Nos,1,0,0,,75.0,1,1,Winners,PAIN AU CHOCOLAT X 3PCS,,,0,1
MINI_VOL_AUX_VENTS_X8PCS,MINI VOL AUX VENTS X8PCS,Viennoiserie,Nos,1,0,0,,21.2,1,1,Winners,MINI VOL AUX VENTS X8PCS,,,0,1
MINI_VIENNOISERIE_PUR_BEUR_X5,MINI VIENNOISERIE PUR BEUR X5,Viennoiserie,Nos,1,0,0,,27.3,1,1,Winners,MINI VIENNOISERIE PUR BEUR X5,,,0,1
MINI_PRAISIN_PUR_BEURREX5FR,MINI PAIN RAISIN PUR BEURREX5(FRANCE),Viennoiserie,Nos,1,0,0,,16.0,1,1,Winners,MINI PAIN RAISIN PUR BEURREX5(FRANCE),,,0,1
MINI_PCHOCOLAT_PUR_BEURREX5FR,MINI PAIN CHOCOLAT PUR BEURREX5(FRANCE),Viennoiserie,Nos,1,0,0,,39.0,1,1,Winners,MINI PAIN CHOCOLAT PUR BEURREX5(FRANCE),,,0,1
MINI_PAIN_AUX_RAISINS_X_6PCS,MINI PAIN AUX RAISINS X 6PCS,Viennoiserie,Nos,1,0,0,,25.75,1,1,Winners,MINI PAIN AUX RAISINS X 6PCS,,,0,1
MINI_PAIN_AU_CHOCOLAT_X_6PCS,MINI PAIN AU CHOCOLAT X 6PCS,Viennoiserie,Nos,1,0,0,,63.93,1,1,Winners,MINI PAIN AU CHOCOLAT X 6PCS,,,0,1
MINI_CROISSANT_PUR_BEURREX5FR,MINI CROISSANT PUR BEURREX5(FRANCE),Viennoiserie,Nos,1,0,0,,80.0,1,1,Winners,MINI CROISSANT PUR BEURREX5(FRANCE),,,0,1
MINI_CROISSANT_NATURE_X_6PCS,MINI CROISSANT NATURE X 6PCS,Viennoiserie,Nos,1,0,0,,9.5,1,1,Winners,MINI CROISSANT NATURE X 6PCS,,,0,1
MINI_CROISSANT_AU_FRO_X_6PCS,MINI CROISSANT AU FROMAGE X 6PCS,Viennoiserie,Nos,1,0,0,,93.4,1,1,Winners,MINI CROISSANT AU FROMAGE X 6PCS,,,0,1
MINI_ASSORTVIENNOISERIE_X_6,MINI ASSORTED VIENNOISERIE X 6 PCS,Viennoiserie,Nos,1,0,0,,9.5,1,1,Winners,MINI ASSORTED VIENNOISERIE X 6 PCS,,,0,1
GARLIC_NAAN_X_4PCSRDEL,GARLIC NAAN X 4PCS-ROYAL DELIGHT,Viennoiserie,Nos,1,0,0,,25.75,1,1,Winners,GARLIC NAAN X 4PCS-ROYAL DELIGHT,,,0,1
CROISSANT_PUR_BEURREX4FRANCE,CROISSANT PUR BEURRE X 4PCS (FRANCE),Viennoiserie,Nos,1,0,0,,27.3,1,1,Winners,CROISSANT PUR BEURRE X 4PCS (FRANCE),,,0,1
CROISSANT_NATURE_X_5PCS,CROISSANT NATURE X 5PCS,Viennoiserie,Nos,1,0,0,,80.0,1,1,Winners,CROISSANT NATURE X 5PCS,,,0,1
VINS_ETRANGERS,VINS ETRANGERS,Vins Courant,Nos,1,0,0,,529.95,1,1,Winners,VINS ETRANGERS,,,0,1
DONNA_LISA_70CL__ROUGE,DONNA LISA ROUGE 700ML,Vins Courant,Nos,1,0,0,,168.0,1,1,Winners,DONNA LISA ROUGE 700ML,700,Millilitre,0,1
DONNA_LISA_70CL__ROSE,DONNA LISA ROSE 700ML,Vins Courant,Nos,1,0,0,,168.0,1,1,Winners,DONNA LISA ROSE 700ML,700,Millilitre,0,1
CROISCACAO_NOIS_PUR_BEURRX2FR,CROISSANT CACAO NOISETTE PUR BEURRE X2PCS (FRANCE),Viennoiserie,Nos,1,0,0,,153.0,1,1,Winners,CROISSANT CACAO NOISETTE PUR BEURRE X2PCS (FRANCE),,,0,1
CROISSANT_AU_FROMAGE_X_3PCS,CROISSANT AU FROMAGE X 3PCS,Viennoiserie,Nos,1,0,0,,9.5,1,1,Winners,CROISSANT AU FROMAGE X 3PCS,,,0,1
FARMSTEAD_BURGER_HERBES_200G,FARMSTEAD BURGER HERBES 200G,Volailles Ls,Nos,1,0,0,,9.5,1,1,Winners,FARMSTEAD BURGER HERBES 200G,200,Gram,0,1
CTECLER_POULET_ENTIER_FRAIS,CHANTECLER POULET ENTIER FRAIS,Volailles Ls,Nos,1,0,0,,9.5,1,1,Winners,CHANTECLER POULET ENTIER FRAIS,,,0,1
CTECLER_HANCHES_X8FR,CHANTECLER HANCHES X8,Volailles Ls,Nos,1,0,0,,230.0,1,1,Winners,CHANTECLER HANCHES X8,,,0,1
CTECLER_HANCHES_X4,CHANTECLER HANCHES X4,Volailles Ls,Nos,1,0,0,,230.0,1,1,Winners,CHANTECLER HANCHES X4,,,0,1
CTECLER_GRILL_MARINEBBQ,CHANTECLER GRILL MARINE-BBQ,Volailles Ls,Nos,1,0,0,,5.2,1,1,Winners,CHANTECLER GRILL MARINE-BBQ,,,0,1
CTECLER_GRILL_MARINE_TANDOORI,CHANTECLER GRILL MARINE TANDOORI,Volailles Ls,Nos,1,0,0,,9.5,1,1,Winners,CHANTECLER GRILL MARINE TANDOORI,,,0,1
G7_GELATO_SALTED_CARAMEL_1L,G7 GELATO ICE CREAM SALTED CARAMEL 1L,Vrac,Nos,1,0,0,,205.0,1,1,Winners,G7 GELATO ICE CREAM SALTED CARAMEL 1L,7,Gram,0,1
DLIGHT_DRKING_YOG_VAN_200G,DLIGHT DRINKING YOGHURT VANILLA 200G,Yaourts,Nos,1,0,0,,9.5,1,1,Winners,DLIGHT DRINKING YOGHURT VANILLA 200G,200,Gram,0,1
DLIGHT_DRKING_YOG_PEA_200G,DLIGHT DRINKING YOGHURT PEACH 200G,Yaourts,Nos,1,0,0,,9.5,1,1,Winners,DLIGHT DRINKING YOGHURT PEACH 200G,200,Gram,0,1
DLIGHT_DRKING_YOG_NAT_200G,DLIGHT DRINKING YOGHURT NATURE 200G,Yaourts,Nos,1,0,0,,28.5,1,1,Winners,DLIGHT DRINKING YOGHURT NATURE 200G,200,Gram,0,1
DLIGHT_DRKING_YOG_EX_200G,DLIGHT DRINKING YOGHURT EXOTIQUE 200G,Yaourts,Nos,1,0,0,,159.0,1,1,Winners,DLIGHT DRINKING YOGHURT EXOTIQUE 200G,200,Gram,0,1
DLIGHT_DRKING_YOG_AL_200G,DLIGHT DRINKING YOGHURT ALMOND 200G,Yaourts,Nos,1,0,0,,9.5,1,1,Winners,DLIGHT DRINKING YOGHURT ALMOND 200G,200,Gram,0,1
DDL_DRINKING_YOGVANILLE_250ML,DDL DRINKING YOGHURT VANILLE 250ML,Yaourts,Nos,1,0,0,,37.5,1,1,Winners,DDL DRINKING YOGHURT VANILLE 250ML,250,Millilitre,0,1
CROISS_AMANDE_PUR_BEURREX2FR,CROISSANT AMANDE PUR BEURRE X 2PCS (FRANCE),Viennoiserie,Nos,1,0,0,,9.5,1,1,Winners,CROISSANT AMANDE PUR BEURRE X 2PCS (FRANCE),,,0,1
DONNA_LISA_70CL__BLANC,DONNA LISA BLANC 700ML,Vins Courant,Nos,1,0,0,,168.0,1,1,Winners,DONNA LISA BLANC 700ML,700,Millilitre,0,1
DIVINE_S_SWT_ROSE_LYC_75CL,DIVINE SEMI SWEET ROSE LYCHEE WINE 75CL,Vins Courant,Nos,1,0,0,,434.0,1,1,Winners,DIVINE SEMI SWEET ROSE LYCHEE WINE 75CL,,,0,1
BMAMAN_CREME_BRULEE_2X100G,BONNE MAMAN CREME BRULEE 2 X 100G,Ultra Frais,Nos,1,0,0,,469.0,1,1,Winners,BONNE MAMAN CREME BRULEE 2 X 100G,100,Gram,0,1
DIVINE_O_DRY_BLC_LYC_75CL,DIVINE OFF DRY WHITE LYCHEE WHITE 75CL,Vins Courant,Nos,1,0,0,,413.0,1,1,Winners,DIVINE OFF DRY WHITE LYCHEE WHITE 75CL,,,0,1
CORDON_ROUGE_75CL,CORDON ROUGE 75CL,Vins Courant,Nos,1,0,0,,220.0,1,1,Winners,CORDON ROUGE 75CL,,,0,1
CORDON_ROSE_75CL,CORDON ROSE 75CL,Vins Courant,Nos,1,0,0,,65.0,1,1,Winners,CORDON ROSE 75CL,,,0,1
CORDON_BLANC_75CL,CORDON BLANC 75CL,Vins Courant,Nos,1,0,0,,21.25,1,1,Winners,CORDON BLANC 75CL,,,0,1
CHAPTALIN_ROUGE_75CL,CHAPTALIN ROUGE 75CL,Vins Courant,Nos,1,0,0,,97.0,1,1,Winners,CHAPTALIN ROUGE 75CL,,,0,1
CHAPTALIN_ROSE_75CL,CHAPTALIN ROSE 75CL,Vins Courant,Nos,1,0,0,,26.0,1,1,Winners,CHAPTALIN ROSE 75CL,,,0,1
CHAPTALIN_BLANC_75CL,CHAPTALIN BLANC 75CL,Vins Courant,Nos,1,0,0,,224.0,1,1,Winners,CHAPTALIN BLANC 75CL,,,0,1
BORDOFIN_ROUGE_70CL,BORDOFIN ROUGE 70CL,Vins Courant,Nos,1,0,0,,55.65,1,1,Winners,BORDOFIN ROUGE 70CL,,,0,1
BORDOFIN_ROSE_70CL,BORDOFIN ROSE 70CL,Vins Courant,Nos,1,0,0,,163.0,1,1,Winners,BORDOFIN ROSE 70CL,,,0,1
BORDOFIN_ICE_ROSE_MOEL_75CL,BORDOFIN ON ICE ROE MOELLEUX 75CL,Vins Courant,Nos,1,0,0,,28.0,1,1,Winners,BORDOFIN ON ICE ROE MOELLEUX 75CL,,,0,1
BORDOFIN_ICE_BLANC_MOE_75CL,BORDOFIN ON ICE BLANC MOELLEUX 75CL,Vins Courant,Nos,1,0,0,,180.0,1,1,Winners,BORDOFIN ON ICE BLANC MOELLEUX 75CL,,,0,1
BORDOFIN_BLANC_70CL,BORDOFIN BLANC 70CL,Vins Courant,Nos,1,0,0,,163.0,1,1,Winners,BORDOFIN BLANC 70CL,,,0,1
BORDO_ROUGE_70CL,BORDO ROUGE 700ML,Vins Courant,Nos,1,0,0,,134.95,1,1,Winners,BORDO ROUGE 700ML,700,Millilitre,0,1
BORDO_ROSE_70CL,BORDO ROSE 700ML,Vins Courant,Nos,1,0,0,,134.95,1,1,Winners,BORDO ROSE 700ML,700,Millilitre,0,1
BORDO_BLANC_70CL,BORDO BLANC 700ML,Vins Courant,Nos,1,0,0,,134.95,1,1,Winners,BORDO BLANC 700ML,700,Millilitre,0,1
BARON_DHERVILLE_ROUGE_75CL,BARON DHERVILLE ROUGE 750ML,Vins Courant,Nos,1,0,0,,19.5,1,1,Winners,BARON DHERVILLE ROUGE 750ML,750,Millilitre,0,1
BARON_DHERVILLE_ROSE_75CL,BARON DHERVILLE ROSE 750ML,Vins Courant,Nos,1,0,0,,152.95,1,1,Winners,BARON DHERVILLE ROSE 750ML,750,Millilitre,0,1
BARON_DHERVILLE_BLANC_75CL,BARON DHERVILLE BLANC 750ML,Vins Courant,Nos,1,0,0,,152.95,1,1,Winners,BARON DHERVILLE BLANC 750ML,750,Millilitre,0,1
CTECLER_GRILL_MARINE_HONEY_GAR,CHANTECLER GRILL MARINE HONEY GAR,Volailles Ls,Nos,1,0,0,,9.5,1,1,Winners,CHANTECLER GRILL MARINE HONEY GAR,,,0,1
CTECLER_GRILL_MARINE_CHAR_SUI,CHANTECLER GRILL MARINE CHAR SUI,Volailles Ls,Nos,1,0,0,,40.0,1,1,Winners,CHANTECLER GRILL MARINE CHAR SUI,,,0,1
CTECLER_ESCALOPES_X6FR,CHANTECLER ESCALOPES X6,Volailles Ls,Nos,1,0,0,,47.95,1,1,Winners,CHANTECLER ESCALOPES X6,,,0,1
CTECLER_ESCALOPES_X3FR,CHANTECLER ESCALOPES X3,Volailles Ls,Nos,1,0,0,,47.95,1,1,Winners,CHANTECLER ESCALOPES X3,,,0,1
CTECLER_ECOPACK_CUT,CHANTECLER ECOPACK CUT,Volailles Ls,Nos,1,0,0,,77.0,1,1,Winners,CHANTECLER ECOPACK CUT,,,0,1
CTECLER_CUISSE_ENTIERESX2,CHANTECLER CUISSE ENTIERES X 2,Volailles Ls,Nos,1,0,0,,29.1,1,1,Winners,CHANTECLER CUISSE ENTIERES X 2,,,0,1
CTECLER_CUIS_BLANC_BARQ,CHANTECLER CUISSE ET BLANC BARQUETTE,Volailles Ls,Nos,1,0,0,,47.95,1,1,Winners,CHANTECLER CUISSE ET BLANC BARQUETTE,,,0,1
CTECLER_COTELETTES_X6,CHANTECLER COTELETTES X6,Volailles Ls,Nos,1,0,0,,29.1,1,1,Winners,CHANTECLER COTELETTES X6,,,0,1
CTECLER_CARCASSE_FRAIS,CHANTECLER CARCASSE FRAIS,Volailles Ls,Nos,1,0,0,,33.84,1,1,Winners,CHANTECLER CARCASSE FRAIS,,,0,1
CTECLER_CAISSETTE_CARRY,CHANTECLER CAISSETTE CARRY,Volailles Ls,Nos,1,0,0,,9.5,1,1,Winners,CHANTECLER CAISSETTE CARRY,,,0,1
CTECLER_BLANC_SANS_PEAU,CHANTECLER BLANC SANS PEAU,Volailles Ls,Nos,1,0,0,,9.5,1,1,Winners,CHANTECLER BLANC SANS PEAU,,,0,1
CTECLER_BLANC_AVEC_PEAU,CHANTECLER BLANC AVEC PEAU,Volailles Ls,Nos,1,0,0,,35.63,1,1,Winners,CHANTECLER BLANC AVEC PEAU,,,0,1
WS_CRISPY_STRIPS_PIMENTEE_LS,WS CRISPY STRIPS PIMENTEE LS,Volailles Ls,Nos,1,0,0,,25.0,1,1,Winners,WS CRISPY STRIPS PIMENTEE LS,,,0,1
CHT_PILONS_X8_FRAIS_KG,CHANTECLER PILONS X8 FRAIS KG,Volailles Ls,Nos,1,0,0,,230.0,1,1,Winners,CHANTECLER PILONS X8 FRAIS KG,,,0,1
CHT_PILONS_X4_FRAIS_KG,CHANTECLER PILONS X4 FRAIS KG,Volailles Ls,Nos,1,0,0,,230.0,1,1,Winners,CHANTECLER PILONS X4 FRAIS KG,,,0,1
CHANTECLER_FERMIER_ENTIER,CHANTECLER FERMIER ENTIER,Volailles Ls,Nos,1,0,0,,230.0,1,1,Winners,CHANTECLER FERMIER ENTIER,,,0,1
CHANTECLER_FERMIER_CUISSE_X_2,CHANTECLER FERMIER CUISSE X 2,Volailles Ls,Nos,1,0,0,,9.5,1,1,Winners,CHANTECLER FERMIER CUISSE X 2,,,0,1
CHANTECLER_FERMIER_BLANC_X2_FR,CHANTECLER FERMIER BLANC X2,Volailles Ls,Nos,1,0,0,,29.1,1,1,Winners,CHANTECLER FERMIER BLANC X2,,,0,1
CHANTECLER_3_HANCHES_3_PILONS,CHANTECLER HANCHES X 3 & PILONS X 3,Volailles Ls,Nos,1,0,0,,230.0,1,1,Winners,CHANTECLER HANCHES X 3 & PILONS X 3,,,0,1
WS_CHICKEN_TIKKA_PIMENTEE,WS CHICKEN TIKKA PIMENTEE,Volailles Traditionelle,Nos,1,0,0,,159.0,1,1,Winners,WS CHICKEN TIKKA PIMENTEE,,,0,1
WS_BROCHETTE_PLT_PANE,WS BROCHETTE POULET PANE,Volailles Traditionelle,Nos,1,0,0,,100.0,1,1,Winners,WS BROCHETTE POULET PANE,,,0,1
G7_GELATO_PISTACCHIO_1L,G7 GELATO ICE CREAM PISTACCHIO 1L,Vrac,Nos,1,0,0,,64.43,1,1,Winners,G7 GELATO ICE CREAM PISTACCHIO 1L,7,Gram,0,1
G7_GELATO_PANNA_CON_FRAGOLE_1L,G7 GELATO ICE CREAM PANNA CON FRAGOLE 1L,Vrac,Nos,1,0,0,,50.0,1,1,Winners,G7 GELATO ICE CREAM PANNA CON FRAGOLE 1L,7,Gram,0,1
G7_GELATO_FIORDILATTE_1L,G7 GELATO ICE CREAM FIORDILATTE 1L,Vrac,Nos,1,0,0,,330.0,1,1,Winners,G7 GELATO ICE CREAM FIORDILATTE 1L,7,Gram,0,1
G7_GELATO_CROAL_CIOCCOLATO_1L,G7 GELATO ICE CREAM CROCCANTINO AL CIOCCOLATO 1L,Vrac,Nos,1,0,0,,125.0,1,1,Winners,G7 GELATO ICE CREAM CROCCANTINO AL CIOCCOLATO 1L,7,Gram,0,1
G7_GELATO_COCCO_1LT,G7 GELATO ICE CREAM COCCO 1LT,Vrac,Nos,1,0,0,,330.0,1,1,Winners,G7 GELATO ICE CREAM COCCO 1LT,7,Gram,0,1
G7_GELATO_BACIO_1LT,G7 GELATO ICE CREAM BACIO 1LT,Vrac,Nos,1,0,0,,66.0,1,1,Winners,G7 GELATO ICE CREAM BACIO 1LT,7,Gram,0,1
ERHARD_MOCHIS_GL_EXOTIQUE_280G,ERHARD MOCHIS GLACES EXOTIQUE 280G,Vrac,Nos,1,0,0,,519.0,1,1,Winners,ERHARD MOCHIS GLACES EXOTIQUE 280G,280,Gram,0,1
ERHARD_MOCHGLAC_VANILLE_140G,ERHARD MOCHIS GLACES VANILLE 140G,Vrac,Nos,1,0,0,,295.0,1,1,Winners,ERHARD MOCHIS GLACES VANILLE 140G,140,Gram,0,1
ERHARD_MOCHGLAC_CLASSIQ_280G,ERHARD MOCHIS GLACES CLASSIQUE 280G,Vrac,Nos,1,0,0,,519.0,1,1,Winners,ERHARD MOCHIS GLACES CLASSIQUE 280G,280,Gram,0,1
ERHARD_MOCHGLAC_CITY_140G,ERHARD MOCHIS GLACES CITRON YUZU 140G,Vrac,Nos,1,0,0,,36.4,1,1,Winners,ERHARD MOCHIS GLACES CITRON YUZU 140G,140,Gram,0,1
ERHARD_MOCHGLAC_CARABIS_140G,ERHARD MOCHIS GLACES CARAMEL BISCUITS 140G,Vrac,Nos,1,0,0,,295.0,1,1,Winners,ERHARD MOCHIS GLACES CARAMEL BISCUITS 140G,140,Gram,0,1
ERHARD_GLACE_SPECULOOS_450G,ERHARD CREME GLACEE SPECULOOS 450G,Vrac,Nos,1,0,0,,339.0,1,1,Winners,ERHARD CREME GLACEE SPECULOOS 450G,450,Gram,0,1
ERHARD_GLACE_MARRON_450G,ERHARD CR?E GLACEE MARRON 450G,Vrac,Nos,1,0,0,,339.0,1,1,Winners,ERHARD CR?E GLACEE MARRON 450G,450,Gram,0,1
ERHARD_GLACE_CITRON_YUZU_450G,ERHARD CR?E GLACEE CITRON YUZU 450G,Vrac,Nos,1,0,0,,339.0,1,1,Winners,ERHARD CR?E GLACEE CITRON YUZU 450G,450,Gram,0,1
ERHARD_GLACE_CAFE_450G,ERHARD CR?E GLACEE CAFE 450G,Vrac,Nos,1,0,0,,339.0,1,1,Winners,ERHARD CR?E GLACEE CAFE 450G,450,Gram,0,1
ERHARD_GL_PISTACHE_ECLATS_450G,ERHARD CR?E GLACEE PISTACHE 450G,Vrac,Nos,1,0,0,,50.0,1,1,Winners,ERHARD CR?E GLACEE PISTACHE 450G,450,Gram,0,1
APOLLO_CURRY_85G,APOLLO CURRY 85GMS,Ws Tuna 170G Chunks In,Nos,1,0,0,,9.5,1,1,Winners,APOLLO CURRY 85GMS,85,Gram,0,1
BELINDA_WH_PEELED_TOMATO_400G,BELINDA WHOLE PEELED TOMATO 400G,Ws Tuna 170G Chunks In,Nos,1,0,0,,26.0,1,1,Winners,BELINDA WHOLE PEELED TOMATO 400G,400,Gram,0,1
LKS_120G___PETIT_BEURRE,LKS PETIT BEURRE 120G,Ws Tuna 170G Chunks In,Nos,1,0,0,,53.0,1,1,Winners,LKS PETIT BEURRE 120G,120,Gram,0,1
APOLLO_CHICKEN_85G,APOLLO CHICKEN 85GMS,Ws Tuna 170G Chunks In,Nos,1,0,0,,9.5,1,1,Winners,APOLLO CHICKEN 85GMS,85,Gram,0,1
CONSERVES_DE_POISSON,CONSERVES DE POISSON,Ws Tuna 170G Chunks In,Nos,1,0,0,,150.0,1,1,Winners,CONSERVES DE POISSON,,,0,1
DDL_DRINKING_YOGPECABR_250ML,DDL DRINKING YOGHURT PECHE & ABRICOT 250ML,Yaourts,Nos,1,0,0,,47.95,1,1,Winners,DDL DRINKING YOGHURT PECHE & ABRICOT 250ML,250,Millilitre,0,1
DDL_DRINKING_YOGNATSUC_250ML,DDL DRINKING YOGHURT NATURE SUCRE 250ML,Yaourts,Nos,1,0,0,,47.95,1,1,Winners,DDL DRINKING YOGHURT NATURE SUCRE 250ML,250,Millilitre,0,1
DDL_DRINKING_YOGFRAISE_250ML,DDL DRINKING YOGHURT FRAISE 250ML,Yaourts,Nos,1,0,0,,28.0,1,1,Winners,DDL DRINKING YOGHURT FRAISE 250ML,250,Millilitre,0,1
DDL_DRINKING_YOGFRPASS_250ML,DDL DRINKING YOGHURT PASSION FRUIT 250ML,Yaourts,Nos,1,0,0,,39.0,1,1,Winners,DDL DRINKING YOGHURT PASSION FRUIT 250ML,250,Millilitre,0,1
DDL_DRINKING_YOGFRBOIS_250ML,DDL DRINKING YOGHURT FRUIT DES BOIS 250ML,Yaourts,Nos,1,0,0,,39.0,1,1,Winners,DDL DRINKING YOGHURT FRUIT DES BOIS 250ML,250,Millilitre,0,1
DAVALE_GRK_YGRT_MNGPP_125G,DAIRYVALE GREEK STYLE YOGHURT MANGO PEACH & PASSION FRUIT 125G,Yaourts,Nos,1,0,0,,37.5,1,1,Winners,DAIRYVALE GREEK STYLE YOGHURT MANGO PEACH & PASSION FRUIT 125G,125,Gram,0,1
SOIGNON_YRT_CHEVRE_VAN_4X125G,SOIGNON YAOURT BRASSE AU LAIT DE CHEVRE VANILLE 4 X 125G,Yaourts,Nos,1,0,0,,469.0,1,1,Winners,SOIGNON YAOURT BRASSE AU LAIT DE CHEVRE VANILLE 4 X 125G,125,Gram,0,1
SOIGNON_YRT_CHEVRE_MYRT_4X125G,SOIGNON YAOURT BRASSE AU LAIT DE CHEVRE MYRTILLE 4 X 125G,Yaourts,Nos,1,0,0,,329.0,1,1,Winners,SOIGNON YAOURT BRASSE AU LAIT DE CHEVRE MYRTILLE 4 X 125G,125,Gram,0,1
LES_2_VACHES_BIO_POIRE_4X115G,LES 2 VACHES YAOURT BIO SAVEUR POIRE 4 X 115G,Yaourts,Nos,1,0,0,,399.0,1,1,Winners,LES 2 VACHES YAOURT BIO SAVEUR POIRE 4 X 115G,115,Gram,0,1
LES_2_VACHES_BIO_COCO_4X115G,LES 2 VACHES YAOURT BIO A LA NOIX DE COCO 4 X 115G,Yaourts,Nos,1,0,0,,399.0,1,1,Winners,LES 2 VACHES YAOURT BIO A LA NOIX DE COCO 4 X 115G,115,Gram,0,1
GERVITA_FROMBLC_NAT_4X100G,GERVITA FROMAGE BLANC NATURE 4 X 100G,Yaourts,Nos,1,0,0,,399.0,1,1,Winners,GERVITA FROMAGE BLANC NATURE 4 X 100G,100,Gram,0,1
CO_BIO_YRT_NATURE_4X125G,CASINO BIO YAOURT NATURE 4 X 25G,Yaourts,Nos,1,0,0,,369.0,1,1,Winners,CASINO BIO YAOURT NATURE 4 X 25G,25,Gram,0,1
ACTIVIA_FRUITS_MANGUE_4X125G,ACTIVIA YAOURT AUX FRUITS MANGUE 4 X 125G,Yaourts,Nos,1,0,0,,299.0,1,1,Winners,ACTIVIA YAOURT AUX FRUITS MANGUE 4 X 125G,125,Gram,0,1
ACTIVIA_FRUITS_FRAISE_4X125G,ACTIVIA YAOURT AUX FRUITS FRAISE 4 X 125G,Yaourts,Nos,1,0,0,,250.0,1,1,Winners,ACTIVIA YAOURT AUX FRUITS FRAISE 4 X 125G,125,Gram,0,1
ACTIVIA_FRUITS_ANANAS_4X125G,ACTIVIA YAOURT AUX FRUITS ANANAS 4 X 125G,Yaourts,Nos,1,0,0,,429.0,1,1,Winners,ACTIVIA YAOURT AUX FRUITS ANANAS 4 X 125G,125,Gram,0,1
ACTIVIA_FRUITS_ABRICOT_4X125G,ACTIVIA YAOURT AUX FRUITS ABRICOT 4 X 125G,Yaourts,Nos,1,0,0,,299.0,1,1,Winners,ACTIVIA YAOURT AUX FRUITS ABRICOT 4 X 125G,125,Gram,0,1
ACTIMEL_A_BOIRE_ORIGINAL_645G,ACTIMEL YAPORT A BOIRE ORIGINAL 645G,Yaourts,Nos,1,0,0,,92.0,1,1,Winners,ACTIMEL YAPORT A BOIRE ORIGINAL 645G,645,Gram,0,1
ACTIMEL_ORIGNAT6X100G,ACTIMEL YAOURT A BOIRE NATURE 6 X 100G,Yaourts,Nos,1,0,0,,315.0,1,1,Winners,ACTIMEL YAOURT A BOIRE NATURE 6 X 100G,100,Gram,0,1
ACTIMEL_MUREMYRT_6X100G,ACTIMEL YAOURT A BOIRE MURE-MYRTILLE 6 X 100G,Yaourts,Nos,1,0,0,,499.0,1,1,Winners,ACTIMEL YAOURT A BOIRE MURE-MYRTILLE 6 X 100G,100,Gram,0,1
B52_ROUGE_75CL,B52 ROUGE 750ML,Vins Courant,Nos,1,0,0,,64.0,1,1,Winners,B52 ROUGE 750ML,750,Millilitre,0,1
B52_ROSE_75CL,B52 ROSE 750ML,Vins Courant,Nos,1,0,0,,144.95,1,1,Winners,B52 ROSE 750ML,750,Millilitre,0,1
B52_BLANC_75CL,B52 BLANC 750ML,Vins Courant,Nos,1,0,0,,144.95,1,1,Winners,B52 BLANC 750ML,750,Millilitre,0,1
TABLE_HOLDER_HOLDER_K2,TABLE HOLDER HOLDER K2,Telephonie,Nos,1,0,0,,259.0,1,1,Winners,TABLE HOLDER HOLDER K2,,,0,1
WINSTON_RED_NORMAL_X20,WINSTON RED NORMAL X20,Tabac 2,Nos,1,0,0,,41.5,1,1,Winners,WINSTON RED NORMAL X20,,,0,1
WINSTON_BLUE__LIGHTS_X20,WINSTON BLUE LIGHTS X20,Tabac 2,Nos,1,0,0,,225.0,1,1,Winners,WINSTON BLUE LIGHTS X20,,,0,1
ARDO_BROCCOLI_FLORETS_400G,ARDO BROCCOLI FLORETS 400G,Surgeles,Nos,1,0,0,,9.5,1,1,Winners,ARDO BROCCOLI FLORETS 400G,400,Gram,0,1
AP_DES_ILES_WANTAN_POULET_X15,AP DES ILES WANTAN POULET X15 200G,Surgeles,Nos,1,0,0,,16.0,1,1,Winners,AP DES ILES WANTAN POULET X15 200G,200,Gram,0,1
Y_C815ABL_20M_UTP,YC 815ABL 20M UTP CAT 6 CABLE,Support Enregistrement,Nos,1,0,0,,600.0,1,1,Winners,YC 815ABL 20M UTP CAT 6 CABLE,,,0,1
YC8134ABL_10M_UTP,YC 813ABL 10M UTP CAT 6 CABLE,Support Enregistrement,Nos,1,0,0,,300.0,1,1,Winners,YC 813ABL 10M UTP CAT 6 CABLE,,,0,1
Y_C811ABL_3M_UTP,YC 811ABL 3M UTP CAT 6 CABLE,Support Enregistrement,Nos,1,0,0,,135.0,1,1,Winners,YC 811ABL 3M UTP CAT 6 CABLE,,,0,1
Y_C47_3BK_1M_USB_2_0,YC 473BK 1M USB2 0 TYPE C MALE TO MICRO B MALE CABLE,Support Enregistrement,Nos,1,0,0,,190.0,1,1,Winners,YC 473BK 1M USB2 0 TYPE C MALE TO MICRO B MALE CABLE,,,0,1
Y_C461BBK_1M_USB_3_0_M,YC 461GBK 1M USB3 0 AM TO MICRO BM CABLE,Support Enregistrement,Nos,1,0,0,,180.0,1,1,Winners,YC 461GBK 1M USB3 0 AM TO MICRO BM CABLE,461,Gram,0,1
YC451_GBK_1M_USB_2_0_TYPE_A,YC 451GBK 1M USB2 0 TYPE A M TO MICRO USB M,Support Enregistrement,Nos,1,0,0,,85.0,1,1,Winners,YC 451GBK 1M USB2 0 TYPE A M TO MICRO USB M,451,Gram,0,1
Y21460_11M_USB_2_4PORT_HUB,YC 2146 0 11M USB2 0 4PORT HUB,Support Enregistrement,Nos,1,0,0,,220.0,1,1,Winners,YC 2146 0 11M USB2 0 4PORT HUB,,,0,1
Y__247A_USB_TO_STEREO_AUDIO_CO,Y 247A USB TO STEREO AUDIO CONVERTER,Support Enregistrement,Nos,1,0,0,,530.0,1,1,Winners,Y 247A USB TO STEREO AUDIO CONVERTER,,,0,1
USB_SILICONE_FAN,USB SILICONE FAN,Support Enregistrement,Nos,1,0,0,,108.0,1,1,Winners,USB SILICONE FAN,,,0,1
USB_OCTOPUS_CHARGER_CABLE,USB OCTOPUS CHARGER CABLE ALL IN 1,Support Enregistrement,Nos,1,0,0,,148.0,1,1,Winners,USB OCTOPUS CHARGER CABLE ALL IN 1,,,0,1
USB_MINI_VACCUM_CLEANER,USB MINI VACCUM CLEANER,Support Enregistrement,Nos,1,0,0,,186.0,1,1,Winners,USB MINI VACCUM CLEANER,,,0,1
USB_CABLE_A__AF__USB_EXTENSION,USB CABLE AAF 1 5 MTS USB EXTENSION,Support Enregistrement,Nos,1,0,0,,82.0,1,1,Winners,USB CABLE AAF 1 5 MTS USB EXTENSION,,,0,1
MP3_MP4_USB_CHARGER_PLUG,MP3 MP4 USB CHARGER PLUG,Support Enregistrement,Nos,1,0,0,,133.0,1,1,Winners,MP3 MP4 USB CHARGER PLUG,,,0,1
MICRO_USB_FAN__ANDROID,MICRO USB FAN ANDROID,Support Enregistrement,Nos,1,0,0,,72.0,1,1,Winners,MICRO USB FAN ANDROID,,,0,1
LAMPE_USB_SILICONE_ASST_COLOR,LAMPE USB SILICONE COLORIS,Support Enregistrement,Nos,1,0,0,,82.0,1,1,Winners,LAMPE USB SILICONE COLORIS,,,0,1
POWER_BANK_10000_MAH__BR_100T,KEVA POWER BANK 10000 MAH BR100T TYPE C,Support Enregistrement,Nos,1,0,0,,779.0,1,1,Winners,KEVA POWER BANK 10000 MAH BR100T TYPE C,,,0,1
AP_DES_ILES_WANTAN_CREVETTES,APERO DES ILES WANTAN CREVETTES 170G,Surgeles,Nos,1,0,0,,9.5,1,1,Winners,APERO DES ILES WANTAN CREVETTES 170G,170,Gram,0,1
AP_DES_ILES_SAMOUSSA_CREV_X30,APERO DES ILES SAMOUSSA CREVETTES X30 180G,Surgeles,Nos,1,0,0,,9.5,1,1,Winners,APERO DES ILES SAMOUSSA CREVETTES X30 180G,180,Gram,0,1
AP_DES_ILES_NEMS_SURIMI,APERO DES ILES NEMS SURIMI 190G,Surgeles,Nos,1,0,0,,9.5,1,1,Winners,APERO DES ILES NEMS SURIMI 190G,190,Gram,0,1
AP_DES_ILES_NEMS_POULET_X12,AP DES ILES NEMS POULET X12 280G,Surgeles,Nos,1,0,0,,29.1,1,1,Winners,AP DES ILES NEMS POULET X12 280G,280,Gram,0,1
AP_DES_ILES_CROUSTILLANT_LEGUM,APERO DES ILES CROUSTILLANT LEGUME 230G,Surgeles,Nos,1,0,0,,41.5,1,1,Winners,APERO DES ILES CROUSTILLANT LEGUME 230G,230,Gram,0,1
1000_PATES_PATE_FEUILDEROULER,MILLES PATES PATE FEUILLETE A DEROULER 220G,Surgeles,Nos,1,0,0,,81.0,1,1,Winners,MILLES PATES PATE FEUILLETE A DEROULER 220G,220,Gram,0,1
1000_PATES_PATE_BRISEE_220G,MILLES PATES PATE BRISEE 220G,Surgeles,Nos,1,0,0,,230.0,1,1,Winners,MILLES PATES PATE BRISEE 220G,220,Gram,0,1
1000_PATES_MINI_FEUILLEAMANDE,MILLES PATES 15 MINI FEUILLETE AMANDE,Surgeles,Nos,1,0,0,,44.0,1,1,Winners,MILLES PATES 15 MINI FEUILLETE AMANDE,,,0,1
1000_PATES_MINI_FEUILCHOCOLAT,MILLES PATES 15 MINI FEUILLETE CHOCOLAT,Surgeles,Nos,1,0,0,,49.95,1,1,Winners,MILLES PATES 15 MINI FEUILLETE CHOCOLAT,,,0,1
1000_PATES_MINI_FEUIL_BANANE,MILLES PATES 15 MINI FEUILLETE BANANE,Surgeles,Nos,1,0,0,,49.95,1,1,Winners,MILLES PATES 15 MINI FEUILLETE BANANE,,,0,1
1000_PATES_FEUILLETE_CREME,MILLES PATES 15 MINI FEUILLETE A LA CREME VANILLE,Surgeles,Nos,1,0,0,,9.5,1,1,Winners,MILLES PATES 15 MINI FEUILLETE A LA CREME VANILLE,,,0,1
1000_PATES_FEUILLEAU_FROMAGE,MILLES PATES 15 FEUILLETE AU FROMAGE,Surgeles,Nos,1,0,0,,170.0,1,1,Winners,MILLES PATES 15 FEUILLETE AU FROMAGE,,,0,1
1000_PATES_DISQUE_PIZZA_220G,MILLES PATES DISQUE PIZZA 220G,Surgeles,Nos,1,0,0,,159.0,1,1,Winners,MILLES PATES DISQUE PIZZA 220G,220,Gram,0,1
WS_DORADE_FILLET,WINNERS DORADE FILLET,Surgeles,Nos,1,0,0,,230.0,1,1,Winners,WINNERS DORADE FILLET,,,0,1
WS_BECUNE_SLICES_500G,WINNERS BECUNE SLICES 500G,Surgeles,Nos,1,0,0,,0.0,1,1,Winners,WINNERS BECUNE SLICES 500G,500,Gram,0,1
RONSARD_WHOLE_TURKEY_24KG,RONSARD WHOLE TURKEY 2.4KG,Surgeles,Nos,1,0,0,,64.0,1,1,Winners,RONSARD WHOLE TURKEY 2.4KG,2.4,Kg,0,1
MAREMLOBSTER_TAIL_MDG_KG,MAREMER LOBSTER TAIL MADAGASCAR LARGE,Surgeles,Nos,1,0,0,,339.5,1,1,Winners,MAREMER LOBSTER TAIL MADAGASCAR LARGE,,,0,1
MAREM_SH16_20_MAD_500G,MAREMER HEADLESS SHRIMPS 16/20 MADAGASCAR 500G,Surgeles,Nos,1,0,0,,609.0,1,1,Winners,MAREMER HEADLESS SHRIMPS 16/20 MADAGASCAR 500G,500,Gram,0,1
MAREM_H_ON_OCTOPUS_G_A_M_1KG,MAREMER HEAD ON OCTOPUS GRADE A MADAGASCAR 1KG,Surgeles,Nos,1,0,0,,230.0,1,1,Winners,MAREMER HEAD ON OCTOPUS GRADE A MADAGASCAR 1KG,1,Kg,0,1
MAREMER_CAPITAINE_ECAILLES,MAREMER CAPITAINE ECAILLE,Surgeles,Nos,1,0,0,,360.0,1,1,Winners,MAREMER CAPITAINE ECAILLE,,,0,1
MBORDE_GIROLLES_24CM_1KG,M.BORDE GIROLLES 1KG,Surgeles,Nos,1,0,0,,46.0,1,1,Winners,M.BORDE GIROLLES 1KG,1,Kg,0,1
DOUX_WHOLE_TURKEY_KG,DOUX WHOLE TURKEY KG,Surgeles,Nos,1,0,0,,415.0,1,1,Winners,DOUX WHOLE TURKEY KG,,,0,1
ROTHMANS_X20,ROTHMANS X20,Tabac 2,Nos,1,0,0,,46.9,1,1,Winners,ROTHMANS X20,,,0,1
PALL_MALL_20HL_RED,PALL MALL 20HL RED,Tabac 2,Nos,1,0,0,,75.0,1,1,Winners,PALL MALL 20HL RED,,,0,1
NEOS_CAPUCCINO_X10,NEOS CAPUCCINO X10,Tabac 2,Nos,1,0,0,,360.0,1,1,Winners,NEOS CAPUCCINO X10,,,0,1
MONTECRISTO_MINI_X10,MONTECRISTO MINI X10,Tabac 2,Nos,1,0,0,,725.0,1,1,Winners,MONTECRISTO MINI X10,,,0,1
MATINEE_X20,MATINEE X20,Tabac 2,Nos,1,0,0,,5.2,1,1,Winners,MATINEE X20,,,0,1
MARLBORO_RED_X_20,MARLBORO RED X20,Tabac 2,Nos,1,0,0,,24.0,1,1,Winners,MARLBORO RED X20,,,0,1
MARLBORO_GOLD_X_20,MARLBORO GOLD X20,Tabac 2,Nos,1,0,0,,32.0,1,1,Winners,MARLBORO GOLD X20,,,0,1
DUNHILL_RED_X_20HL,DUNHILL RED X20HL,Tabac 2,Nos,1,0,0,,60.0,1,1,Winners,DUNHILL RED X20HL,,,0,1
CHESTERFIELD_YELLOW,CHESTERFIELD YELLOW,Tabac 2,Nos,1,0,0,,32.0,1,1,Winners,CHESTERFIELD YELLOW,,,0,1
CHESTERFIELD_RED,CHESTERFIELD RED,Tabac 2,Nos,1,0,0,,64.0,1,1,Winners,CHESTERFIELD RED,,,0,1
CHESTERFIELD_PRESS_BLUE,CHESTERFIELD PRESS BLUE,Tabac 2,Nos,1,0,0,,46.9,1,1,Winners,CHESTERFIELD PRESS BLUE,,,0,1
CAMEL_DOUBLE_MINT_PURPLE,CAMEL DOUBLE,Tabac 2,Nos,1,0,0,,70.7,1,1,Winners,CAMEL DOUBLE,,,0,1
CAMEL_CIGARET_FULL_FLAVOUR_X20,CAMEL CIGARET FULL FLAVOUR X20,Tabac 2,Nos,1,0,0,,9.5,1,1,Winners,CAMEL CIGARET FULL FLAVOUR X20,,,0,1
CAMEL_CIGARET_BLUE_LIGHTS_X20,CAMEL CIGARETTES BLUE LIGHTS X20,Tabac 2,Nos,1,0,0,,159.0,1,1,Winners,CAMEL CIGARETTES BLUE LIGHTS X20,,,0,1
CAFE_CREME_ORIGINAL_X20,CAFE CREME ORIGINAL X20,Tabac 2,Nos,1,0,0,,785.0,1,1,Winners,CAFE CREME ORIGINAL X20,,,0,1
CAFE_CREME_CIGAR_ORIGINALX10,CAFE CREME CIGAR ORIGINAL X10,Tabac 2,Nos,1,0,0,,360.0,1,1,Winners,CAFE CREME CIGAR ORIGINAL X10,,,0,1
CAFE_CREME_CIGAR_BLUE_X10,CAFE CREME CIGAR BLUE X10,Tabac 2,Nos,1,0,0,,360.0,1,1,Winners,CAFE CREME CIGAR BLUE X10,,,0,1
CAFE_CREME_BLUEX20,CAFE CREME BLUE X20,Tabac 2,Nos,1,0,0,,754.95,1,1,Winners,CAFE CREME BLUE X20,,,0,1
BENSON___HEDGES_X_20,BENSON HEDGES X20,Tabac 2,Nos,1,0,0,,70.7,1,1,Winners,BENSON HEDGES X20,,,0,1
PROMATE_WHT_FSTRAP_PHONEHOLDER,PROMATE WHTE FINGER STRAP PHONE HOLDER,Telephonie,Nos,1,0,0,,159.0,1,1,Winners,PROMATE WHTE FINGER STRAP PHONE HOLDER,,,0,1
BT_SPORTS_BONE_EARP_RIPPLE_BLU,PROMATE BT SPORTS BONE EARPHONE RIPPLE BLUE,Telephonie,Nos,1,0,0,,1290.0,1,1,Winners,PROMATE BT SPORTS BONE EARPHONE RIPPLE BLUE,,,0,1
PROMATE_BLK_FSTRAP_PHONEHOLDER,PROMATE BLACK FINGER STRAP PHONEHOLDER,Telephonie,Nos,1,0,0,,159.0,1,1,Winners,PROMATE BLACK FINGER STRAP PHONEHOLDER,,,0,1
OFIA_CHARGER_KIT_3XUSB_MICRO,OFIA CHARGER KIT 3XUSB MIRCO USB,Telephonie,Nos,1,0,0,,272.0,1,1,Winners,OFIA CHARGER KIT 3XUSB MIRCO USB,,,0,1
OFIA_CHARGER_KIT_3XUSB_IPHONE,OFIA CHARGER KIT 3XUSB IPHONE,Telephonie,Nos,1,0,0,,272.0,1,1,Winners,OFIA CHARGER KIT 3XUSB IPHONE,,,0,1
WIRELESS_CHARGER_FC_900Q_TYPEC,OEM WIRELESS CHARGER FC 900Q TYPE C,Telephonie,Nos,1,0,0,,413.0,1,1,Winners,OEM WIRELESS CHARGER FC 900Q TYPE C,,,0,1
TYPE_C_EARPHONE,OEM TYPE C EARPHONE,Telephonie,Nos,1,0,0,,165.0,1,1,Winners,OEM TYPE C EARPHONE,,,0,1
LIGHTING_EARPHONE_IPHONE,OEM LIGHTING EARPHONE IPHONE,Telephonie,Nos,1,0,0,,206.0,1,1,Winners,OEM LIGHTING EARPHONE IPHONE,,,0,1
MONOPOD_TELEPHONE_SELFIE_HOLDE,MONOPOD TELEPHONE SELFIE HOLDER,Telephonie,Nos,1,0,0,,185.0,1,1,Winners,MONOPOD TELEPHONE SELFIE HOLDER,,,0,1
MOBILE_TRIPOD_STICK,MOBILE TRIPOD STICK,Telephonie,Nos,1,0,0,,239.0,1,1,Winners,MOBILE TRIPOD STICK,,,0,1
MIRROR_MOUNTED_MOB_HOLDER,MIRROR MOUNTED MOBILE HOLDER,Telephonie,Nos,1,0,0,,200.0,1,1,Winners,MIRROR MOUNTED MOBILE HOLDER,,,0,1
JBL_L29_BASS_EARPHONE,L29 BASS EARPHONE,Telephonie,Nos,1,0,0,,100.0,1,1,Winners,L29 BASS EARPHONE,,,0,1
FREE_YR_HAND_MOB_HOLDER,FREE YR HAND MOB HOLDER,Telephonie,Nos,1,0,0,,146.0,1,1,Winners,FREE YR HAND MOB HOLDER,,,0,1
FOLDABLE_TELEPHONE_STAND,FOLDABLE TELEPHONE STAND DZ 902,Telephonie,Nos,1,0,0,,130.0,1,1,Winners,FOLDABLE TELEPHONE STAND DZ 902,,,0,1
G3_CELEBRAT_WIRED_EARPHONES,CELEBRAT G3 EARPHONE,Telephonie,Nos,1,0,0,,175.0,1,1,Winners,CELEBRAT G3 EARPHONE,,,0,1
G12_CELEBRAT_WIRED_EARPHONES,CELEBRAT CALL MUISC EARPHONE G12,Telephonie,Nos,1,0,0,,225.0,1,1,Winners,CELEBRAT CALL MUISC EARPHONE G12,,,0,1
TWISTIES_20G__CHICKEN,TWISTIES CHICKEN 20G,Subana Seasons G 2022 B 225G,Nos,1,0,0,,15.5,1,1,Winners,TWISTIES CHICKEN 20G,20,Gram,0,1
TERRINE_DE_PORC_ENTIER,TERRINE DE PORC ENTIER,Stand,Nos,1,0,0,,9.5,1,1,Winners,TERRINE DE PORC ENTIER,,,0,1
SALAMI_MILANO,SALAMI MILANO,Stand,Nos,1,0,0,,230.0,1,1,Winners,SALAMI MILANO,,,0,1
BAY_CARDAMOM_LARGE,BAYARA CARDAMOM LARGE,Souk,Nos,1,0,0,,4469.5,1,1,Winners,BAYARA CARDAMOM LARGE,,,0,1
BAY_CAJUN_SPICES,BAYARA CAJUN SPICES,Souk,Nos,1,0,0,,579.5,1,1,Winners,BAYARA CAJUN SPICES,,,0,1
BAY_BURGHOL_FINE,BAYARA BURGHOL FINE,Souk,Nos,1,0,0,,189.5,1,1,Winners,BAYARA BURGHOL FINE,,,0,1
MIKO_MAG_MN_WHITE_6X55ML,MIKO MAGNUM MINI WHITE 6X55ML,Specialites Indiv A Partager,Nos,1,0,0,,80.85,1,1,Winners,MIKO MAGNUM MINI WHITE 6X55ML,55,Millilitre,0,1
MIKO_MAG_MN_CLASSIC_6X55ML,MIKO MAGNUM MINI CLASSIC 6X55ML,Specialites Indiv A Partager,Nos,1,0,0,,10.0,1,1,Winners,MIKO MAGNUM MINI CLASSIC 6X55ML,55,Millilitre,0,1
MIKO_MAG_MN_CL_AM_BL_6X55ML,MIKO MAGNUM MINI CLASSIC ALMOND WHITE 6X55ML,Specialites Indiv A Partager,Nos,1,0,0,,18.8,1,1,Winners,MIKO MAGNUM MINI CLASSIC ALMOND WHITE 6X55ML,55,Millilitre,0,1
MIKO_MAG_MN_ALMOND_6X_55ML,MIKO MAGNUM MINI ALMOND 6X 55ML,Specialites Indiv A Partager,Nos,1,0,0,,16.0,1,1,Winners,MIKO MAGNUM MINI ALMOND 6X 55ML,55,Millilitre,0,1
MARS_ICREAM_X6CARAMEL_B_223G,MARS ICE CREAM CARAMEL BAR X6 223G,Specialites Indiv A Partager,Nos,1,0,0,,85.0,1,1,Winners,MARS ICE CREAM CARAMEL BAR X6 223G,223,Gram,0,1
MARS_ICREAM_X6_250G,MARS ICE CREAM X6 250G,Specialites Indiv A Partager,Nos,1,0,0,,16.0,1,1,Winners,MARS ICE CREAM X6 250G,250,Gram,0,1
LT_GMT_BATGL_VENPIS_4X85ML,LA TROPICALE GOURMET BATONNET GLACE VANILLE ENROBE CHOCO ECLATS PISTACHIO X85ML,Specialites Indiv A Partager,Nos,1,0,0,,44.0,1,1,Winners,LA TROPICALE GOURMET BATONNET GLACE VANILLE ENROBE CHOCO ECLATS PISTACHIO X85ML,85,Millilitre,0,1
LT_GMT_BATGL_VENCHO_4X85ML,LA TROPICALE GOURMET BATONNET GLACE VANILLE ENROBE CHOCO 4X85ML,Specialites Indiv A Partager,Nos,1,0,0,,52.0,1,1,Winners,LA TROPICALE GOURMET BATONNET GLACE VANILLE ENROBE CHOCO 4X85ML,85,Millilitre,0,1
LT_GMT_BATGL_CHOCOR_4X85ML,LA TROPICALE GOURMET BATONNET GLACE CHOCOLAT ORANGE 4X85ML,Specialites Indiv A Partager,Nos,1,0,0,,52.0,1,1,Winners,LA TROPICALE GOURMET BATONNET GLACE CHOCOLAT ORANGE 4X85ML,85,Millilitre,0,1
LP_CORNETS_RH_RAISIN_X6_414G,LEADER PRICE CORNETS RHUM RAISINS X6 414G,Specialites Indiv A Partager,Nos,1,0,0,,0.0,1,1,Winners,LEADER PRICE CORNETS RHUM RAISINS X6 414G,414,Gram,0,1
LDAIRY_TRIO_HAZ_BCHOC_6X60ML,LONDON DAIRY MULTIPACK TRIO HAZELNUT BELGIAN CHOCOLATE 6X60ML,Specialites Indiv A Partager,Nos,1,0,0,,24.0,1,1,Winners,LONDON DAIRY MULTIPACK TRIO HAZELNUT BELGIAN CHOCOLATE 6X60ML,60,Millilitre,0,1
LDAIRY_PRAL_PDCHOCS_6X60ML,LONDON DAIRY MULTIPACK PRALINES CREAM D.CHOCOLATE STRAWBERRY 6X60ML,Specialites Indiv A Partager,Nos,1,0,0,,92.0,1,1,Winners,LONDON DAIRY MULTIPACK PRALINES CREAM D.CHOCOLATE STRAWBERRY 6X60ML,60,Millilitre,0,1
LD_MN_SORBPABR_BPIN_6X50ML,LONDON DAIRY MINI SORBET MULTIPACK PEACH ABRICOT BLUEBERRY PINACOLADA 6X50ML,Specialites Indiv A Partager,Nos,1,0,0,,24.0,1,1,Winners,LONDON DAIRY MINI SORBET MULTIPACK PEACH ABRICOT BLUEBERRY PINACOLADA 6X50ML,50,Millilitre,0,1
LD_MN_SORBMANG_RASPB_6X50ML,LONDON DAIRY MINI SORBET MULTIPACK MANGO/RASPBERRY/GUAVA 6X50ML,Specialites Indiv A Partager,Nos,1,0,0,,42.0,1,1,Winners,LONDON DAIRY MINI SORBET MULTIPACK MANGO/RASPBERRY/GUAVA 6X50ML,50,Millilitre,0,1
LD_BE_TIRAM_CM_MCH_6X60ML,LONDON DAIRY MULTIPACK B.EDITION TIRAMISU CHOC.MINT/MALT CHOCOLATE 6X60ML,Specialites Indiv A Partager,Nos,1,0,0,,44.0,1,1,Winners,LONDON DAIRY MULTIPACK B.EDITION TIRAMISU CHOC.MINT/MALT CHOCOLATE 6X60ML,60,Millilitre,0,1
LD_BE_CHB_CHOC_BROWN_6X60ML,LONDON DAIRY MULTIPACK B.EDITION CHOCO BERRY WHITE CHOC ALM CHOCO BROWNIE 6X60ML,Specialites Indiv A Partager,Nos,1,0,0,,47.95,1,1,Winners,LONDON DAIRY MULTIPACK B.EDITION CHOCO BERRY WHITE CHOC ALM CHOCO BROWNIE 6X60ML,60,Millilitre,0,1
FERRERO_ROCHER_CLASSICX_4_200G,FERRERO ROCHER CLASSIC X 4 200G,Specialites Indiv A Partager,Nos,1,0,0,,41.8,1,1,Winners,FERRERO ROCHER CLASSIC X 4 200G,200,Gram,0,1
ESKIMO_PIE_CHOC_STICK_6X70ML,ESKIMO PIE CHOC STICK 6X70ML,Specialites Indiv A Partager,Nos,1,0,0,,24.0,1,1,Winners,ESKIMO PIE CHOC STICK 6X70ML,70,Millilitre,0,1
SALAME_SPIANATA_PICCANTE,SALAME SPIANATA PICCANTE,Stand,Nos,1,0,0,,153.0,1,1,Winners,SALAME SPIANATA PICCANTE,,,0,1
PATE_DE_CAMPAGNE_PUR_PORC_ENT,PATE DE CAMPAGNE PUR PORC ENTIER,Stand,Nos,1,0,0,,230.0,1,1,Winners,PATE DE CAMPAGNE PUR PORC ENTIER,,,0,1
LOSTE_JAMBON_DE_BAYONNE,LOSTE JAMBON DE BAYONNE,Stand,Nos,1,0,0,,1410.0,1,1,Winners,LOSTE JAMBON DE BAYONNE,,,0,1
CHIKO_SAUCISSE_CHINOISE_VOL,CHIKO SAUCISSE CHINOISE VOLAILLE,Stand,Nos,1,0,0,,749.0,1,1,Winners,CHIKO SAUCISSE CHINOISE VOLAILLE,,,0,1
CHIKO_MOUSSELINE_VOL_ENT,CHIKO MOUSSELINE VOLAILLE ENTIER,Stand,Nos,1,0,0,,320.0,1,1,Winners,CHIKO MOUSSELINE VOLAILLE ENTIER,,,0,1
BARO_SALAMI_ENTIER,BARO SALAMI ENTIER,Stand,Nos,1,0,0,,40.0,1,1,Winners,BARO SALAMI ENTIER,,,0,1
CHUTES_JBN_VOLKG,CHUTES JAMBON VOLAILLES,Stand,Nos,1,0,0,,369.0,1,1,Winners,CHUTES JAMBON VOLAILLES,,,0,1
CHUTES_DE_JAMBON_SUPERIEUR,CHUTES DE JAMBON SUPERIEUR,Stand,Nos,1,0,0,,529.0,1,1,Winners,CHUTES DE JAMBON SUPERIEUR,,,0,1
CHUTES_DE_JAMBON,CHUTES DE JAMBON,Stand,Nos,1,0,0,,445.0,1,1,Winners,CHUTES DE JAMBON,,,0,1
YOPLAIT_SILH_FRAISE_125G,YOPLAIT SILHOUETTE 0% MATIERE GRASSE FRAISE 125G,Subana Seasons G 2022 B 225G,Nos,1,0,0,,9.5,1,1,Winners,YOPLAIT SILHOUETTE 0% MATIERE GRASSE FRAISE 125G,125,Gram,0,1
POP_POP_SWEET_CORN_16GMS,CV POP POP SWEET CORN 16G,Subana Seasons G 2022 B 225G,Nos,1,0,0,,9.5,1,1,Winners,CV POP POP SWEET CORN 16G,16,Gram,0,1
TRUST_DRY_IRON_1000W_TDI_5188N,TRUST DRY IRON 1000W TDI 5188N,Soin Du Linge,Nos,1,0,0,,550.0,1,1,Winners,TRUST DRY IRON 1000W TDI 5188N,,,0,1
MMAYO_MAYONNAISE_ORIGSM_170G,MA MAYO MAYONNAISE ORIGINAL SMALL 170G,Sauce Frais,Nos,1,0,0,,151.0,1,1,Winners,MA MAYO MAYONNAISE ORIGINAL SMALL 170G,170,Gram,0,1
GUYADER_TARTTHON_FROMAGE_120G,GUYADER TARTARE DE THON AU FROMAGE 120G,Saurisserie,Nos,1,0,0,,198.0,1,1,Winners,GUYADER TARTARE DE THON AU FROMAGE 120G,120,Gram,0,1
TECHWOOD_RECHAR_EPILATOR_TEP41,TECHWOOD RECHARGEABLE EPILATOR TEP41,Rasage Epilation,Nos,1,0,0,,1075.0,1,1,Winners,TECHWOOD RECHARGEABLE EPILATOR TEP41,,,0,1
TECHWOOD_BEAUTY_BOX_TMA88,TECHWOOD BEAUTY BOX TMA88,Rasage Epilation,Nos,1,0,0,,1590.0,1,1,Winners,TECHWOOD BEAUTY BOX TMA88,,,0,1
EL_POZO_SOUBRESSADIBERIQ_200G,EL POZO SOUBRESSADE IBERIQUE 200G,Saurisserie,Nos,1,0,0,,204.0,1,1,Winners,EL POZO SOUBRESSADE IBERIQUE 200G,200,Gram,0,1
BRIVER_CHUTE_MARLIN_FR_250G,ESPUNA CHORIZO DOUX 200G,Saurisserie,Nos,1,0,0,,41.5,1,1,Winners,ESPUNA CHORIZO DOUX 200G,200,Gram,0,1
ATLANTIC_SALT_SNOEK_TRAY_200G,ATLANTIC SALT SNOEK TRAY 200G,Saurisserie,Nos,1,0,0,,9.5,1,1,Winners,ATLANTIC SALT SNOEK TRAY 200G,200,Gram,0,1
TLJ_SAUMON_FUME_180G,TOUS LES JOURS SAUMON FUME 180G,Saurisserie,Nos,1,0,0,,75.0,1,1,Winners,TOUS LES JOURS SAUMON FUME 180G,180,Gram,0,1
TARAMA_100G,TARAMA AUX OEUFS DE CABILLAUD FUMES 100G,Saurisserie,Nos,1,0,0,,124.0,1,1,Winners,TARAMA AUX OEUFS DE CABILLAUD FUMES 100G,100,Gram,0,1
SMOKED_TUNA_SLICES_500G,SMOKED TUNA SLICES 500G,Saurisserie,Nos,1,0,0,,625.0,1,1,Winners,SMOKED TUNA SLICES 500G,500,Gram,0,1
SMOKED_MARLIN_SLICES_500G,SMOKED MARLIN SLICES 500G,Saurisserie,Nos,1,0,0,,0.0,1,1,Winners,SMOKED MARLIN SLICES 500G,500,Gram,0,1
PATE_CAMPAGNE_SUPTR_160G,PATE CAMPAGNE SUPERIEUR TRANCHE 160G,Saurisserie,Nos,1,0,0,,189.0,1,1,Winners,PATE CAMPAGNE SUPERIEUR TRANCHE 160G,160,Gram,0,1
PATE_CAMPAGNE_POIVRE_VERT_160G,PATE CAMPAGNE POIVRE VERT 160G,Saurisserie,Nos,1,0,0,,229.0,1,1,Winners,PATE CAMPAGNE POIVRE VERT 160G,160,Gram,0,1
PG_MOULE_MARINEES_APER_20OG,PARIS GASTRONOMIE MOULE DU PACIFIQUE MARINEES APERITIF 20OG,Saurisserie,Nos,1,0,0,,295.0,1,1,Winners,PARIS GASTRONOMIE MOULE DU PACIFIQUE MARINEES APERITIF 20OG,,,0,1
MOUSSE_DE_CANARD_TR_160G,MOUSSE DE CANARD TRANCHE 160G,Saurisserie,Nos,1,0,0,,209.0,1,1,Winners,MOUSSE DE CANARD TRANCHE 160G,160,Gram,0,1
MONEGASQUE_FILET_ANCHOIS_100G,MONEGASQUE FILET ANCHOIS 100G,Saurisserie,Nos,1,0,0,,269.0,1,1,Winners,MONEGASQUE FILET ANCHOIS 100G,100,Gram,0,1
LABEY_OEUFS_DE_LOMPE_ROUGE_80G,LABEYRIE OEUFS DE LOMPE ROUGE 80G,Saurisserie,Nos,1,0,0,,329.0,1,1,Winners,LABEYRIE OEUFS DE LOMPE ROUGE 80G,80,Gram,0,1
FISH_AVEN_SAUMON_FUM_ATL_150G,FISH AVEN SAUMON FUME ATLANTIQUE FRAIS 150G,Saurisserie,Nos,1,0,0,,29.0,1,1,Winners,FISH AVEN SAUMON FUME ATLANTIQUE FRAIS 150G,150,Gram,0,1
CO_SAUMON_ECOSSE_4TR_160G,CASINO SAUMON ECOSSE 4 TRANCHES 160G,Saurisserie,Nos,1,0,0,,589.0,1,1,Winners,CASINO SAUMON ECOSSE 4 TRANCHES 160G,160,Gram,0,1
CO_OEUFS_LPE_RG_MSC_100G,CASINO OEUFS DE LOMPE ROUGE MSC 100G,Saurisserie,Nos,1,0,0,,199.0,1,1,Winners,CASINO OEUFS DE LOMPE ROUGE MSC 100G,100,Gram,0,1
CASINO_MN_BLINIS_X16_135G,CASINO MINI BLINIS X16 135G,Saurisserie,Nos,1,0,0,,129.0,1,1,Winners,CASINO MINI BLINIS X16 135G,135,Gram,0,1
CO_FILHAR_HUILE_AROM125G,CASINO FILET HARENG HUILE AROMATE 125G,Saurisserie,Nos,1,0,0,,129.0,1,1,Winners,CASINO FILET HARENG HUILE AROMATE 125G,125,Gram,0,1
CO_FANCHOIS_A_L_DOLIVE_200G,CASINO FILET ANCHOIS A L[HUILE D`OLIVE 200G,Saurisserie,Nos,1,0,0,,299.0,1,1,Winners,CASINO FILET ANCHOIS A L[HUILE D`OLIVE 200G,200,Gram,0,1
CO_CVI_BRANDADE_MORUE_200G,CASINO CVI BRANDADE MORUE 200G,Saurisserie,Nos,1,0,0,,26.0,1,1,Winners,CASINO CVI BRANDADE MORUE 200G,200,Gram,0,1
CO_BIO_LARDONS_SAUMON_90G,CASINO BIO LARDONS SAUMON 90G,Saurisserie,Nos,1,0,0,,249.0,1,1,Winners,CASINO BIO LARDONS SAUMON 90G,90,Gram,0,1
CO_BIO_EMINCE_SAUMON_100G,CASINO BIO EMINCE SAUMON 100G,Saurisserie,Nos,1,0,0,,369.0,1,1,Winners,CASINO BIO EMINCE SAUMON 100G,100,Gram,0,1
COCEAN_RILLETTES_SAUMON_150G,CAP OCEAN RILLETTES SAUMON 150G,Saurisserie,Nos,1,0,0,,198.0,1,1,Winners,CAP OCEAN RILLETTES SAUMON 150G,150,Gram,0,1
COCEAN_RILLETTE_DE_THON_150G,CAP OCEAN RILLETTE DE THON 150G,Saurisserie,Nos,1,0,0,,179.0,1,1,Winners,CAP OCEAN RILLETTE DE THON 150G,150,Gram,0,1
MMAYO_MAYONNAISE_ORIGLG_430G,MA MAYO MAYONNAISE ORIGINAL LARGE 430G,Sauce Frais,Nos,1,0,0,,338.0,1,1,Winners,MA MAYO MAYONNAISE ORIGINAL LARGE 430G,430,Gram,0,1
MMAYO_MAYONNAISE_COMBAVA_340G,MA MAYO MAYONNAISE COMBAVA 340G,Sauce Frais,Nos,1,0,0,,359.5,1,1,Winners,MA MAYO MAYONNAISE COMBAVA 340G,340,Gram,0,1
MMAYO_MAYONNAISE_COMBAVA_170G,MA MAYO MAYONNAISE COMBAVA 170G,Sauce Frais,Nos,1,0,0,,158.5,1,1,Winners,MA MAYO MAYONNAISE COMBAVA 170G,170,Gram,0,1
FEE_MAISON_MAYONNAISE_220G,FEE MAISON MAYONNAISE 220G,Sauce Frais,Nos,1,0,0,,18.8,1,1,Winners,FEE MAISON MAYONNAISE 220G,220,Gram,0,1
TARTARE_NX_ECLAT_AMANDES_250G,TARTARE FROMAGE A TARTINER NOIX & ECLATS D'AMANDES 250G,Sauce Frais,Nos,1,0,0,,399.0,1,1,Winners,TARTARE FROMAGE A TARTINER NOIX & ECLATS D'AMANDES 250G,250,Gram,0,1
TARTARE_CIB_ECH250G,TARTARE FROMAGE A TARTINER CIBOULETTE & ECHALOTTE 250G,Sauce Frais,Nos,1,0,0,,399.0,1,1,Winners,TARTARE FROMAGE A TARTINER CIBOULETTE & ECHALOTTE 250G,250,Gram,0,1
DECAKIL_STEAM_STATION_KEEN006B,DECAKILA STEAM STATION KEEN006B,Soin Du Linge,Nos,1,0,0,,0.0,1,1,Winners,DECAKILA STEAM STATION KEEN006B,,,0,1
TRUST_HAND_MIXER_BLACK_HM733AG,TRUST HAND MIXER BLACK HM733AG,Preparation Alimentaire,Nos,1,0,0,,0.0,1,1,Winners,TRUST HAND MIXER BLACK HM733AG,,,0,1
FIESTA_WANTAN_AU_POISSON_200G,FIESTA WANTAN AU POISSON 200G,Potages Et Entrees Surgeles,Nos,1,0,0,,159.0,1,1,Winners,FIESTA WANTAN AU POISSON 200G,200,Gram,0,1
ZFARM_TRANCHE_DE_PORC_PANNE,ZOE FARM TRANCHE DE PORC PANNE,Porc Traditionel,Nos,1,0,0,,570.0,1,1,Winners,ZOE FARM TRANCHE DE PORC PANNE,,,0,1
ZFARM_SAO_MAI_PORC_X_12_BARQ,ZFARM SAO MAI PORC X 12 BARQ,Porc Ls,Nos,1,0,0,,230.0,1,1,Winners,ZFARM SAO MAI PORC X 12 BARQ,,,0,1
ZFARM_NIOUK_YEN_PORC_X_12_BARQ,ZFARM NIOUK YEN PORC X 12 BARQ,Porc Ls,Nos,1,0,0,,9.5,1,1,Winners,ZFARM NIOUK YEN PORC X 12 BARQ,,,0,1
ZFARM_BOUCHON_PORC_X_12_BARQ,ZFARM BOUCHON PORC X 12 BARQ,Porc Ls,Nos,1,0,0,,75.0,1,1,Winners,ZFARM BOUCHON PORC X 12 BARQ,,,0,1
ZF_SAUTE_DE_PORC,ZOE FARM SAUTE DE PORC,Porc Ls,Nos,1,0,0,,500.0,1,1,Winners,ZOE FARM SAUTE DE PORC,,,0,1
ZF_SAUCISSE_PAYS,ZOE FARM SAUCISSE PAYS,Porc Ls,Nos,1,0,0,,9.5,1,1,Winners,ZOE FARM SAUCISSE PAYS,,,0,1
ZF_SAUCISSE_NATURE,ZOE FARM SAUCISSE NATURE,Porc Ls,Nos,1,0,0,,24.0,1,1,Winners,ZOE FARM SAUCISSE NATURE,,,0,1
ZF_SAUCISSE_MERGUEZ,ZOE FARM SAUCISSE MERGUEZ,Porc Ls,Nos,1,0,0,,24.0,1,1,Winners,ZOE FARM SAUCISSE MERGUEZ,,,0,1
ZF_SAUCISSE_CHIPOLATA,ZOE FARM SAUCISSE CHIPOLATA,Porc Ls,Nos,1,0,0,,24.0,1,1,Winners,ZOE FARM SAUCISSE CHIPOLATA,,,0,1
ZF_ROTI_AU_JAMBON,ZOE FARM ROTI AU JAMBON,Porc Ls,Nos,1,0,0,,490.0,1,1,Winners,ZOE FARM ROTI AU JAMBON,,,0,1
ZF_LARD_FRAIS,ZOE FARM LARD FRAIS,Porc Ls,Nos,1,0,0,,480.0,1,1,Winners,ZOE FARM LARD FRAIS,,,0,1
ZF_JAMBON_ARTIZAN,ZOE FARM JAMBON ARTIZAN,Porc Ls,Nos,1,0,0,,9.5,1,1,Winners,ZOE FARM JAMBON ARTIZAN,,,0,1
ZF_HACHE_PREPAREE,ZOE FARM HACHE PREPAREE,Porc Ls,Nos,1,0,0,,24.0,1,1,Winners,ZOE FARM HACHE PREPAREE,,,0,1
ZF_HACHE_NATURE,ZOE FARM HACHE NATURE,Porc Ls,Nos,1,0,0,,475.0,1,1,Winners,ZOE FARM HACHE NATURE,,,0,1
ZF_CREPINETTE,ZOE FARM CREPINETTE,Porc Ls,Nos,1,0,0,,500.0,1,1,Winners,ZOE FARM CREPINETTE,,,0,1
ZF_COTE_A_MANCHE,ZOE FARM COTE A MANCHE,Porc Ls,Nos,1,0,0,,33.5,1,1,Winners,ZOE FARM COTE A MANCHE,,,0,1
ZFARM_SAUCISSE_VIENNOISE,ZOE FARM SAUCISSE VIENNOISE,Porc Ls,Nos,1,0,0,,230.0,1,1,Winners,ZOE FARM SAUCISSE VIENNOISE,,,0,1
ZFARM_SAUCISSE_CAMPAGNE_2,ZOE FARM SAUCISSE CAMPAGNE,Porc Ls,Nos,1,0,0,,570.0,1,1,Winners,ZOE FARM SAUCISSE CAMPAGNE,,,0,1
WS_SAUTE_DE_PORC_LS,WS SAUTE DE PORC LS,Porc Ls,Nos,1,0,0,,0.0,1,1,Winners,WS SAUTE DE PORC LS,,,0,1
WS_SAUCISSE_DE_PORC_NATURE_LS,WS SAUCISSE DE PORC NATURE LS,Porc Ls,Nos,1,0,0,,599.9,1,1,Winners,WS SAUCISSE DE PORC NATURE LS,,,0,1
WS_SAUCISSE_CREOLE_LS,WS SAUCISSE CREOLE LS,Porc Ls,Nos,1,0,0,,609.9,1,1,Winners,WS SAUCISSE CREOLE LS,,,0,1
WS_SAUCISSE_CHINOISE_LS,WS SAUCISSE CHINOISE LS,Porc Ls,Nos,1,0,0,,230.0,1,1,Winners,WS SAUCISSE CHINOISE LS,,,0,1
WS_CREPINETTE_LS,WS CREPINETTE LS,Porc Ls,Nos,1,0,0,,44.5,1,1,Winners,WS CREPINETTE LS,,,0,1
WS_BOUCANE_LS,WS BOUCANE LS,Porc Ls,Nos,1,0,0,,230.0,1,1,Winners,WS BOUCANE LS,,,0,1
ZFARM_TETE_ROTI,ZOE FARM TETE ROTI,Porc Traditionel,Nos,1,0,0,,560.0,1,1,Winners,ZOE FARM TETE ROTI,,,0,1
ZFARM_SAUCISSE_FUMEE,ZOE FARM SAUCISSE FUMEE,Porc Traditionel,Nos,1,0,0,,550.0,1,1,Winners,ZOE FARM SAUCISSE FUMEE,,,0,1
ZFARM_SAUCISSE_CAMPAGNE,ZOE FARM SAUCISSE CAMPAGNE,Porc Traditionel,Nos,1,0,0,,230.0,1,1,Winners,ZOE FARM SAUCISSE CAMPAGNE,,,0,1
ZFARM_ROTI_ORLOFF,ZOE FARMROTI ORLOFF,Porc Traditionel,Nos,1,0,0,,850.0,1,1,Winners,ZOE FARMROTI ORLOFF,,,0,1
ZFARM_ROTI_MAISON,ZOE FARM ROTI MAISON,Porc Traditionel,Nos,1,0,0,,850.0,1,1,Winners,ZOE FARM ROTI MAISON,,,0,1
ZFARM_ROGNON,ZOE FARM ROGNON,Porc Traditionel,Nos,1,0,0,,200.0,1,1,Winners,ZOE FARM ROGNON,,,0,1
ZFARM_POITRINE_FUMEE,ZOE FARM POITRINE FUMEE,Porc Traditionel,Nos,1,0,0,,760.0,1,1,Winners,ZOE FARM POITRINE FUMEE,,,0,1
ZFARM_PATE_CAMPAGNE,ZOE FARM PATE CAMPAGNE,Porc Traditionel,Nos,1,0,0,,700.0,1,1,Winners,ZOE FARM PATE CAMPAGNE,,,0,1
ZFARM_NOIX_FUMEE,ZOE FARM NOIX FUMEE,Porc Traditionel,Nos,1,0,0,,910.0,1,1,Winners,ZOE FARM NOIX FUMEE,,,0,1
ZFARM_LOIN_RIBS,ZOE FARM LOIN RIBS,Porc Traditionel,Nos,1,0,0,,515.0,1,1,Winners,ZOE FARM LOIN RIBS,,,0,1
ZFARM_COTE_AU_FILET,ZOE FARM COTE AU FILET,Porc Traditionel,Nos,1,0,0,,230.0,1,1,Winners,ZOE FARM COTE AU FILET,,,0,1
ZFARM_CHORIZO,ZOE FARM CHORIZO,Porc Traditionel,Nos,1,0,0,,920.0,1,1,Winners,ZOE FARM CHORIZO,,,0,1
ZFARM_BOUCANE,ZOE FARM BOUCANE,Porc Traditionel,Nos,1,0,0,,230.0,1,1,Winners,ZOE FARM BOUCANE,,,0,1
DLAPEYHONEY_GRILL_SAUSAGE,DE LAPEYRE HONEY GRILL SAUSAGE,Porc Traditionel,Nos,1,0,0,,525.0,1,1,Winners,DE LAPEYRE HONEY GRILL SAUSAGE,,,0,1
FIESTA_SAMOUSSA_LEGUMES_225G,FIESTA SAMOUSSA LEGUMES 225G,Potages Et Entrees Surgeles,Nos,1,0,0,,16.0,1,1,Winners,FIESTA SAMOUSSA LEGUMES 225G,225,Gram,0,1
FIESTA_SAMOUSSA_FROMAGE_200G,FIESTA SAMOUSSA FROMAGE 200G,Potages Et Entrees Surgeles,Nos,1,0,0,,250.0,1,1,Winners,FIESTA SAMOUSSA FROMAGE 200G,200,Gram,0,1
FIESTA_SAMOUSSA_AU_POULET_200G,FIESTA SAMOUSSA AU POULET 200G,Potages Et Entrees Surgeles,Nos,1,0,0,,29.1,1,1,Winners,FIESTA SAMOUSSA AU POULET 200G,200,Gram,0,1
FIESTA_HAKIEN_AUX_LEGUMES_200G,FIESTA HAKIEN AUX LEGUMES 200G,Potages Et Entrees Surgeles,Nos,1,0,0,,67.0,1,1,Winners,FIESTA HAKIEN AUX LEGUMES 200G,200,Gram,0,1
FIESTA_HAKIEN_AU_POULET_200G,FIESTA HAKIEN AU POULET 200G,Potages Et Entrees Surgeles,Nos,1,0,0,,30.59,1,1,Winners,FIESTA HAKIEN AU POULET 200G,200,Gram,0,1
FIESTA_CROQUETTES_PLT_200G,FIESTA CROQUETTES POULET 200G,Potages Et Entrees Surgeles,Nos,1,0,0,,5.2,1,1,Winners,FIESTA CROQUETTES POULET 200G,200,Gram,0,1
FIESTA_CROQUETTES_FROMAGE_200G,FIESTA CROQUETTES FROMAGE 200G,Potages Et Entrees Surgeles,Nos,1,0,0,,250.0,1,1,Winners,FIESTA CROQUETTES FROMAGE 200G,200,Gram,0,1
DR_OTKR_TIKKA_CHICPIZ_330G,DR OETKER CHICKEN TIKKA PIZZA 330G,Potages Et Entrees Surgeles,Nos,1,0,0,,68.0,1,1,Winners,DR OETKER CHICKEN TIKKA PIZZA 330G,330,Gram,0,1
DR_OTKR_PIZ_SNCK_SL_BBQ_420G,DR OETKER PIZZA SNACK SLICE BBQ 420G,Potages Et Entrees Surgeles,Nos,1,0,0,,38.77,1,1,Winners,DR OETKER PIZZA SNACK SLICE BBQ 420G,420,Gram,0,1
DR_OTKR_PIZ_RISTO_MOZ_355G,DR OETKER PIZZA RISTORANTE MOZZARELLA 355G,Potages Et Entrees Surgeles,Nos,1,0,0,,9.5,1,1,Winners,DR OETKER PIZZA RISTORANTE MOZZARELLA 355G,355,Gram,0,1
DR_OTKR_PIZ_RIST_4_FROM_340G,DR OETKER PIZZA RISTORANTE 4 FROMAGES 340G,Potages Et Entrees Surgeles,Nos,1,0,0,,103.0,1,1,Winners,DR OETKER PIZZA RISTORANTE 4 FROMAGES 340G,340,Gram,0,1
DR_OTKR_IP_FCHIJALAPENO_529G,DR OETKER ITAL PIZZA FAMILIA CHILI JALAPENO 529G,Potages Et Entrees Surgeles,Nos,1,0,0,,126.72,1,1,Winners,DR OETKER ITAL PIZZA FAMILIA CHILI JALAPENO 529G,529,Gram,0,1
DR_OTKR_IP_FBACONSPRON_514G,DR OETKER ITAL PIZZA FAMILIA BACON/SPRING ONION 514G,Potages Et Entrees Surgeles,Nos,1,0,0,,49.0,1,1,Winners,DR OETKER ITAL PIZZA FAMILIA BACON/SPRING ONION 514G,514,Gram,0,1
DR_OTKR_I_PIZZA_SNACK_378G,DR OETKER ITAL PIZZA SNACK 378G,Potages Et Entrees Surgeles,Nos,1,0,0,,74.5,1,1,Winners,DR OETKER ITAL PIZZA SNACK 378G,378,Gram,0,1
DR_OTKR_HAWAIIAN_PIZZA_240G,DR OETKER HAWAIIAN PIZZA 240G,Potages Et Entrees Surgeles,Nos,1,0,0,,9.5,1,1,Winners,DR OETKER HAWAIIAN PIZZA 240G,240,Gram,0,1
DR_OTKR_FAM_MARGHERIT_424G,DR OETKER PIZZA FAMILIA MARGHERITA 424G,Potages Et Entrees Surgeles,Nos,1,0,0,,9.5,1,1,Winners,DR OETKER PIZZA FAMILIA MARGHERITA 424G,424,Gram,0,1
DR_OTKR_CLC_BBQ_CHICK_300G,DR OETKER ITAL PIZZA CLASSIC BBQ CHICKEN 300G,Potages Et Entrees Surgeles,Nos,1,0,0,,38.77,1,1,Winners,DR OETKER ITAL PIZZA CLASSIC BBQ CHICKEN 300G,300,Gram,0,1
DR_OTKR__RISTOR_SPINA_390G,DR OETKER RISTORANTE SPINACH 390G,Potages Et Entrees Surgeles,Nos,1,0,0,,9.5,1,1,Winners,DR OETKER RISTORANTE SPINACH 390G,390,Gram,0,1
TRUST_GAS_SINGLEBURNER_TGP100T,TRUST GAS SINGLE BURNER TGP100T,Preparation Alimentaire,Nos,1,0,0,,0.0,1,1,Winners,TRUST GAS SINGLE BURNER TGP100T,,,0,1
RINNAI_GAS_STOVE_2_BURNER_RI52,RINNAI GAS STOVE 2 BURNER RI52,Preparation Alimentaire,Nos,1,0,0,,2890.0,1,1,Winners,RINNAI GAS STOVE 2 BURNER RI52,,,0,1
DECAKILA_STAND_MIXER_KEMX002W,DECAKILA STAND MIXER KEMX002W,Preparation Alimentaire,Nos,1,0,0,,0.0,1,1,Winners,DECAKILA STAND MIXER KEMX002W,,,0,1
DECAKILA__STAND_BLENDER,DECAKILA STAND BLENDER,Preparation Alimentaire,Nos,1,0,0,,0.0,1,1,Winners,DECAKILA STAND BLENDER,,,0,1
DECAKILA_MEAT_GRINDER_KEMG004W,DECAKILA MEAT GRINDER KEMG004W,Preparation Alimentaire,Nos,1,0,0,,2750.0,1,1,Winners,DECAKILA MEAT GRINDER KEMG004W,,,0,1
DECAKILA_ELECTRICAL_KNIFE,DECAKILA ELECTRICAL KNIFE,Preparation Alimentaire,Nos,1,0,0,,0.0,1,1,Winners,DECAKILA ELECTRICAL KNIFE,,,0,1
DECAKI_FOOD_PROCESSOR_KEJC004R,DECAKI FOOD PROCESSOR KEJC004R,Preparation Alimentaire,Nos,1,0,0,,0.0,1,1,Winners,DECAKI FOOD PROCESSOR KEJC004R,,,0,1
WS_SQUID_U_10_VRAC,WS SQUID U 10 VRAC,Poissonscrustaces Surgele,Nos,1,0,0,,25.0,1,1,Winners,WS SQUID U 10 VRAC,,,0,1
YORK_SAUMON_FUME_100G,YORK SAUMON FUME 100G,Poissons Fumessales,Nos,1,0,0,,49.95,1,1,Winners,YORK SAUMON FUME 100G,100,Gram,0,1
WS_THON_ROUGE,WS THON ROUGE,Poissons Frais,Nos,1,0,0,,459.9,1,1,Winners,WS THON ROUGE,,,0,1
CREVETTE_ROSE_CUITE_3040_LS,CREVETTE ROSE CUITE 30/40 LS,Poissonnerie,Nos,1,0,0,,38.0,1,1,Winners,CREVETTE ROSE CUITE 30/40 LS,40,Litre,0,1
WS_ESPADON,WS ESPADON,Poissons Frais,Nos,1,0,0,,0.0,1,1,Winners,WS ESPADON,,,0,1
CHOOK_YELLOW_FINTUNA_SEYCHEL,CAPTAIN HOOK YELLOW FIN TUNA SEYCHELLES,Poissons Fde Merescarg,Nos,1,0,0,,16.0,1,1,Winners,CAPTAIN HOOK YELLOW FIN TUNA SEYCHELLES,,,0,1
CHOOK_VACOAS_GJ_SLICE_PP_KG,CAPTAIN HOOK VACOAS GJ SLICE,Poissons Fde Merescarg,Nos,1,0,0,,27.5,1,1,Winners,CAPTAIN HOOK VACOAS GJ SLICE,,,0,1
CHOOK_TUNA_LOINS_PP_SEYCHELLE,CAPTAIN HOOK TUNA LOINS SEYCHELLES,Poissons Fde Merescarg,Nos,1,0,0,,570.0,1,1,Winners,CAPTAIN HOOK TUNA LOINS SEYCHELLES,,,0,1
CHOOK_SWORDFISH_SL_SEYCHELLES,CAPTAIN HOOK SWORDFISH SL SEYCHELLES,Poissons Fde Merescarg,Nos,1,0,0,,74.5,1,1,Winners,CAPTAIN HOOK SWORDFISH SL SEYCHELLES,,,0,1
CHOOK_SQUID_TUBES_CHINA,CAPTAIN HOOK SQUID TUBES CHINA,Poissons Fde Merescarg,Nos,1,0,0,,345.0,1,1,Winners,CAPTAIN HOOK SQUID TUBES CHINA,,,0,1
CHOOK_SHRIMPDECOR2130_400G,CAPTAIN HOOK CREVETTES DECORTIQUEES 21/30 400G,Poissons Fde Merescarg,Nos,1,0,0,,47.95,1,1,Winners,CAPTAIN HOOK CREVETTES DECORTIQUEES 21/30 400G,400,Gram,0,1
CHOOK_NILE_PERCH_FISH_FILLET,CAPTAIN HOOK NILE PERCH FISH FILLET,Poissons Fde Merescarg,Nos,1,0,0,,41.3,1,1,Winners,CAPTAIN HOOK NILE PERCH FISH FILLET,,,0,1
CHOOK_MIXSEAFOOD_400G,CAPTAIN HOOK MIXED SEAFOOD 400G,Poissons Fde Merescarg,Nos,1,0,0,,9.5,1,1,Winners,CAPTAIN HOOK MIXED SEAFOOD 400G,400,Gram,0,1
CHOOK_LOBSTER_TAIL,CAPTAIN HOOK LOBSTER TAIL,Poissons Fde Merescarg,Nos,1,0,0,,2208.0,1,1,Winners,CAPTAIN HOOK LOBSTER TAIL,,,0,1
CHOOK_GROUPER_SLICES,CAPTAIN HOOK SACRECHIEN STEAK,Poissons Fde Merescarg,Nos,1,0,0,,390.0,1,1,Winners,CAPTAIN HOOK SACRECHIEN STEAK,,,0,1
CHOOK_GIANT_SQUID_FILLET,CAPTAIN HOOK GIANT SQUID FILLET,Poissons Fde Merescarg,Nos,1,0,0,,94.0,1,1,Winners,CAPTAIN HOOK GIANT SQUID FILLET,,,0,1
CHOOK_DORADE_FILET,CAPTAIN HOOK DORADE FILET,Poissons Fde Merescarg,Nos,1,0,0,,9.5,1,1,Winners,CAPTAIN HOOK DORADE FILET,,,0,1
CHOOK_CREVETTE_80100_IN_400G,CAPTAIN HOOK CREVETTES 80/100 INDIA 400G,Poissons Fde Merescarg,Nos,1,0,0,,49.95,1,1,Winners,CAPTAIN HOOK CREVETTES 80/100 INDIA 400G,400,Gram,0,1
CHOOK_CREVETTE_7190_IND_400G,CAPTAIN HOOK CREVETTES 71/90 INDIA 400G,Poissons Fde Merescarg,Nos,1,0,0,,259.95,1,1,Winners,CAPTAIN HOOK CREVETTES 71/90 INDIA 400G,400,Gram,0,1
CHOOK_CREVETTE_1620_IND_400G,CAPTAIN HOOK CREVETTES 16/20 INDIA 400G,Poissons Fde Merescarg,Nos,1,0,0,,14.5,1,1,Winners,CAPTAIN HOOK CREVETTES 16/20 INDIA 400G,400,Gram,0,1
CHOOK_BAR_TROPICAL_STEAK_PP,CAPTAIN HOOK BAR TROPICAL STEAK,Poissons Fde Merescarg,Nos,1,0,0,,522.0,1,1,Winners,CAPTAIN HOOK BAR TROPICAL STEAK,,,0,1
CHOOK_BAR_TROPICAL_FILLET_PP,CAPTAIN HOOK BAR TROPICAL FILLET,Poissons Fde Merescarg,Nos,1,0,0,,780.0,1,1,Winners,CAPTAIN HOOK BAR TROPICAL FILLET,,,0,1
CHOOK_BAR_TROP_ENTECAILL_PP,CAPTAIN HOOK BAR TROPICAL ENTIER ECAILLE,Poissons Fde Merescarg,Nos,1,0,0,,432.0,1,1,Winners,CAPTAIN HOOK BAR TROPICAL ENTIER ECAILLE,,,0,1
CHOOK_BABY_CUTTLEFISH_700G,CAPTAIN HOOK BABY CUTTLEFISH 700G,Poissons Fde Merescarg,Nos,1,0,0,,345.0,1,1,Winners,CAPTAIN HOOK BABY CUTTLEFISH 700G,700,Gram,0,1
WS_BAROIS,WS BAROIS,Poissons Frais,Nos,1,0,0,,0.0,1,1,Winners,WS BAROIS,,,0,1
FILET_DE_SAUMON_NORVEGE_SV,FILET DE SAUMON TRIM C S/V,Poissons Frais,Nos,1,0,0,,44.5,1,1,Winners,FILET DE SAUMON TRIM C S/V,,,0,1
CHOOK_BAR_TROPICAL_STEAK,CAPTAIN HOOK BAR TROPICAL STEAK,Poissons Frais,Nos,1,0,0,,49.95,1,1,Winners,CAPTAIN HOOK BAR TROPICAL STEAK,,,0,1
CHOOK_BAR_TROPICAL_FILLET,CAPTAIN HOOK BAR TROPICAL FILLET,Poissons Frais,Nos,1,0,0,,1170.0,1,1,Winners,CAPTAIN HOOK BAR TROPICAL FILLET,,,0,1
CHOOK_BAR_TROPICAL_ENT_ECAI,CAPTAIN HOOK BAR TROPICAL ENTIER ECAILLE,Poissons Frais,Nos,1,0,0,,594.0,1,1,Winners,CAPTAIN HOOK BAR TROPICAL ENTIER ECAILLE,,,0,1
WS_SMOKED_TUNA_CHUTES_250G,WS SMOKED TUNA CHUTES 250G,Poissons Fumessales,Nos,1,0,0,,169.0,1,1,Winners,WS SMOKED TUNA CHUTES 250G,250,Gram,0,1
WS_SMOKED_TUNA_BLOCK,WS SMOKED TUNA BLOCK,Poissons Fumessales,Nos,1,0,0,,949.0,1,1,Winners,WS SMOKED TUNA BLOCK,,,0,1
SMOKED_MARLIN_SLICES_150G,SMOKED MARLIN SLICES 150G,Poissons Fumessales,Nos,1,0,0,,204.9,1,1,Winners,SMOKED MARLIN SLICES 150G,150,Gram,0,1
SMOKED_MARLIN_FRAIS_500G,ESPUNA CANITAS X6 SALAMI 60G,Poissons Fumessales,Nos,1,0,0,,650.0,1,1,Winners,ESPUNA CANITAS X6 SALAMI 60G,60,Gram,0,1
SESKEL_SNOEK_TRAY_200G,SESKEL SNOEK TRAY 200G,Poissons Fumessales,Nos,1,0,0,,230.0,1,1,Winners,SESKEL SNOEK TRAY 200G,200,Gram,0,1
PTITSALE_PRENSNOEK_BOUILI_50G,PTITSALE PREMIUM SNOEK BOUILI 50G,Poissons Fumessales,Nos,1,0,0,,9.5,1,1,Winners,PTITSALE PREMIUM SNOEK BOUILI 50G,50,Gram,0,1
PTIT_SALE_SNOEK_PREBOUILI_80G,PTIT SALE SNOEK PRE BOUILI 80G,Poissons Fumessales,Nos,1,0,0,,44.0,1,1,Winners,PTIT SALE SNOEK PRE BOUILI 80G,80,Gram,0,1
PTIT_SALE_SALTED_SNOEK_180G,PTIT SALE SALTED SNOEK 200G,Poissons Fumessales,Nos,1,0,0,,9.5,1,1,Winners,PTIT SALE SALTED SNOEK 200G,200,Gram,0,1
MARLIN_FUME_TRFR_VIDE_150G,MARLIN FUME TR.FR VIDE 150G,Poissons Fumessales,Nos,1,0,0,,16.0,1,1,Winners,MARLIN FUME TR.FR VIDE 150G,150,Gram,0,1
MARLIN_FUME_FILLET_FRAIS_KG,ESPUNA SAUCISSON TRAD TR 80G,Poissons Fumessales,Nos,1,0,0,,1125.0,1,1,Winners,ESPUNA SAUCISSON TRAD TR 80G,80,Gram,0,1
LEADER_SNOEK_200G,ATLANTIC SNOEK 200G,Poissons Fumessales,Nos,1,0,0,,230.0,1,1,Winners,ATLANTIC SNOEK 200G,200,Gram,0,1
LEADER_SALTED_SNOEK_150G,ATLANTIC SALTED SNOEK 150G,Poissons Fumessales,Nos,1,0,0,,9.5,1,1,Winners,ATLANTIC SALTED SNOEK 150G,150,Gram,0,1
LABEYRIE_SAUFLE_SAUV6TR_180,LABEYRIE SAUMON FUME SAUVAGE 6 TRANCHES 180G,Poissons Fumessales,Nos,1,0,0,,985.0,1,1,Winners,LABEYRIE SAUMON FUME SAUVAGE 6 TRANCHES 180G,180,Gram,0,1
LABEYSFUME_TRAD2TR_75G,LABEYRIE SAUMON FUME TRADITION 2 TRANCHES 75G,Poissons Fumessales,Nos,1,0,0,,42.0,1,1,Winners,LABEYRIE SAUMON FUME TRADITION 2 TRANCHES 75G,75,Gram,0,1
LABEYSFUME_LORIG2TR_75G,LABEYRIE SAUMON FUME L'ORIGINAL 2 TRANCHES 75G,Poissons Fumessales,Nos,1,0,0,,42.0,1,1,Winners,LABEYRIE SAUMON FUME L'ORIGINAL 2 TRANCHES 75G,75,Gram,0,1
DODO_FISH_FINGERS_360G,DODO FISH FINGERS 360G,Plats Cuisines Surgeles,Nos,1,0,0,,259.95,1,1,Winners,DODO FISH FINGERS 360G,360,Gram,0,1
DFOODS_VEG_BUNS_200G,DIAMOND FOODS VEGETABLE BUNS 200G,Plats Cuisines Surgeles,Nos,1,0,0,,69.95,1,1,Winners,DIAMOND FOODS VEGETABLE BUNS 200G,200,Gram,0,1
SOINS_DU_LINGE,SOINS DU LINGE,Petit Dejeuner,Nos,1,0,0,,0.0,1,1,Winners,SOINS DU LINGE,,,0,1
VAISSELLE_A_JETER,VAISSELLE A JETER,Petit Dejeuner,Nos,1,0,0,,64.0,1,1,Winners,VAISSELLE A JETER,,,0,1
RANGEMENT_POUBELLES,RANGEMENT POUBELLES,Petit Dejeuner,Nos,1,0,0,,135.0,1,1,Winners,RANGEMENT POUBELLES,,,0,1
MOULINEX_UNO_KETTLE_REF_BY1501,MOULINEX UNO KETTLE REF BY1501,Petit Dejeuner,Nos,1,0,0,,0.0,1,1,Winners,MOULINEX UNO KETTLE REF BY1501,,,0,1
MOULINEX_TOASTER_TWO_SLOTS,MOULINEX TOASTER TWO SLOTS,Petit Dejeuner,Nos,1,0,0,,2790.0,1,1,Winners,MOULINEX TOASTER TWO SLOTS,,,0,1
PREPA_TABLE_ET_CUISSON,PREPA TABLE ET CUISSON,Petit Dejeuner,Nos,1,0,0,,320.0,1,1,Winners,PREPA TABLE ET CUISSON,,,0,1
MOULINEX_TOASTER_PRINCIPIO,MOULINEX TOASTER PRINCIPIO,Petit Dejeuner,Nos,1,0,0,,2590.0,1,1,Winners,MOULINEX TOASTER PRINCIPIO,,,0,1
SOLEIL_COFFEE_MAKER_FG381A10,MOULINEX SOLEIL COFFEE MAKER FG381A10,Petit Dejeuner,Nos,1,0,0,,2790.0,1,1,Winners,MOULINEX SOLEIL COFFEE MAKER FG381A10,,,0,1
MELITTA_FILTRES_A_CAFE_X4,MELITTA VERSEUSE MULTI USAGES,Petit Dejeuner,Nos,1,0,0,,93.0,1,1,Winners,MELITTA VERSEUSE MULTI USAGES,,,0,1
DECA_SANDWICH_TOASTER_KEEC001W,DECAKILA SANDWICH TOASTER KEEC001W,Petit Dejeuner,Nos,1,0,0,,1425.0,1,1,Winners,DECAKILA SANDWICH TOASTER KEEC001W,,,0,1
DECAKILA_GLASS_KETTLE_1_8L,DECAKILA GLASS KETTLE 1 8L,Petit Dejeuner,Nos,1,0,0,,1150.0,1,1,Winners,DECAKILA GLASS KETTLE 1 8L,8,Litre,0,1
LUMINARC_TRANS_MUG_NEW_MORNING,LUMINARC TRANS MUG NEW MORNING,Petit Dejeuner,Nos,1,0,0,,102.5,1,1,Winners,LUMINARC TRANS MUG NEW MORNING,,,0,1
LUMINARC_MUG_SWEET_IMPRESSION,LUMINARC MUG SWEET IMPRESSION,Petit Dejeuner,Nos,1,0,0,,150.0,1,1,Winners,LUMINARC MUG SWEET IMPRESSION,,,0,1
LUMINARC_MUG_PRUNELLA,LUMINARC MUG PRUNELLA,Petit Dejeuner,Nos,1,0,0,,150.0,1,1,Winners,LUMINARC MUG PRUNELLA,,,0,1
LUMINARC_MUG_POSITIVITY,LUMINARC MUG POSITIVITY,Petit Dejeuner,Nos,1,0,0,,150.0,1,1,Winners,LUMINARC MUG POSITIVITY,,,0,1
LUMINARC_MUG_PARADIS,LUMINARC MUG PARADIS,Petit Dejeuner,Nos,1,0,0,,150.0,1,1,Winners,LUMINARC MUG PARADIS,,,0,1
LUMINARC_MUG_N_CV_TRANSP_32CL,LUMINARC MUG N CV TRANSP 32CL,Petit Dejeuner,Nos,1,0,0,,105.0,1,1,Winners,LUMINARC MUG N CV TRANSP 32CL,,,0,1
LUMINARC_MUG_HAWORTH_20OZ,LUMINARC MUG HAWORTH 20OZ,Petit Dejeuner,Nos,1,0,0,,175.0,1,1,Winners,LUMINARC MUG HAWORTH 20OZ,,,0,1
LUMINARC_MUG_HAWORTH_10OZ,LUMINARC MUG HAWORTH 10OZ,Petit Dejeuner,Nos,1,0,0,,100.0,1,1,Winners,LUMINARC MUG HAWORTH 10OZ,,,0,1
LUMINARC_MUG_FLOROSA,LUMINARC MUG FLOROSA,Petit Dejeuner,Nos,1,0,0,,150.0,1,1,Winners,LUMINARC MUG FLOROSA,,,0,1
LUMINARC_MUG_FIZZ_32,LUMINARC MUG FIZZ 32,Petit Dejeuner,Nos,1,0,0,,150.0,1,1,Winners,LUMINARC MUG FIZZ 32,32,Litre,0,1
LUMINARC_MUG_CONSERV_ROSE_25CL,LUMINARC MUG CONSERV ROSE 25CL,Petit Dejeuner,Nos,1,0,0,,275.0,1,1,Winners,LUMINARC MUG CONSERV ROSE 25CL,,,0,1
LUMINARC_MUG_COFFEE_LOVE,LUMINARC MUG COFFEE LOVE,Petit Dejeuner,Nos,1,0,0,,150.0,1,1,Winners,LUMINARC MUG COFFEE LOVE,,,0,1
LUMINARC_MUG_CAFFINSTRY,LUMINARC MUG CAFFINSTRY,Petit Dejeuner,Nos,1,0,0,,150.0,1,1,Winners,LUMINARC MUG CAFFINSTRY,,,0,1
LUMINARC_MUG_BRITANNIA_20OZ,LUMINARC MUG BRITANNIA 20OZ,Petit Dejeuner,Nos,1,0,0,,175.0,1,1,Winners,LUMINARC MUG BRITANNIA 20OZ,,,0,1
LUMINARC_MUG_BRITANNIA_10OZ,LUMINARC MUG BRITANNIA 10OZ,Petit Dejeuner,Nos,1,0,0,,100.0,1,1,Winners,LUMINARC MUG BRITANNIA 10OZ,,,0,1
LUMINARC_MUG_BELIAROSA,LUMINARC MUG BELIAROSA,Petit Dejeuner,Nos,1,0,0,,150.0,1,1,Winners,LUMINARC MUG BELIAROSA,,,0,1
LUMINARC_MUG__TRIANON,LUMINARC MUG TRIANON,Petit Dejeuner,Nos,1,0,0,,130.0,1,1,Winners,LUMINARC MUG TRIANON,,,0,1
LUM_MUG_N_CV_MIX_COLOR_32CL,LUM MUG N CV MIX COLOR 32CL,Petit Dejeuner,Nos,1,0,0,,105.0,1,1,Winners,LUM MUG N CV MIX COLOR 32CL,,,0,1
DFOODS_RED_BEAN_BUNS_200G,DIAMOND FOODS RED BEAN BUNS 200G,Plats Cuisines Surgeles,Nos,1,0,0,,264.95,1,1,Winners,DIAMOND FOODS RED BEAN BUNS 200G,200,Gram,0,1
DFOODS_CHICKEN_BUNS_200G,DIAMOND FOODS CHICKEN BUNS 200G,Plats Cuisines Surgeles,Nos,1,0,0,,110.0,1,1,Winners,DIAMOND FOODS CHICKEN BUNS 200G,200,Gram,0,1
CUISTO_CATELESSE_PLT_X4_230G,CUISTO CATELESSE DE POULET X4 230G,Plats Cuisines Surgeles,Nos,1,0,0,,9.5,1,1,Winners,CUISTO CATELESSE DE POULET X4 230G,230,Gram,0,1
BYKESKIN_CORDON_BLEU_440G,BYKESKIN CORDON BLEU 440G,Plats Cuisines Surgeles,Nos,1,0,0,,29.1,1,1,Winners,BYKESKIN CORDON BLEU 440G,440,Gram,0,1
BYKESKIN_CHICKEN_STRIPS_375G,BYKESKIN CHICKEN STRIPS 375G,Plats Cuisines Surgeles,Nos,1,0,0,,52.0,1,1,Winners,BYKESKIN CHICKEN STRIPS 375G,375,Gram,0,1
BYKESKIN_CHICKEN_NUGGETS_260G,BYKESKIN CHICKEN NUGGETS 260G,Plats Cuisines Surgeles,Nos,1,0,0,,9.5,1,1,Winners,BYKESKIN CHICKEN NUGGETS 260G,260,Gram,0,1
BYKESKIN_CHICKSCHNITZEL_500G,BYKESKIN CHICKEN SCHNITZEL 500G,Plats Cuisines Surgeles,Nos,1,0,0,,29.1,1,1,Winners,BYKESKIN CHICKEN SCHNITZEL 500G,500,Gram,0,1
BYKESKIN_CHICKCROQUETTE_450G,BYKESKIN CHICKEN CROQUETTE 450G,Plats Cuisines Surgeles,Nos,1,0,0,,9.5,1,1,Winners,BYKESKIN CHICKEN CROQUETTE 450G,450,Gram,0,1
BUFFET_VEG_MOMOS_250G,BUFFET VEGETABLE MOMOS 250G,Plats Cuisines Surgeles,Nos,1,0,0,,10.0,1,1,Winners,BUFFET VEGETABLE MOMOS 250G,250,Gram,0,1
BUFFET_VEG_CUTLET_300G,BUFFET VEGETABLE CUTLET 300G,Plats Cuisines Surgeles,Nos,1,0,0,,12.0,1,1,Winners,BUFFET VEGETABLE CUTLET 300G,300,Gram,0,1
BUFFET_TANDOORI_NAAN_340G,BUFFET TANDOORI NAAN 340G,Plats Cuisines Surgeles,Nos,1,0,0,,9.5,1,1,Winners,BUFFET TANDOORI NAAN 340G,340,Gram,0,1
BUFFET_TANDOORI_GARL_NAAN_340G,BUFFET TANDOORI GARLIC NAAN 340G,Plats Cuisines Surgeles,Nos,1,0,0,,70.7,1,1,Winners,BUFFET TANDOORI GARLIC NAAN 340G,340,Gram,0,1
BUFFET_MULTIGRAIN_PARATHA_300G,BUFFET MULTIGRAIN PARATHA 300G,Plats Cuisines Surgeles,Nos,1,0,0,,102.5,1,1,Winners,BUFFET MULTIGRAIN PARATHA 300G,300,Gram,0,1
BUFFET_MALABAR_PARATHA_300G,BUFFET MALABAR PARATHA 300G,Plats Cuisines Surgeles,Nos,1,0,0,,50.0,1,1,Winners,BUFFET MALABAR PARATHA 300G,300,Gram,0,1
BUFFET_FLAKY_PARATHA_400G,BUFFET FLAKY PARATHA 400G,Plats Cuisines Surgeles,Nos,1,0,0,,9.5,1,1,Winners,BUFFET FLAKY PARATHA 400G,400,Gram,0,1
BUFFET_BUTTER_PARATHA_300G,BUFFET BUTTER PARATHA 300G,Plats Cuisines Surgeles,Nos,1,0,0,,102.5,1,1,Winners,BUFFET BUTTER PARATHA 300G,300,Gram,0,1
BUFFET_BREADED_VEG_FINGER_300G,BUFFET BREADED VEGETABLE FINGERS 300G,Plats Cuisines Surgeles,Nos,1,0,0,,120.0,1,1,Winners,BUFFET BREADED VEGETABLE FINGERS 300G,300,Gram,0,1
BUFFET_ALOO_PARATHA_400G,BUFFET ALOO PARATHA 400G,Plats Cuisines Surgeles,Nos,1,0,0,,118.0,1,1,Winners,BUFFET ALOO PARATHA 400G,400,Gram,0,1
BIBIGO_PB_VEG_DUMPLING_420G,BIBIGO PLANT BASED VEGETABLE DUMPLING 420G,Plats Cuisines Surgeles,Nos,1,0,0,,102.5,1,1,Winners,BIBIGO PLANT BASED VEGETABLE DUMPLING 420G,420,Gram,0,1
BIBIGO_PB_MUSHR_DUMPLING_420G,BIBIGO PLANT BASED MUSHROOM DUMPLING 420G,Plats Cuisines Surgeles,Nos,1,0,0,,125.0,1,1,Winners,BIBIGO PLANT BASED MUSHROOM DUMPLING 420G,420,Gram,0,1
BIBIGO_PB_KIMCH_DUMPLING_420G,BIBIGO PLANT BASED KIMCHI VEGETABLE DUMPLING 420G,Plats Cuisines Surgeles,Nos,1,0,0,,102.5,1,1,Winners,BIBIGO PLANT BASED KIMCHI VEGETABLE DUMPLING 420G,420,Gram,0,1
BIBIGO_PB_JAPCH_DUMPLING_420G,BIBIGO PLANT BASED JAPCHAE DUMPLING 420G,Plats Cuisines Surgeles,Nos,1,0,0,,30.0,1,1,Winners,BIBIGO PLANT BASED JAPCHAE DUMPLING 420G,420,Gram,0,1
BIBIGO_PB_DUMPLING_ORIG_420G,BIBIGO PLANT BASED VEGETABLE DUMPLING ORIGINAL 420G,Plats Cuisines Surgeles,Nos,1,0,0,,30.0,1,1,Winners,BIBIGO PLANT BASED VEGETABLE DUMPLING ORIGINAL 420G,420,Gram,0,1
RDD_COMBO_NAAN_350G,ROYAUME DES DELICES COMBO NAAN 350G,Patisserie Et Boule Pate,Nos,1,0,0,,102.5,1,1,Winners,ROYAUME DES DELICES COMBO NAAN 350G,350,Gram,0,1
CHARLOTTE_PASSION1015PERS,CHARLOTTE PASSION 10-15 PERSONS,Patisserie,Nos,1,0,0,,399.0,1,1,Winners,CHARLOTTE PASSION 10-15 PERSONS,,,0,1
CORE_HCG_PREGNANCY_TEST_CASSET,CORE HCG PREGNANCY TEST CASSETTE,Parapharmacie,Nos,1,0,0,,69.0,1,1,Winners,CORE HCG PREGNANCY TEST CASSETTE,,,0,1
WRITING_PEN_210_BLISTER_BLUE,ARTLINE WRITING PEN 210 BLISTER BLUE,Papeterie,Nos,1,0,0,,60.0,1,1,Winners,ARTLINE WRITING PEN 210 BLISTER BLUE,,,0,1
WRITING_PEN_210_BLISTER_BLACK,ARTLINE WRITING PEN 210 BLISTER BLACK,Papeterie,Nos,1,0,0,,60.0,1,1,Winners,ARTLINE WRITING PEN 210 BLISTER BLACK,,,0,1
CUSTARD_BUNS,CUSTARD BUNS,Pain Speciaux,Nos,1,0,0,,16.0,1,1,Winners,CUSTARD BUNS,,,0,1
CROUTONS_AUX_4_MERVEILLES,CROUTONS AUX 4 MERVEILLES,Pain Speciaux,Nos,1,0,0,,9.5,1,1,Winners,CROUTONS AUX 4 MERVEILLES,,,0,1
CIABATTA_X_3,CIABATTA X 3PCS GOLDEN FOODS,Pain Speciaux,Nos,1,0,0,,25.75,1,1,Winners,CIABATTA X 3PCS GOLDEN FOODS,,,0,1
CHEESE_FARATA_X_4_PCS,CHEESE FARATA X 4 PCS -ROYAL DELIGHT,Pain Speciaux,Nos,1,0,0,,9.5,1,1,Winners,CHEESE FARATA X 4 PCS -ROYAL DELIGHT,,,0,1
BURGER_MULTIGRAIN_X_4_PCS,BURGER MULTIGRAIN X 4 PCS,Pain Speciaux,Nos,1,0,0,,47.95,1,1,Winners,BURGER MULTIGRAIN X 4 PCS,,,0,1
BURGER_80G_X_4PCS,BURGER 80G X 4PCS,Pain Speciaux,Nos,1,0,0,,9.5,1,1,Winners,BURGER 80G X 4PCS,80,Gram,0,1
BROWN_TOAST_BREADLARGE_630G,BROWN TOAST BREAD-LARGE 630G GOLDEN FOODS,Pain Speciaux,Nos,1,0,0,,23.0,1,1,Winners,BROWN TOAST BREAD-LARGE 630G GOLDEN FOODS,630,Gram,0,1
BROWN_TOAST_BREAD_SM_360G,BROWN TOAST BREAD - SMALL 360G GOLDEN FOODS,Pain Speciaux,Nos,1,0,0,,25.75,1,1,Winners,BROWN TOAST BREAD - SMALL 360G GOLDEN FOODS,360,Gram,0,1
BRIOCHETTE_X_9PCS,BRIOCHETTE X 9PCS,Pain Speciaux,Nos,1,0,0,,9.5,1,1,Winners,BRIOCHETTE X 9PCS,,,0,1
BRIOCHE_RONDE_100G_X_2,BRIOCHE RONDE 100G X 2 PCS,Pain Speciaux,Nos,1,0,0,,42.65,1,1,Winners,BRIOCHE RONDE 100G X 2 PCS,100,Gram,0,1
BRIOCHE_NATURE_60G_X_4,BRIOCHE NATURE 60G X 4 PCS,Pain Speciaux,Nos,1,0,0,,9.5,1,1,Winners,BRIOCHE NATURE 60G X 4 PCS,60,Gram,0,1
BRIOCHE_MOULE_350G,BRIOCHE MOULE 350G,Pain Speciaux,Nos,1,0,0,,26.0,1,1,Winners,BRIOCHE MOULE 350G,350,Gram,0,1
BRIOCHE_FEUILLETE_AUX_RAISINS,BRIOCHE FEUILLETE AUX RAISINS,Pain Speciaux,Nos,1,0,0,,16.0,1,1,Winners,BRIOCHE FEUILLETE AUX RAISINS,,,0,1
BRIOCHE_FEUILLETE_AUX_FRUITS,BRIOCHE FEUILLETE AUX FRUITS,Pain Speciaux,Nos,1,0,0,,30.65,1,1,Winners,BRIOCHE FEUILLETE AUX FRUITS,,,0,1
BRIOCHE_FEUILLETE_AU_CHOCOLAT,BRIOCHE FEUILLETE AU CHOCOLAT,Pain Speciaux,Nos,1,0,0,,47.95,1,1,Winners,BRIOCHE FEUILLETE AU CHOCOLAT,,,0,1
BRIOCHE_FEUILLE_AU_CHOCOLAT,BRIOCHE FEUILLE AU CHOCOLAT,Pain Speciaux,Nos,1,0,0,,377.3,1,1,Winners,BRIOCHE FEUILLE AU CHOCOLAT,,,0,1
BREAD_CRUMBS_CHAPELURE_500G,BREAD CRUMBS CHAPELURE 500G,Pain Speciaux,Nos,1,0,0,,39.0,1,1,Winners,BREAD CRUMBS CHAPELURE 500G,500,Gram,0,1
BAGUETTE_VIENNOIS_200G,BAGUETTE VIENNOIS 200G,Pain Speciaux,Nos,1,0,0,,9.5,1,1,Winners,BAGUETTE VIENNOIS 200G,200,Gram,0,1
BAGUETTE_DE_TRADITION,BAGUETTE DE TRADITION,Pain Speciaux,Nos,1,0,0,,16.0,1,1,Winners,BAGUETTE DE TRADITION,,,0,1
BAGUETTE_A_LANCIENNE_BLANCHE,BAGUETTE A L'ANCIENNE BLANCHE,Pain Speciaux,Nos,1,0,0,,47.95,1,1,Winners,BAGUETTE A L'ANCIENNE BLANCHE,,,0,1
BAGUETTE_A_LANCIENNE_AUX_GRAIN,BAGUETTE A L'ANCIENNE AUX GRAINES,Pain Speciaux,Nos,1,0,0,,49.95,1,1,Winners,BAGUETTE A L'ANCIENNE AUX GRAINES,,,0,1
BAGUETTE_A_LANCIENNE_240_G,BAGUETTE A L'ANCIENNE,Pain Speciaux,Nos,1,0,0,,230.0,1,1,Winners,BAGUETTE A L'ANCIENNE,,,0,1
BAG_A_LANC_OLIVES_NOIRES_PER,BAGUETTE A L'ANCIENNE OLIVES NOIRES ET PERSIL,Pain Speciaux,Nos,1,0,0,,47.95,1,1,Winners,BAGUETTE A L'ANCIENNE OLIVES NOIRES ET PERSIL,,,0,1
BAG_A_LANC_OIGNON_ET_FR,BAGUETTE A L'ANCIENNE OIGNON ET FROMAGE,Pain Speciaux,Nos,1,0,0,,42.0,1,1,Winners,BAGUETTE A L'ANCIENNE OIGNON ET FROMAGE,,,0,1
ASSORTED_TOAST_4_SAVEURS,ASSORTED TOAST 4 SAVEURS,Pain Speciaux,Nos,1,0,0,,5.2,1,1,Winners,ASSORTED TOAST 4 SAVEURS,,,0,1
ARTIST_CANVAS_PAD_A4_10_SHEET,ARTIST CANVAS PAD A4 10 SHEET,Papeterie,Nos,1,0,0,,239.0,1,1,Winners,ARTIST CANVAS PAD A4 10 SHEET,,,0,1
ARTIST_CANVAS_PAD_A3_10_SHEET,ARTIST CANVAS PAD A3 10 SHEET,Papeterie,Nos,1,0,0,,430.0,1,1,Winners,ARTIST CANVAS PAD A3 10 SHEET,,,0,1
ARTIST_CANVAS_60X80CM,ARTIST CANVAS 60X80CM,Papeterie,Nos,1,0,0,,405.0,1,1,Winners,ARTIST CANVAS 60X80CM,,,0,1
ARTIST_CANVAS_20X30CM,ARTIST CANVAS 20X30CM,Papeterie,Nos,1,0,0,,105.0,1,1,Winners,ARTIST CANVAS 20X30CM,,,0,1
ARTIST_BRUSH_SET_8007,ARTIST BRUSH SET 8007,Papeterie,Nos,1,0,0,,114.0,1,1,Winners,ARTIST BRUSH SET 8007,,,0,1
ARTIST_BRUSH_POUCH,ARTIST BRUSH POUCH,Papeterie,Nos,1,0,0,,220.0,1,1,Winners,ARTIST BRUSH POUCH,,,0,1
ARTIST_BRUSH_9_PCS,ARTIST BRUSH 9 PCS,Papeterie,Nos,1,0,0,,70.0,1,1,Winners,ARTIST BRUSH 9 PCS,,,0,1
ARTIST_BRUSH_6PCS_ROUND,ARTIST BRUSH 6PCS ROUND,Papeterie,Nos,1,0,0,,53.9,1,1,Winners,ARTIST BRUSH 6PCS ROUND,,,0,1
ARTIST_BRUSH_609R,ARTIST BRUSH 609R,Papeterie,Nos,1,0,0,,110.0,1,1,Winners,ARTIST BRUSH 609R,,,0,1
ARTIST_BRUSH_609F,ARTIST BRUSH 609F,Papeterie,Nos,1,0,0,,110.0,1,1,Winners,ARTIST BRUSH 609F,,,0,1
ARTIST_BRUSH_5_PCS,ARTIST BRUSH 5 PCS,Papeterie,Nos,1,0,0,,52.0,1,1,Winners,ARTIST BRUSH 5 PCS,,,0,1
ARTIST_BRUSH_252_6PCS,ARTIST BRUSH 252 6PCS,Papeterie,Nos,1,0,0,,30.0,1,1,Winners,ARTIST BRUSH 252 6PCS,,,0,1
ARTIST_BRUSH_12P,ARTIST BRUSH 12P,Papeterie,Nos,1,0,0,,139.0,1,1,Winners,ARTIST BRUSH 12P,,,0,1
AIR_VENT_MOB_HOLDER_A8,AIR VENT MOB HOLDER A8,Papeterie,Nos,1,0,0,,158.0,1,1,Winners,AIR VENT MOB HOLDER A8,,,0,1
AIR_CLAY_6013,AIR CLAY 6013,Papeterie,Nos,1,0,0,,78.0,1,1,Winners,AIR CLAY 6013,,,0,1
ADHESIVE_BK_COVER_50X36CM_10PC,ADHESIVE BOOK COVER 50X36CM 10PC,Papeterie,Nos,1,0,0,,35.63,1,1,Winners,ADHESIVE BOOK COVER 50X36CM 10PC,,,0,1
ACRYLIC_COLOUR_6,ACRYLIC COLOUR 6,Papeterie,Nos,1,0,0,,215.0,1,1,Winners,ACRYLIC COLOUR 6,,,0,1
ACRYLIC_COLOUR,ACRYLIC COLOUR,Papeterie,Nos,1,0,0,,215.0,1,1,Winners,ACRYLIC COLOUR,,,0,1
ACRON_BUTTERFLY_KIT,ACRON BUTTERFLY KIT,Papeterie,Nos,1,0,0,,64.46,1,1,Winners,ACRON BUTTERFLY KIT,,,0,1
5PCS_STATIONERY_SET_801,5PCS STATIONERY SET 801,Papeterie,Nos,1,0,0,,32.0,1,1,Winners,5PCS STATIONERY SET 801,,,0,1
TAPE_TRANSPARENT_60MTS,TAPE TRANSPARENT 60MTS,Papeterie,Nos,1,0,0,,114.0,1,1,Winners,TAPE TRANSPARENT 60MTS,,,0,1
TAPE_TRANSPARENT_30MTS,TAPE TRANSPARENT 30MTS,Papeterie,Nos,1,0,0,,45.0,1,1,Winners,TAPE TRANSPARENT 30MTS,,,0,1
FILE_A4,FILE A4,Papeterie,Nos,1,0,0,,28.5,1,1,Winners,FILE A4,,,0,1
CONTEMPO_WET_WILD_CONDOMS_X_3,CONTEMPO WET WILD CONDOMS X 3,Parapharmacie,Nos,1,0,0,,90.0,1,1,Winners,CONTEMPO WET WILD CONDOMS X 3,,,0,1
CONTEMPO_ROUGH_RIDER_CONDM_X_3,CONTEMPO ROUGH RIDER CONDM X 3,Parapharmacie,Nos,1,0,0,,72.1,1,1,Winners,CONTEMPO ROUGH RIDER CONDM X 3,,,0,1
CONTEMPO_BARE_BACK_CONDOMS_X_3,CONTEMPO BARE BACK CONDOMS X 3,Parapharmacie,Nos,1,0,0,,220.0,1,1,Winners,CONTEMPO BARE BACK CONDOMS X 3,,,0,1
CLEAR_WASHPROOF_PLASTERS_X16S,CLEAR WASHPROOF PLASTERS X16S,Parapharmacie,Nos,1,0,0,,21.62,1,1,Winners,CLEAR WASHPROOF PLASTERS X16S,,,0,1
CERNOL_INST_HAND_SANITIZE_80ML,CERNOL INST HAND SANITIZE 80ML,Parapharmacie,Nos,1,0,0,,12.0,1,1,Winners,CERNOL INST HAND SANITIZE 80ML,80,Millilitre,0,1
CAREX_CONDOMS_X12_RIBBED,CAREX CONDOMS X12 RIBBED,Parapharmacie,Nos,1,0,0,,170.5,1,1,Winners,CAREX CONDOMS X12 RIBBED,,,0,1
CAREX_CONDOMS_X12_MUL_PLEASURE,CAREX CONDOMS X12 MULTI PLEASURE,Parapharmacie,Nos,1,0,0,,56.0,1,1,Winners,CAREX CONDOMS X12 MULTI PLEASURE,,,0,1
CAREX_CONDOMS_X12_DOTTED,CAREX CONDOMS X12 DOTTED,Parapharmacie,Nos,1,0,0,,170.5,1,1,Winners,CAREX CONDOMS X12 DOTTED,,,0,1
CAREX_CONDOMS_X12_COLOURS,CAREX CONDOMS X12 COLOURS,Parapharmacie,Nos,1,0,0,,170.5,1,1,Winners,CAREX CONDOMS X12 COLOURS,,,0,1
CAREX_CONDOMS_X12_CLASSIC,CAREX CONDOMS X12 CLASSIC,Parapharmacie,Nos,1,0,0,,105.0,1,1,Winners,CAREX CONDOMS X12 CLASSIC,,,0,1
CAREX_CONDOMS_X12_ASS_FLAVOURS,CAREX CONDOMS X12 ASSORTED FLAVOURS,Parapharmacie,Nos,1,0,0,,28.5,1,1,Winners,CAREX CONDOMS X12 ASSORTED FLAVOURS,,,0,1
CALSOURCE_CALCIUM_EFF_500MG,CALSOURCE CALCIUM EFFERVESCENT 500MG X20,Parapharmacie,Nos,1,0,0,,170.0,1,1,Winners,CALSOURCE CALCIUM EFFERVESCENT 500MG X20,,,0,1
BIO_OIL_SKINCARE_OIL_NAT_60ML,BIO OIL SKINCARE OIL NATURAL 60ML,Parapharmacie,Nos,1,0,0,,42.0,1,1,Winners,BIO OIL SKINCARE OIL NATURAL 60ML,60,Millilitre,0,1
BIO_OIL_SKINCARE_OIL_NAT_200ML,BIO OIL SKINCARE OIL NATURAL 200ML,Parapharmacie,Nos,1,0,0,,0.0,1,1,Winners,BIO OIL SKINCARE OIL NATURAL 200ML,200,Millilitre,0,1
BIO_OIL_SKINCARE_OIL_NAT_125ML,BIO OIL SKINCARE OIL NATURAL 125ML,Parapharmacie,Nos,1,0,0,,32.88,1,1,Winners,BIO OIL SKINCARE OIL NATURAL 125ML,125,Millilitre,0,1
BIO_OIL_DRY_SKIN_GEL_100ML,BIO OIL DRY SKIN GEL 100ML,Parapharmacie,Nos,1,0,0,,45.0,1,1,Winners,BIO OIL DRY SKIN GEL 100ML,100,Millilitre,0,1
BIO_OIL_125ML,BIO OIL 125ML,Parapharmacie,Nos,1,0,0,,390.0,1,1,Winners,BIO OIL 125ML,125,Millilitre,0,1
BARRANE_AEROSOL_ODOR_STOP_100M,BARANNE AEROSOL ODOR STOP 100 ML,Parapharmacie,Nos,1,0,0,,0.0,1,1,Winners,BARANNE AEROSOL ODOR STOP 100 ML,100,Millilitre,0,1
B_WELL_INFRARED_THERM_MED_3000,B WELL INFRARED THERMOMETER MED 3000,Parapharmacie,Nos,1,0,0,,269.0,1,1,Winners,B WELL INFRARED THERMOMETER MED 3000,,,0,1
B_WELL_DIGITAL_THERM_WT03_BASE,B WELL DIGITAL THERMOMETER WT03 BASE,Parapharmacie,Nos,1,0,0,,170.0,1,1,Winners,B WELL DIGITAL THERMOMETER WT03 BASE,,,0,1
B_WELL_DIG_THERM_KIDS_FROG_DES,B WELL DIGITAL THERMOMETER KIDS FROG DESIGN,Parapharmacie,Nos,1,0,0,,199.0,1,1,Winners,B WELL DIGITAL THERMOMETER KIDS FROG DESIGN,,,0,1
B_WELL_DIG_THERM_KIDS_DOG_DES,B WELL DIGITAL THERMOMETER KIDS DOG DESIGN,Parapharmacie,Nos,1,0,0,,28.75,1,1,Winners,B WELL DIGITAL THERMOMETER KIDS DOG DESIGN,,,0,1
AAB_DISP_PROTECTIVE_MASK_X_10,AAB DISPOSABLE PROTECTIVE FACE MASK X 10,Parapharmacie,Nos,1,0,0,,80.0,1,1,Winners,AAB DISPOSABLE PROTECTIVE FACE MASK X 10,,,0,1
365_JOUR_HD_SP_SANITIZER_50ML,365 JOUR HAND SPRAY SANITIZER 50ML,Parapharmacie,Nos,1,0,0,,230.0,1,1,Winners,365 JOUR HAND SPRAY SANITIZER 50ML,50,Millilitre,0,1
CARROT_CAKE_X_2PCS,CARROT CAKE X 2PCS,Patisserie,Nos,1,0,0,,199.0,1,1,Winners,CARROT CAKE X 2PCS,,,0,1
CARROT_CAKE_10_15PERS,CARROT CAKE 10-15 PERSONS,Patisserie,Nos,1,0,0,,489.0,1,1,Winners,CARROT CAKE 10-15 PERSONS,,,0,1
CAKE_VEGETARIEN_400G,CAKE VEGETARIEN 400G,Patisserie,Nos,1,0,0,,16.0,1,1,Winners,CAKE VEGETARIEN 400G,400,Gram,0,1
CAKE_DATTE_400G,CAKE DATTE 400G,Patisserie,Nos,1,0,0,,22.95,1,1,Winners,CAKE DATTE 400G,400,Gram,0,1
CAKE_AUX_FRUITS_SECS_400G,CAKE AUX FRUITS SECS 400G,Patisserie,Nos,1,0,0,,103.0,1,1,Winners,CAKE AUX FRUITS SECS 400G,400,Gram,0,1
CAKE_AUX_AMANDES_400G,CAKE AUX AMANDES 400G,Patisserie,Nos,1,0,0,,103.0,1,1,Winners,CAKE AUX AMANDES 400G,400,Gram,0,1
CAKE_AU_RAISIN_400G,CAKE AU RAISIN 400G,Patisserie,Nos,1,0,0,,103.0,1,1,Winners,CAKE AU RAISIN 400G,400,Gram,0,1
CAKE_AU_CHOCOLAT_400G,CAKE AU CHOCOLAT 400G,Patisserie,Nos,1,0,0,,103.0,1,1,Winners,CAKE AU CHOCOLAT 400G,400,Gram,0,1
CAKE_A_LA_BANANE_400G,CAKE A LA BANANE 400G,Patisserie,Nos,1,0,0,,35.63,1,1,Winners,CAKE A LA BANANE 400G,400,Gram,0,1
CAKE_A_L_ORANGE_400G,CAKE A L ORANGE 400G,Patisserie,Nos,1,0,0,,16.0,1,1,Winners,CAKE A L ORANGE 400G,400,Gram,0,1
BROWNIES_X_2_PCS,BROWNIES X 2 PCS,Patisserie,Nos,1,0,0,,26.0,1,1,Winners,BROWNIES X 2 PCS,,,0,1
BROWNIES_4_6_P,BROWNIES 4-6 PERSONS,Patisserie,Nos,1,0,0,,549.0,1,1,Winners,BROWNIES 4-6 PERSONS,,,0,1
BROWNIE_VEG_20X20,BROWNIE VEGETARIAN 20X20 MBAKE,Patisserie,Nos,1,0,0,,679.0,1,1,Winners,BROWNIE VEGETARIAN 20X20 MBAKE,,,0,1
BLUEBERRY_VEG_CAKE_20X20,BLUEBERRY VEGETARIAN CAKE 20X20 MBAKE,Patisserie,Nos,1,0,0,,159.0,1,1,Winners,BLUEBERRY VEGETARIAN CAKE 20X20 MBAKE,,,0,1
BISCUITS_GREO_X2PC,BISCUITS GREO X 2 PCS,Patisserie,Nos,1,0,0,,46.0,1,1,Winners,BISCUITS GREO X 2 PCS,,,0,1
BISCUITS_GREO_X10PC,BISCUITS GREO X 10 PCS,Patisserie,Nos,1,0,0,,16.0,1,1,Winners,BISCUITS GREO X 10 PCS,,,0,1
BISCUITS_CHAMPAGNE_X10PC,BISCUITS CHAMPAGNE X 10 PCS,Patisserie,Nos,1,0,0,,9.5,1,1,Winners,BISCUITS CHAMPAGNE X 10 PCS,,,0,1
BISCUITS_AUX_AMANDES_X10PC,BISCUITS AUX AMANDES X 10PCS,Patisserie,Nos,1,0,0,,16.0,1,1,Winners,BISCUITS AUX AMANDES X 10PCS,,,0,1
BISCUITS_AU_COCO_X10PC,BISCUITS AU COCO X 10 PCS,Patisserie,Nos,1,0,0,,42.65,1,1,Winners,BISCUITS AU COCO X 10 PCS,,,0,1
BISCUITS_AU_CHOCOLAT_X10PC,BISCUITS AU CHOCOLAT X 10 PCS,Patisserie,Nos,1,0,0,,32.5,1,1,Winners,BISCUITS AU CHOCOLAT X 10 PCS,,,0,1
BATONNET_FROMAGE_SUPREME_X12PC,BATONNET FROMAGE SUPREME X 12 PCS,Patisserie,Nos,1,0,0,,16.0,1,1,Winners,BATONNET FROMAGE SUPREME X 12 PCS,,,0,1
RDELICE_TH_MET_FARATA_X_6,ROYAUME DES DELICES THEPLA METHI FARATA X 6 370G,Patisserie Et Boule Pate,Nos,1,0,0,,103.0,1,1,Winners,ROYAUME DES DELICES THEPLA METHI FARATA X 6 370G,370,Gram,0,1
RDELICE_DHOLL_PURI_X_6,ROYAUME DES DELICES DHOLL PURI X 6 350G,Patisserie Et Boule Pate,Nos,1,0,0,,26.0,1,1,Winners,ROYAUME DES DELICES DHOLL PURI X 6 350G,350,Gram,0,1
RDELICE_CHAPATTI_X_6,ROYAUME DES DELICES CHAPATTI X 6 300G,Patisserie Et Boule Pate,Nos,1,0,0,,149.0,1,1,Winners,ROYAUME DES DELICES CHAPATTI X 6 300G,300,Gram,0,1
RDELICE_ALOO_FARATA_X6,ROYAUME DES DELICES ALOO FARATA X6 350G,Patisserie Et Boule Pate,Nos,1,0,0,,103.0,1,1,Winners,ROYAUME DES DELICES ALOO FARATA X6 350G,350,Gram,0,1
MR_BERTI_2_RAW_DOUGH_2X250G,MR BERTI 2 RAW DOUGH 2X250G,Patisserie Et Boule Pate,Nos,1,0,0,,125.0,1,1,Winners,MR BERTI 2 RAW DOUGH 2X250G,250,Gram,0,1
MAHESO_CHURROS_A_FRIRE_500G,MAHESO CHURROS A FRIRE 500G,Patisserie Et Boule Pate,Nos,1,0,0,,81.0,1,1,Winners,MAHESO CHURROS A FRIRE 500G,500,Gram,0,1
MSALUJA_FARATA_SPECIALE_700G,MAMAN SALUJA FARATA SPECIALE 700G,Patisserie Et Boule Pate,Nos,1,0,0,,103.0,1,1,Winners,MAMAN SALUJA FARATA SPECIALE 700G,700,Gram,0,1
LA_CAZE_MAMA_FARATA_500G,LA CAZE MAMA FARATA 500G,Patisserie Et Boule Pate,Nos,1,0,0,,29.1,1,1,Winners,LA CAZE MAMA FARATA 500G,500,Gram,0,1
LA_CAZE_MAMA_DAL_PURI_450G,LA CAZE MAMA DAL PURI 450G,Patisserie Et Boule Pate,Nos,1,0,0,,29.1,1,1,Winners,LA CAZE MAMA DAL PURI 450G,450,Gram,0,1
FRESH_2GO_TOR10X12PL_768G,FRESH 2 GO TORTILLAS X12 PLAIN 768G,Patisserie Et Boule Pate,Nos,1,0,0,,34.3,1,1,Winners,FRESH 2 GO TORTILLAS X12 PLAIN 768G,2,Gram,0,1
FIGO_SPRROLL_PASTRY_500G,FIGO SPRING ROLL PASTRY 500G,Patisserie Et Boule Pate,Nos,1,0,0,,64.0,1,1,Winners,FIGO SPRING ROLL PASTRY 500G,500,Gram,0,1
FIESTA_LENTIL_DHALL_PITA_300G,FIESTA LENTIL DHALL PITA 300G,Patisserie Et Boule Pate,Nos,1,0,0,,28.0,1,1,Winners,FIESTA LENTIL DHALL PITA 300G,300,Gram,0,1
ERHARD_MOCHGLACES_EV8_X_35G,ERHARD MOCHIS GLACES 8 X 35G,Patisserie Et Boule Pate,Nos,1,0,0,,519.0,1,1,Winners,ERHARD MOCHIS GLACES 8 X 35G,35,Gram,0,1
DONSA_PURI_X12,DONSA PURI (X12),Patisserie Et Boule Pate,Nos,1,0,0,,29.1,1,1,Winners,DONSA PURI (X12),,,0,1
OEUDOR_PLEIN_AIR_X_6,OEUDOR PLEIN AIR X 6,Oeufs,Nos,1,0,0,,156.0,1,1,Winners,OEUDOR PLEIN AIR X 6,,,0,1
OEUDOR_OEUFS_X_15,OEUDOR OEUFS X 15,Oeufs,Nos,1,0,0,,9.5,1,1,Winners,OEUDOR OEUFS X 15,,,0,1
OEUDOR_OEUFS_FRAIS_X_30,OEUDOR OEUFS FRAIS X 30,Oeufs,Nos,1,0,0,,26.0,1,1,Winners,OEUDOR OEUFS FRAIS X 30,,,0,1
OEUDOR_OEUFPKX30CLING_FILM,OEUDOR OEUF CLING FILM PACK OF 30,Oeufs,Nos,1,0,0,,9.5,1,1,Winners,OEUDOR OEUF CLING FILM PACK OF 30,,,0,1
OEUDOR_NATURES_GOLD_VEGX4,OEUDOR NATURES GOLD VEG X 4,Oeufs,Nos,1,0,0,,159.0,1,1,Winners,OEUDOR NATURES GOLD VEG X 4,,,0,1
OEUDOR_NATURES_GOLD_VEGX10,OEUDOR NATURES GOLD VEG X 10,Oeufs,Nos,1,0,0,,9.5,1,1,Winners,OEUDOR NATURES GOLD VEG X 10,,,0,1
OEUDOR_MOTHERS_CHOICE_MEDIUM,OEUDOR MOTHERS CHOICE MEDIUM,Oeufs,Nos,1,0,0,,46.0,1,1,Winners,OEUDOR MOTHERS CHOICE MEDIUM,,,0,1
OEUDOR_MATINES_TRES_GROS_X_6,OEUDOR MATINES TRES GROS X 6,Oeufs,Nos,1,0,0,,74.5,1,1,Winners,OEUDOR MATINES TRES GROS X 6,,,0,1
OEUDOR_MATINES_MOYEN_X_20,OEUDOR MATINES MOYEN X 18,Oeufs,Nos,1,0,0,,9.5,1,1,Winners,OEUDOR MATINES MOYEN X 18,,,0,1
OEUDOR_MATINES_GROS_X6,OEUDOR MATINES GROS X6,Oeufs,Nos,1,0,0,,24.0,1,1,Winners,OEUDOR MATINES GROS X6,,,0,1
OEUDOR_MATINES_GROS_X_12,OEUDOR MATINES GROS X 12,Oeufs,Nos,1,0,0,,9.5,1,1,Winners,OEUDOR MATINES GROS X 12,,,0,1
OEUDOR_JUMBO_X_6,OEUDOR JUMBO X 6,Oeufs,Nos,1,0,0,,9.5,1,1,Winners,OEUDOR JUMBO X 6,,,0,1
OEUDOR_CAGE_FREE_X6,OEUDOR CAGE FREE X6,Oeufs,Nos,1,0,0,,47.95,1,1,Winners,OEUDOR CAGE FREE X6,,,0,1
EGGSMORE_TRAY_SMALL_X_30,EGGSMORE TRAY SMALL X 30,Oeufs,Nos,1,0,0,,9.5,1,1,Winners,EGGSMORE TRAY SMALL X 30,,,0,1
EGGSMORE_MEDIUM_X_30,EGGSMORE MEDIUM X 30,Oeufs,Nos,1,0,0,,9.5,1,1,Winners,EGGSMORE MEDIUM X 30,,,0,1
EGGSMORE_MEDIUM_X_18,EGGSMORE MEDIUM X 18,Oeufs,Nos,1,0,0,,9.5,1,1,Winners,EGGSMORE MEDIUM X 18,,,0,1
EGGSMORE_MEDIUM_X_10,EGGSMORE MEDIUM X 10,Oeufs,Nos,1,0,0,,24.0,1,1,Winners,EGGSMORE MEDIUM X 10,,,0,1
EGGSMORE_LIQUID_EGGS_WHITE_1L,EGGSMORE LIQUID EGGS WHITE 1L,Oeufs,Nos,1,0,0,,159.0,1,1,Winners,EGGSMORE LIQUID EGGS WHITE 1L,1,Litre,0,1
EGGSMORE_LARGE_X_6,EGGSMORE LARGE X 6,Oeufs,Nos,1,0,0,,26.0,1,1,Winners,EGGSMORE LARGE X 6,,,0,1
EGGSMORE_LARGE_X_12,EGGSMORE LARGE X 12,Oeufs,Nos,1,0,0,,9.5,1,1,Winners,EGGSMORE LARGE X 12,,,0,1
EGGSMORE_JUMBO_X_6,EGGSMORE JUMBO X 6,Oeufs,Nos,1,0,0,,58.0,1,1,Winners,EGGSMORE JUMBO X 6,,,0,1
EGGCELLENT_X_30_STANDARD,EGGCELLENT X 30 STANDARD,Oeufs,Nos,1,0,0,,9.5,1,1,Winners,EGGCELLENT X 30 STANDARD,,,0,1
DONN_SA_DHALL_PITA_400G,DONSA DHALL PITA 400G,Patisserie Et Boule Pate,Nos,1,0,0,,52.5,1,1,Winners,DONSA DHALL PITA 400G,400,Gram,0,1
DATSCHAUB_LAVA_CAKES_X_2_180G,DAT-SCHAUB LAVA CAKES X 2 180G,Patisserie Et Boule Pate,Nos,1,0,0,,56.0,1,1,Winners,DAT-SCHAUB LAVA CAKES X 2 180G,180,Gram,0,1
EGGCELLENT_X_30_MEDIUM,EGGCELLENT X 30 MEDIUM,Oeufs,Nos,1,0,0,,9.5,1,1,Winners,EGGCELLENT X 30 MEDIUM,,,0,1
EGGCELLENT_EGGS_X_15,EGGCELLENT EGGS X 15,Oeufs,Nos,1,0,0,,147.0,1,1,Winners,EGGCELLENT EGGS X 15,,,0,1
CAILLE_DOREEQUAIL_EGGS_BOX,CAILLE DOREE QUAILLE EGGS BOX,Oeufs,Nos,1,0,0,,156.0,1,1,Winners,CAILLE DOREE QUAILLE EGGS BOX,,,0,1
PAIN_ROND_BRUN_X_2_PCS,PAIN ROND BRUN X 2 PCS,Pain Ordinaire,Nos,1,0,0,,23.0,1,1,Winners,PAIN ROND BRUN X 2 PCS,,,0,1
PAIN_MAISON_100GX2PCS,PAIN MAISON 100G X 2PCS,Pain Ordinaire,Nos,1,0,0,,42.65,1,1,Winners,PAIN MAISON 100G X 2PCS,100,Gram,0,1
FLUTE_BLANC_100G_X_2PCS,FLUTE BLANC 100G X 2PCS,Pain Ordinaire,Nos,1,0,0,,42.65,1,1,Winners,FLUTE BLANC 100G X 2PCS,100,Gram,0,1
BAGUETTE_PARISIENNE_300G,BAGUETTE PARISIENNE 300G,Pain Ordinaire,Nos,1,0,0,,9.5,1,1,Winners,BAGUETTE PARISIENNE 300G,300,Gram,0,1
BAGUETTE_FICELLE_AU_FROMAGE,BAGUETTE FICELLE AU FROMAGE,Pain Ordinaire,Nos,1,0,0,,42.65,1,1,Winners,BAGUETTE FICELLE AU FROMAGE,,,0,1
MAZZA_ANCHOV_FIL_IN_S_OIL_80G,MAZZA ANCHOVIE FILLET IN SOLID OIL 80G,Marinades,Nos,1,0,0,,75.0,1,1,Winners,MAZZA ANCHOVIE FILLET IN SOLID OIL 80G,80,Gram,0,1
MAREMER_OURITE_BOUILLI_200G,MAREMER OURITE BOUILLI 200G,Marinades,Nos,1,0,0,,9.5,1,1,Winners,MAREMER OURITE BOUILLI 200G,200,Gram,0,1
DOBE_DUAL_CHARGING_DOCK_TP4002,DOBE DUAL CHARGING DOCK TP4 002,Micro Informatique,Nos,1,0,0,,450.0,1,1,Winners,DOBE DUAL CHARGING DOCK TP4 002,,,0,1
LUMINARC_ASS_DIWALI_TURQ_25CM,LUMINARC ASS DIWALI TURQ 25CM,Menage,Nos,1,0,0,,150.0,1,1,Winners,LUMINARC ASS DIWALI TURQ 25CM,,,0,1
TABLELAND_DAIRY_FREE_BUT_500G,TABLELAND DAIRY FREE SPREAD BUTTER 500G,Margarine,Nos,1,0,0,,52.5,1,1,Winners,TABLELAND DAIRY FREE SPREAD BUTTER 500G,500,Gram,0,1
STORK_COUNTRY_SPREAD_500G,STORK COUNTRY SPREAD 40% FAT SPREAD 500G,Margarine,Nos,1,0,0,,74.5,1,1,Winners,STORK COUNTRY SPREAD 40% FAT SPREAD 500G,500,Gram,0,1
SCHEF_RUBAN_ROUGE_BLOCK_500G,SELECTION CHEF RUBAN ROUGE BLOCK 500G,Margarine,Nos,1,0,0,,230.0,1,1,Winners,SELECTION CHEF RUBAN ROUGE BLOCK 500G,500,Gram,0,1
OLIVE_GROVE_TUB_CLASSIC_375G,OLIVE GROVE SPREAD CLASSIC 375G,Margarine,Nos,1,0,0,,9.5,1,1,Winners,OLIVE GROVE SPREAD CLASSIC 375G,375,Gram,0,1
OLIVE_GROVE_MARGARLITE_500G,OLIVE GROVE MARGARINE LITE 500G,Margarine,Nos,1,0,0,,16.0,1,1,Winners,OLIVE GROVE MARGARINE LITE 500G,500,Gram,0,1
OLIVE_GROVE_MARG_500G,OLIVE GROVE MARGARINE 500G,Margarine,Nos,1,0,0,,9.5,1,1,Winners,OLIVE GROVE MARGARINE 500G,500,Gram,0,1
OLIVE_GROVE_EXTRA_VIRGIN_375G,OLIVE GROVE EXTRA VIRGIN SPREAD 375G,Margarine,Nos,1,0,0,,14.5,1,1,Winners,OLIVE GROVE EXTRA VIRGIN SPREAD 375G,375,Gram,0,1
MOTHERS_CHOICE_TUB_250G,MOTHERS CHOICE SOFT TABLE SPREAD 250G,Margarine,Nos,1,0,0,,9.5,1,1,Winners,MOTHERS CHOICE SOFT TABLE SPREAD 250G,250,Gram,0,1
MOTHERS_CHOICE_500G,MOTHERS CHOICE SOFT TABLE SPREAD 500G,Margarine,Nos,1,0,0,,9.5,1,1,Winners,MOTHERS CHOICE SOFT TABLE SPREAD 500G,500,Gram,0,1
MIRACLE_SPREAD_500G,MIRACLE SPREAD 500G,Margarine,Nos,1,0,0,,26.8,1,1,Winners,MIRACLE SPREAD 500G,500,Gram,0,1
MIRACLE_SPREAD_1KG,MIRACLE SPREAD 1KG,Margarine,Nos,1,0,0,,9.5,1,1,Winners,MIRACLE SPREAD 1KG,1,Kg,0,1
MIL_FOIL_250G,MIL FOIL 250G,Margarine,Nos,1,0,0,,47.95,1,1,Winners,MIL FOIL 250G,250,Gram,0,1
MEADOW_LEA_REDUCED_FAT_500G,MEADOW LEA REDUCED FAT 500G,Margarine,Nos,1,0,0,,9.5,1,1,Winners,MEADOW LEA REDUCED FAT 500G,500,Gram,0,1
MEADOW_LEA_ORIGINAL_500G,MEADOW LEA ORIGINAL BUTTER 500G,Margarine,Nos,1,0,0,,14.5,1,1,Winners,MEADOW LEA ORIGINAL BUTTER 500G,500,Gram,0,1
MEADOW_LEA_ORIGINAL_250G,MEADOW LEA ORIGINAL SPREAD 250G,Margarine,Nos,1,0,0,,9.5,1,1,Winners,MEADOW LEA ORIGINAL SPREAD 250G,250,Gram,0,1
MEADOW_LEA_ORIGINAL_1KG,MEADOW LEA ORIGINAL BUTTER 1KG,Margarine,Nos,1,0,0,,9.5,1,1,Winners,MEADOW LEA ORIGINAL BUTTER 1KG,1,Kg,0,1
MEADOW_LEA_LOW_SALT_500G,MEADOW LEA LOW SALT 500G,Margarine,Nos,1,0,0,,22.0,1,1,Winners,MEADOW LEA LOW SALT 500G,500,Gram,0,1
MEADOW_LEA_CANOLA_TUB_500G,MEADOW LEA CANOLA TUB 500G,Margarine,Nos,1,0,0,,14.5,1,1,Winners,MEADOW LEA CANOLA TUB 500G,500,Gram,0,1
LURPAK_COOKSPRAY_SALTED_200ML,LURPAK COOKING SPRAY SALTED 200ML,Margarine,Nos,1,0,0,,24.0,1,1,Winners,LURPAK COOKING SPRAY SALTED 200ML,200,Millilitre,0,1
FLORA_O_TUB_1_KG,FLORA REGULAR FAT SPREAD 1KG,Margarine,Nos,1,0,0,,9.5,1,1,Winners,FLORA REGULAR FAT SPREAD 1KG,1,Kg,0,1
FLORA_MARGREGULAR_500G,FLORA MARGARINE REGULAR 500G,Margarine,Nos,1,0,0,,9.5,1,1,Winners,FLORA MARGARINE REGULAR 500G,500,Gram,0,1
FLORA_MARGLIGHT_1KG,FLORA MARGARINE LIGHT 40% FAT TUB 1KG,Margarine,Nos,1,0,0,,9.5,1,1,Winners,FLORA MARGARINE LIGHT 40% FAT TUB 1KG,1,Kg,0,1
BLUEBAND_MARG500G,BLUEBAND MARGARINE 500G,Margarine,Nos,1,0,0,,9.5,1,1,Winners,BLUEBAND MARGARINE 500G,500,Gram,0,1
ST_HUBOMEGA_3_SS_SEL_250G,ST HUBERT OMEGA 3 SANS SEL 250G,Margarine,Nos,1,0,0,,279.0,1,1,Winners,ST HUBERT OMEGA 3 SANS SEL 250G,250,Gram,0,1
ST_HUB_PUR_VEGEDX_275G,ST HUBERT MARGARINE DOUX PUR VEGETAL 275G,Margarine,Nos,1,0,0,,299.0,1,1,Winners,ST HUBERT MARGARINE DOUX PUR VEGETAL 275G,275,Gram,0,1
LUMINARC_ASS_DIWALI_NOIR_25CM,LUMINARC ASS DIWALI NOIR 25CM,Menage,Nos,1,0,0,,150.0,1,1,Winners,LUMINARC ASS DIWALI NOIR 25CM,,,0,1
LUMINARC_ASS_DIWALI_BLANC_25CM,LUMINARC ASS DIWALI BLANC 25CM,Menage,Nos,1,0,0,,150.0,1,1,Winners,LUMINARC ASS DIWALI BLANC 25CM,,,0,1
LUMINARC_ASS_DIRECT_PLATE,LUMINARC ASS DIRECT PLATE,Menage,Nos,1,0,0,,90.0,1,1,Winners,LUMINARC ASS DIRECT PLATE,,,0,1
LUMINARC_AS_DIWALI_GRANIT_25CM,LUMINARC AS DIWALI GRANIT 25CM,Menage,Nos,1,0,0,,150.0,1,1,Winners,LUMINARC AS DIWALI GRANIT 25CM,,,0,1
LUM_PLAT_TRIANON_RT_FOUR_32X26,LUM PLAT TRIANON RT FOUR 32X26,Menage,Nos,1,0,0,,450.0,1,1,Winners,LUM PLAT TRIANON RT FOUR 32X26,26,Litre,0,1
LUM_PLAT_TRIANON_RC_FOUR_29X23,LUM PLAT TRIANON RC FOUR 29X23,Menage,Nos,1,0,0,,400.0,1,1,Winners,LUM PLAT TRIANON RC FOUR 29X23,23,Litre,0,1
LUM_PLAT_TRIANON_OV_FOUR_22X16,LUM PLAT TRIANON OV FOUR 22X16,Menage,Nos,1,0,0,,300.0,1,1,Winners,LUM PLAT TRIANON OV FOUR 22X16,16,Litre,0,1
LUM_PLAT_CARINE_RECFOUR_34X25,LUM PLAT CARINE RECFOUR 34X25,Menage,Nos,1,0,0,,560.0,1,1,Winners,LUM PLAT CARINE RECFOUR 34X25,25,Litre,0,1
LUM_PLAT_CARINE_REC_FOUR_38X28,LUM PLAT CARINE REC FOUR 38X28,Menage,Nos,1,0,0,,625.0,1,1,Winners,LUM PLAT CARINE REC FOUR 38X28,28,Litre,0,1
LUM_PLAT_CARINE_REC_FOUR_30X22,LUM PLAT CARINE REC FOUR 30X22,Menage,Nos,1,0,0,,515.0,1,1,Winners,LUM PLAT CARINE REC FOUR 30X22,22,Litre,0,1
LUM_PLAT_CARINE_CAR_FOUR_20X20,LUM PLAT CARINE CAR FOUR 20X20,Menage,Nos,1,0,0,,425.0,1,1,Winners,LUM PLAT CARINE CAR FOUR 20X20,20,Litre,0,1
LUM_PLAT_CARIN_OVAL_FOUR_38X23,LUM PLAT CARIN OVAL FOUR 38X23,Menage,Nos,1,0,0,,625.0,1,1,Winners,LUM PLAT CARIN OVAL FOUR 38X23,23,Litre,0,1
LUM_PLAT_CARIN_OVAL_FOUR_25X15,LUM PLAT CARIN OVAL FOUR 25X15,Menage,Nos,1,0,0,,425.0,1,1,Winners,LUM PLAT CARIN OVAL FOUR 25X15,15,Litre,0,1
FIREWOOD_KNIFE,FIREWOOD KNIFE,Menage,Nos,1,0,0,,320.0,1,1,Winners,FIREWOOD KNIFE,,,0,1
DURALEX_PRISME_TUMBLER_6X7CL,DURALEX PRISME UNCOLOURED TUMBLER 6X27.5CL,Menage,Nos,1,0,0,,82.8,1,1,Winners,DURALEX PRISME UNCOLOURED TUMBLER 6X27.5CL,,,0,1
DURALEX_PRISME_M_TUMBLER_6X7CL,DURALEX PRISME MARINE TUMBLER 6X27.5CL,Menage,Nos,1,0,0,,0.0,1,1,Winners,DURALEX PRISME MARINE TUMBLER 6X27.5CL,,,0,1
DUR_PICARDIE_GR_TUMBLER_6X31CL,DURALEX PICARDIE GREEN TUMBLER 6X31CL,Menage,Nos,1,0,0,,880.0,1,1,Winners,DURALEX PICARDIE GREEN TUMBLER 6X31CL,,,0,1
DUR_PICARDIE_GB_TUMBLER_4X25CL,DURALEX PICARDIE GIFT BOX TUMBLERS MIXED COLOURS 4X25CL,Menage,Nos,1,0,0,,730.0,1,1,Winners,DURALEX PICARDIE GIFT BOX TUMBLERS MIXED COLOURS 4X25CL,,,0,1
DUR_MANHATT_GRD_TUMBLER_6X31CL,DURALEX MANHATTAN UNCOLOURED TUMBLER 6X31CL,Menage,Nos,1,0,0,,0.0,1,1,Winners,DURALEX MANHATTAN UNCOLOURED TUMBLER 6X31CL,,,0,1
DUR_MANHATT_GRIGHBALL_6X305CL,DURALEX MANHATTAN UNCOLOURED HIGHBALL 6X30.5CL,Menage,Nos,1,0,0,,0.0,1,1,Winners,DURALEX MANHATTAN UNCOLOURED HIGHBALL 6X30.5CL,,,0,1
DUR_CAPRICE_GRED_SAUCER_6X14CM,DURALEX CAPRICE UNCOLOURED SAUCER 6X14CM,Menage,Nos,1,0,0,,62.0,1,1,Winners,DURALEX CAPRICE UNCOLOURED SAUCER 6X14CM,,,0,1
DUR_CAPRICE_GRLOURED_CUP_6X9CL,DURALEX CAPRICE UNCOLOURED CUP 6X9CL,Menage,Nos,1,0,0,,510.0,1,1,Winners,DURALEX CAPRICE UNCOLOURED CUP 6X9CL,,,0,1
DURALEX_AMALFI_TUMBLER_4X7CL,DURALEX AMALFI UNCOLOURED TUMBLER 4X7CL,Menage,Nos,1,0,0,,190.0,1,1,Winners,DURALEX AMALFI UNCOLOURED TUMBLER 4X7CL,,,0,1
DOBE_CONTROLLER_GRIP_TNS_851B,DOBE CONTROLLER GRIP TNS 851B,Micro Informatique,Nos,1,0,0,,350.0,1,1,Winners,DOBE CONTROLLER GRIP TNS 851B,,,0,1
DMZ_10D_KIDS_HEADSET,DMZ 10D KIDS HEADSET,Micro Informatique,Nos,1,0,0,,850.0,1,1,Winners,DMZ 10D KIDS HEADSET,,,0,1
DESKTOP_STAND_X11,DESKTOP STAND X11,Micro Informatique,Nos,1,0,0,,195.0,1,1,Winners,DESKTOP STAND X11,,,0,1
D35_BEAUTY_LIVE_SQ_RINGLIGHT,D35 BEAUTY LIVE SQUARE RINGLIGHT,Micro Informatique,Nos,1,0,0,,800.0,1,1,Winners,D35 BEAUTY LIVE SQUARE RINGLIGHT,,,0,1
D28_LIGHT_MOUSE,D28 LIGHT MOUSE,Micro Informatique,Nos,1,0,0,,500.0,1,1,Winners,D28 LIGHT MOUSE,28,Litre,0,1
MFUNCTION_TV_REMOTE_CONTROL,CRC 707V MULTIFUNCTION TV REMOTE CONTROL,Micro Informatique,Nos,1,0,0,,500.0,1,1,Winners,CRC 707V MULTIFUNCTION TV REMOTE CONTROL,,,0,1
CHAOBA_HAIR_DRYER_2800,CHAOBA HAIR DRYER 2800,Micro Informatique,Nos,1,0,0,,2900.0,1,1,Winners,CHAOBA HAIR DRYER 2800,,,0,1
CELEBRAT_STEREO_EARPHONE_D2,CELEBRAT STEREO EARPHONE D2,Micro Informatique,Nos,1,0,0,,225.0,1,1,Winners,CELEBRAT STEREO EARPHONE D2,,,0,1
CEL_SECURE_FAST_DATA_CABLE_FLY,CELEBRAT SECURE FAST DATA CABLE FLY 2I,Micro Informatique,Nos,1,0,0,,250.0,1,1,Winners,CELEBRAT SECURE FAST DATA CABLE FLY 2I,,,0,1
CELEBRAT_C9_EARPHONE,CELEBRAT C9 EARPHONE,Micro Informatique,Nos,1,0,0,,450.0,1,1,Winners,CELEBRAT C9 EARPHONE,,,0,1
CELEBRAT_35_AUX_AUDIO_CABLE,CELEBRAT 3.5 AUX AUDIO CABLE AU 01,Micro Informatique,Nos,1,0,0,,200.0,1,1,Winners,CELEBRAT 3.5 AUX AUDIO CABLE AU 01,,,0,1
CELEBRAT_1000M_DATA_CABLE_CB09,CELEBRAT 1000M DATA CABLE CB 09T,Micro Informatique,Nos,1,0,0,,200.0,1,1,Winners,CELEBRAT 1000M DATA CABLE CB 09T,,,0,1
CAR_HOLDER__X38,CAR HOLDER X38,Micro Informatique,Nos,1,0,0,,400.0,1,1,Winners,CAR HOLDER X38,,,0,1
CAR_FOLDING_VACCUM_CLEANER_V1,CAR FOLDING VACCUM CLEANER V1,Micro Informatique,Nos,1,0,0,,1900.0,1,1,Winners,CAR FOLDING VACCUM CLEANER V1,,,0,1
CAR_CHARGER_C_833,CAR CHARGER C 833,Micro Informatique,Nos,1,0,0,,350.0,1,1,Winners,CAR CHARGER C 833,,,0,1
AWEI_SPEAKER_Y520,AWEI SPEAKER Y520,Micro Informatique,Nos,1,0,0,,8750.0,1,1,Winners,AWEI SPEAKER Y520,,,0,1
AWEI_HAIR_DRYER_DS1,AWEI HAIR DRYER DS1,Micro Informatique,Nos,1,0,0,,4800.0,1,1,Winners,AWEI HAIR DRYER DS1,,,0,1
ASUS__WIRELESS_MOUSE_WT205,ASUS WIRELESS MOUSE WT205,Micro Informatique,Nos,1,0,0,,650.0,1,1,Winners,ASUS WIRELESS MOUSE WT205,,,0,1
ANDROID_BOX_MXQPRO_4K_5G,ANDROID BOX MXQPRO 4K 5G,Micro Informatique,Nos,1,0,0,,1650.0,1,1,Winners,ANDROID BOX MXQPRO 4K 5G,5,Gram,0,1
ADJUSTABLE_LAPTOP_STAND_OT155,ADJUSTABLE LAPTOP STAND OT155,Micro Informatique,Nos,1,0,0,,850.0,1,1,Winners,ADJUSTABLE LAPTOP STAND OT155,,,0,1
4IN1_USB_C_5GBPS_HUB_H1208B,4IN1 USB C 5GBPS HUB H1208B,Micro Informatique,Nos,1,0,0,,410.0,1,1,Winners,4IN1 USB C 5GBPS HUB H1208B,5,Gram,0,1
ADAPTER_USB_CABLE_25W_PD,25W PD ADAPTER USB C TO USB C CABLE,Micro Informatique,Nos,1,0,0,,475.0,1,1,Winners,25W PD ADAPTER USB C TO USB C CABLE,,,0,1
2_PORT_WALL_CHARGER_USBAC_20W,2 PORT WALL CHARGER USBAC 20W,Micro Informatique,Nos,1,0,0,,410.0,1,1,Winners,2 PORT WALL CHARGER USBAC 20W,,,0,1
CO_COTEAUX_D_LAY_CS_HV_BL_75CL,CLUB DES SOMMELIERS COTEAUX D'AIX LAY BLANC 75CL,Liquide,Nos,1,0,0,,869.0,1,1,Winners,CLUB DES SOMMELIERS COTEAUX D'AIX LAY BLANC 75CL,,,0,1
6PCS_RIBBON_BOW_SHINING,6PCS RIBBON BOW SHINING,Librairiepapeteriebagage,Nos,1,0,0,,28.0,1,1,Winners,6PCS RIBBON BOW SHINING,,,0,1
PAPER_BAG_S,PAPER BAG S,Librairie,Nos,1,0,0,,37.0,1,1,Winners,PAPER BAG S,,,0,1
ATOZ_TOMATE_CERISES,ATOZ TOMATE CERISES,Legumes Frais,Nos,1,0,0,,16.0,1,1,Winners,ATOZ TOMATE CERISES,,,0,1
ATOZ_POIVRON_ECOPACK,ATOZ POIVRON ECOPACK,Legumes Frais,Nos,1,0,0,,20.0,1,1,Winners,ATOZ POIVRON ECOPACK,,,0,1
EMBORG_SLCED_MUSHROOM_450G,EMBORG SLICED MUSHROOM 450G,Legumes Surgeles,Nos,1,0,0,,9.5,1,1,Winners,EMBORG SLICED MUSHROOM 450G,450,Gram,0,1
EMBORG_EDAMAME_SOYBEANS_400G,EMBORG EDAMAME SOYBEANS 400G,Legumes Surgeles,Nos,1,0,0,,9.5,1,1,Winners,EMBORG EDAMAME SOYBEANS 400G,400,Gram,0,1
EMBORG_CAULIFLOWER_RICE_450G,EMBORG CAULIFLOWER RICE VEGETABLE 450G,Legumes Surgeles,Nos,1,0,0,,12.0,1,1,Winners,EMBORG CAULIFLOWER RICE VEGETABLE 450G,450,Gram,0,1
EMBORG_BROCCOLI_FLORETS_450G,EMBORG BROCCOLI FLORETS 450G,Legumes Surgeles,Nos,1,0,0,,159.0,1,1,Winners,EMBORG BROCCOLI FLORETS 450G,450,Gram,0,1
DAUCY_MELANGE_MEXICAIN_1KG,DAUCY MELANGE MEXICAIN 1KG,Legumes Surgeles,Nos,1,0,0,,50.0,1,1,Winners,DAUCY MELANGE MEXICAIN 1KG,1,Kg,0,1
DAUCY_HARICOT_VERT_EXFIN_1KG,DAUCY HARICOTS VERTS EXTRA FINS 1KG,Legumes Surgeles,Nos,1,0,0,,81.0,1,1,Winners,DAUCY HARICOTS VERTS EXTRA FINS 1KG,1,Kg,0,1
DAUCY_CHOUX_BROCOLIS_1KG,DAUCY CHOUX BROCOLIS 1KG,Legumes Surgeles,Nos,1,0,0,,50.0,1,1,Winners,DAUCY CHOUX BROCOLIS 1KG,1,Kg,0,1
DAUCY_CHFLEUR_EFLEURETTE_1KG,DAUCY CHOUX-FLEURS EN FLEURETTE 1KG,Legumes Surgeles,Nos,1,0,0,,159.0,1,1,Winners,DAUCY CHOUX-FLEURS EN FLEURETTE 1KG,1,Kg,0,1
DATSCHAUB_MIXED_VEG_450G,DAT-SCHAUB MIXED VEGETABLES 450G,Legumes Surgeles,Nos,1,0,0,,29.1,1,1,Winners,DAT-SCHAUB MIXED VEGETABLES 450G,450,Gram,0,1
DATSCHAUB_GREEN_BEANS_450G,DAT-SCHAUB GREEN BEANS 450G,Legumes Surgeles,Nos,1,0,0,,24.0,1,1,Winners,DAT-SCHAUB GREEN BEANS 450G,450,Gram,0,1
DATSCHAUB_GARDEN_PEAS_450G,DAT-SCHAUB GARDEN PEAS 450G,Legumes Surgeles,Nos,1,0,0,,9.5,1,1,Winners,DAT-SCHAUB GARDEN PEAS 450G,450,Gram,0,1
CDREAM_ASPERGES_VERTE_EN_1KG,COMMON DREAM ASPERGES VERTES 1KG,Legumes Surgeles,Nos,1,0,0,,794.0,1,1,Winners,COMMON DREAM ASPERGES VERTES 1KG,1,Kg,0,1
BONDUELLE_COURGETTES_GRIL1KG,BONDUELLE COURGETTES GRILLEES 1KG,Legumes Surgeles,Nos,1,0,0,,344.4,1,1,Winners,BONDUELLE COURGETTES GRILLEES 1KG,1,Kg,0,1
BONDUELLE_CHOUX_FLEURS_1KG,BONDUELLE CHOUX FLEURS 1KG,Legumes Surgeles,Nos,1,0,0,,50.0,1,1,Winners,BONDUELLE CHOUX FLEURS 1KG,1,Kg,0,1
BONDUELLE_AUBERGINES_GRIL1KG,BONDUELLE AUBERGINES GRILLEES 1KG,Legumes Surgeles,Nos,1,0,0,,344.4,1,1,Winners,BONDUELLE AUBERGINES GRILLEES 1KG,1,Kg,0,1
ARDO_WOK_MIX_400G,ARDO WOK MIX 400G,Legumes Surgeles,Nos,1,0,0,,50.0,1,1,Winners,ARDO WOK MIX 400G,400,Gram,0,1
ARDO_RAINBOW_RICED_VEGET_450G,ARDO RAINBOW RICED VEGETABLE 450G,Legumes Surgeles,Nos,1,0,0,,44.5,1,1,Winners,ARDO RAINBOW RICED VEGETABLE 450G,450,Gram,0,1
ARDO_GARDEN_PEASCARROTS_400G,ARDO GARDEN PEAS/CARROTS 400G,Legumes Surgeles,Nos,1,0,0,,5.2,1,1,Winners,ARDO GARDEN PEAS/CARROTS 400G,400,Gram,0,1
ARDO_GARDEN_PEAS_MEDIUM_400G,ARDO GARDEN PEAS MEDIUM 400G,Legumes Surgeles,Nos,1,0,0,,9.5,1,1,Winners,ARDO GARDEN PEAS MEDIUM 400G,400,Gram,0,1
ARDO_FROZEN_MIXED_VEG_400G,ARDO FROZEN MIXED VEGETABLES 400G,Legumes Surgeles,Nos,1,0,0,,9.5,1,1,Winners,ARDO FROZEN MIXED VEGETABLES 400G,400,Gram,0,1
ARDO_CUT_GREEN_BEANS_400G,ARDO CUT GREEN BEANS 400G,Legumes Surgeles,Nos,1,0,0,,42.65,1,1,Winners,ARDO CUT GREEN BEANS 400G,400,Gram,0,1
ARDO_CAULIFLOWER_RICE_450G,ARDO CAULIFLOWER RICE 450G,Legumes Surgeles,Nos,1,0,0,,47.95,1,1,Winners,ARDO CAULIFLOWER RICE 450G,450,Gram,0,1
ARDO_CAULIFLOWER_FLORETS_400G,ARDO CAULIFLOWER FLORETS 400G,Legumes Surgeles,Nos,1,0,0,,9.5,1,1,Winners,ARDO CAULIFLOWER FLORETS 400G,400,Gram,0,1
ATOZ_CAROTTE_1KG_ECONOPACK,ATOZ CAROTTE 1KG ECONOPACK,Legumes Frais,Nos,1,0,0,,9.5,1,1,Winners,ATOZ CAROTTE 1KG ECONOPACK,1,Kg,0,1
ATOZ_BABY_FENNEL_200G,ATOZ BABY FENNEL 200G,Legumes Frais,Nos,1,0,0,,144.95,1,1,Winners,ATOZ BABY FENNEL 200G,200,Gram,0,1
ATOZ_BABY_CARROTS_RAINBOW_200G,ATOZ BABY CARROTS RAINBOW 200G,Legumes Frais,Nos,1,0,0,,9.5,1,1,Winners,ATOZ BABY CARROTS RAINBOW 200G,200,Gram,0,1
ATOZ_BABY_BRINJAL_200G,ATOZ BABY BRINJAL 200G,Legumes Frais,Nos,1,0,0,,159.0,1,1,Winners,ATOZ BABY BRINJAL 200G,200,Gram,0,1
ATOZ_ASPARAGUS_125G,ATOZ ASPARAGUS 125G,Legumes Frais,Nos,1,0,0,,115.0,1,1,Winners,ATOZ ASPARAGUS 125G,125,Gram,0,1
AROUILLE_VIOLET,AROUILLE VIOLET,Legumes Frais,Nos,1,0,0,,29.1,1,1,Winners,AROUILLE VIOLET,,,0,1
AROUILLE_CARRY,AROUILLE CARRY,Legumes Frais,Nos,1,0,0,,29.1,1,1,Winners,AROUILLE CARRY,,,0,1
ANGIVES_BQT,ANGIVES BARQUETTE,Legumes Frais,Nos,1,0,0,,9.5,1,1,Winners,ANGIVES BARQUETTE,,,0,1
AIL_IMPORTE,AIL IMPORTE,Legumes Frais,Nos,1,0,0,,9.5,1,1,Winners,AIL IMPORTE,,,0,1
AIL_FILLETX5SHIBOO,AIL FILLET X5 SHIBOO,Legumes Frais,Nos,1,0,0,,26.0,1,1,Winners,AIL FILLET X5 SHIBOO,,,0,1
AIL_BQT,AIL BARQUETTE,Legumes Frais,Nos,1,0,0,,45.0,1,1,Winners,AIL BARQUETTE,,,0,1
ACHARD_PIMENT_TAMARIN,ACHARD PIMENT TAMARIN,Legumes Frais,Nos,1,0,0,,9.5,1,1,Winners,ACHARD PIMENT TAMARIN,,,0,1
ACHARD_PIMENT_CAROTTE,ACHARD PIMENT CAROTTE,Legumes Frais,Nos,1,0,0,,74.5,1,1,Winners,ACHARD PIMENT CAROTTE,,,0,1
ACHARD_PIM_CAROT_POMME,ACHARD PIM CAROT POMME,Legumes Frais,Nos,1,0,0,,35.9,1,1,Winners,ACHARD PIM CAROT POMME,,,0,1
A_TO_Z_CONCOMBRE_VERT,A TO Z CONCOMBRE VERT,Legumes Frais,Nos,1,0,0,,9.5,1,1,Winners,A TO Z CONCOMBRE VERT,,,0,1
SKC_BUTTERNUT_BQT_SLICE,SKC BUTTERNUT BARQUETTE (SLICE),Legumes Frais,Nos,1,0,0,,69.9,1,1,Winners,SKC BUTTERNUT BARQUETTE (SLICE),,,0,1
SAFRAN_FILLET_125G,SAFRAN FILLET 125G,Legumes Frais,Nos,1,0,0,,32.9,1,1,Winners,SAFRAN FILLET 125G,125,Gram,0,1
POIVRON_VERT_PLASTIFIER,POIVRON VERT PLASTIFIER,Legumes Frais,Nos,1,0,0,,225.0,1,1,Winners,POIVRON VERT PLASTIFIER,,,0,1
CHAMPIGNON_PLEUROTTE_MB_125G,CHAMPIGNON PLEUROTTE MB 125G,Legumes Frais,Nos,1,0,0,,49.9,1,1,Winners,CHAMPIGNON PLEUROTTE MB 125G,125,Gram,0,1
BREDE_SONGE_NOIR_BQT,BREDE SONGE NOIR BARQUETTE,Legumes Frais,Nos,1,0,0,,42.65,1,1,Winners,BREDE SONGE NOIR BARQUETTE,,,0,1
PAPER_BAG_M,PAPER BAG M,Librairie,Nos,1,0,0,,59.0,1,1,Winners,PAPER BAG M,,,0,1
PAPER_BAG_L,PAPER BAG L,Librairie,Nos,1,0,0,,75.0,1,1,Winners,PAPER BAG L,,,0,1
PAPER_BAG_BOTTLE,PAPER BAG BOTTLE,Librairie,Nos,1,0,0,,49.0,1,1,Winners,PAPER BAG BOTTLE,,,0,1
PAPER_BAG_33X26X12CM,PAPER BAG 33X26X12CM,Librairie,Nos,1,0,0,,25.0,1,1,Winners,PAPER BAG 33X26X12CM,,,0,1
PAPER_BAG_27X21X11CM,PAPER BAG 27X21X11CM,Librairie,Nos,1,0,0,,22.0,1,1,Winners,PAPER BAG 27X21X11CM,,,0,1
PAPER_BAG_25X12_5X31__5CM,PAPER BAG 25X12 5X31 5CM,Librairie,Nos,1,0,0,,45.0,1,1,Winners,PAPER BAG 25X12 5X31 5CM,,,0,1
PAPER_BAG_21_5_X_15_X_8,PAPER BAG 21 5 X 15 X 8,Librairie,Nos,1,0,0,,16.0,1,1,Winners,PAPER BAG 21 5 X 15 X 8,,,0,1
PAPER_BAG_19X27X9CM,PAPER BAG 19X27X9CM,Librairie,Nos,1,0,0,,33.0,1,1,Winners,PAPER BAG 19X27X9CM,,,0,1
PAPER_BAG_12__5X16__5X6CM,PAPER BAG 12 5X16 5X6CM,Librairie,Nos,1,0,0,,23.0,1,1,Winners,PAPER BAG 12 5X16 5X6CM,,,0,1
LARGE_CARD_C_50,LARGE CARD C 50,Librairie,Nos,1,0,0,,90.0,1,1,Winners,LARGE CARD C 50,50,Litre,0,1
GIFT_WRAP_2MX70CM_HOT_METAL,GIFT WRAP 2MX70CM HOT METAL,Librairie,Nos,1,0,0,,135.0,1,1,Winners,GIFT WRAP 2MX70CM HOT METAL,,,0,1
GIFT_WRAP_2MX70CM_EVERYDAY,GIFT WRAP 2MX70CM EVERYDAY,Librairie,Nos,1,0,0,,230.0,1,1,Winners,GIFT WRAP 2MX70CM EVERYDAY,,,0,1
GIFT_BAG_XL_PLAIN,GIFT BAG XL PLAIN UNI,Librairie,Nos,1,0,0,,62.0,1,1,Winners,GIFT BAG XL PLAIN UNI,,,0,1
GIFT_BAG_XL_MOTIF,GIFT BAG XL MOTIF,Librairie,Nos,1,0,0,,75.0,1,1,Winners,GIFT BAG XL MOTIF,,,0,1
GIFT_BAG_XL_PRINTED,GIFT BAG PRINTED XL,Librairie,Nos,1,0,0,,0.0,1,1,Winners,GIFT BAG PRINTED XL,,,0,1
GIFT_BAG_MEDIUM_MANDALA_THEME,GIFT BAG PRINTED MEDIUM,Librairie,Nos,1,0,0,,0.0,1,1,Winners,GIFT BAG PRINTED MEDIUM,,,0,1
GIFT_BAG_LARGE_MANDALA_THEME,GIFT BAG PRINTED LARGE,Librairie,Nos,1,0,0,,195.0,1,1,Winners,GIFT BAG PRINTED LARGE,,,0,1
GIFT_BAG_MEDIUM_PLAIN,GIFT BAG MEDIUM PLAIN UNI,Librairie,Nos,1,0,0,,0.0,1,1,Winners,GIFT BAG MEDIUM PLAIN UNI,,,0,1
GIFT_BAG_MEDIUM_MOTIF,GIFT BAG MEDIUM MOTIF,Librairie,Nos,1,0,0,,52.0,1,1,Winners,GIFT BAG MEDIUM MOTIF,,,0,1
GIFT_BAG_LARGE_PLAIN,GIFT BAG LARGE PLAIN UNI,Librairie,Nos,1,0,0,,0.0,1,1,Winners,GIFT BAG LARGE PLAIN UNI,,,0,1
GIFT_BAG_LARGE_MOTIF,GIFT BAG LARGE MOTIF,Librairie,Nos,1,0,0,,70.0,1,1,Winners,GIFT BAG LARGE MOTIF,,,0,1
CO_4_ETIQUETTE_CADEAUX_HOTSTAM,CASINO 4 ETIQUETTE CADEAUX HOTSTAM,Librairie,Nos,1,0,0,,0.0,1,1,Winners,CASINO 4 ETIQUETTE CADEAUX HOTSTAM,,,0,1
12PCS_RIBBON_BOW_SHINING_SMAL,12PCS RIBBON BOW SHINING SMALL,Librairiepapeteriebagage,Nos,1,0,0,,30.0,1,1,Winners,12PCS RIBBON BOW SHINING SMALL,,,0,1
CO_CDR_VILLAGES_HVE_CS_RG_75CL,CLUB DES SOMMELIERS COTE DU RHONE VILLAGES ROUGE 75CL,Liquide,Nos,1,0,0,,629.0,1,1,Winners,CLUB DES SOMMELIERS COTE DU RHONE VILLAGES ROUGE 75CL,,,0,1
CO_CHABLIS_CS_BL_75CL,CLUB DES SOMMELIERS CHABLIS BLANC 75CL,Liquide,Nos,1,0,0,,1350.0,1,1,Winners,CLUB DES SOMMELIERS CHABLIS BLANC 75CL,,,0,1
CO_BGNE_PINOT_NOIR_CS_RG_75CL,CLUB DES SOMMELIERS BOURGOGNE PINOT NOIR ROUGE 75CL,Liquide,Nos,1,0,0,,1089.0,1,1,Winners,CLUB DES SOMMELIERS BOURGOGNE PINOT NOIR ROUGE 75CL,,,0,1
CO_BOURGOGNE_HCN_CS_ROUGE_75CL,CLUB DES SOMMELIERS BOURGOGNE HCN ROUGE 75CL,Liquide,Nos,1,0,0,,1359.0,1,1,Winners,CLUB DES SOMMELIERS BOURGOGNE HCN ROUGE 75CL,,,0,1
CO_BOURGOGNE_CS_BL_75CL,CLUB DES SOMMELIERS BOURGOGNE BLANC 75CL,Liquide,Nos,1,0,0,,1020.0,1,1,Winners,CLUB DES SOMMELIERS BOURGOGNE BLANC 75CL,,,0,1
CO_BDX_SUP_RG_MIL_75CL,CLUB DES SOMMELIERS BORDEAUX SUPERIEURE ROUGE MIL 75CL,Liquide,Nos,1,0,0,,550.0,1,1,Winners,CLUB DES SOMMELIERS BORDEAUX SUPERIEURE ROUGE MIL 75CL,,,0,1
CO_BORDEAUX_ROSE_CS_HVE_75CL,CLUB DES SOMMELIERS BORDEAUX ROSE 75CL,Liquide,Nos,1,0,0,,42.65,1,1,Winners,CLUB DES SOMMELIERS BORDEAUX ROSE 75CL,,,0,1
CO_BLAYE_CH_LESCAT_RG_75CL,CLUB DES SOMMELIERS BLAYE CH LESCAT ROUGE 75CL,Liquide,Nos,1,0,0,,199.95,1,1,Winners,CLUB DES SOMMELIERS BLAYE CH LESCAT ROUGE 75CL,,,0,1
CO_BEN_MTIR_RG_CS_75CL,CLUB DES SOMMELIERS BEN M'TIR ROUGE 75CL,Liquide,Nos,1,0,0,,535.0,1,1,Winners,CLUB DES SOMMELIERS BEN M'TIR ROUGE 75CL,,,0,1
CO_BEN_MTIR_GRIS_CS_75CL,CLUB DES SOMMELIERS BEN M'TIR GRIS 75CL,Liquide,Nos,1,0,0,,529.95,1,1,Winners,CLUB DES SOMMELIERS BEN M'TIR GRIS 75CL,,,0,1
CO_TONIC_150CL,CASINO TONIC 150CL,Liquide,Nos,1,0,0,,140.0,1,1,Winners,CASINO TONIC 150CL,,,0,1
CO_SIROP_THE_PECHE_BIDON_75CL,CASINO SIROP THE PECHE BIDON 75CL,Liquide,Nos,1,0,0,,249.0,1,1,Winners,CASINO SIROP THE PECHE BIDON 75CL,,,0,1
CO_SIROP_ORANGE_75CL,CASINO SIROP ORANGE 75CL,Liquide,Nos,1,0,0,,0.0,1,1,Winners,CASINO SIROP ORANGE 75CL,,,0,1
CO_SIROP_CASSIS_BIDON_75CL,CASINO SIROP CASSIS BIDON 75CL,Liquide,Nos,1,0,0,,37.95,1,1,Winners,CASINO SIROP CASSIS BIDON 75CL,,,0,1
CO_AM_NECT_MULTI_BRIK_1L,CASINO NECTAR MULTIFRUITS BRICK 1LT,Liquide,Nos,1,0,0,,250.0,1,1,Winners,CASINO NECTAR MULTIFRUITS BRICK 1LT,1,Litre,0,1
CO_LIMONADE_LIGHT_15L,CASINO LIMONADE LIGHT 1.5LT,Liquide,Nos,1,0,0,,0.0,1,1,Winners,CASINO LIMONADE LIGHT 1.5LT,1.5,Litre,0,1
CO_LIMONADE_15L,CASINO LIMONADE 1.5LT,Liquide,Nos,1,0,0,,250.0,1,1,Winners,CASINO LIMONADE 1.5LT,1.5,Litre,0,1
CO_JUS_PAMPLEMOUSSE_BRIK_1L,CASINO JUS PAMPLEMOUSSE BRICK 1LT,Liquide,Nos,1,0,0,,9.5,1,1,Winners,CASINO JUS PAMPLEMOUSSE BRICK 1LT,1,Litre,0,1
CO_JUS_ORANGE_BRIK_1L,CASINO JUS ORANGE BRICK 1LT,Liquide,Nos,1,0,0,,16.0,1,1,Winners,CASINO JUS ORANGE BRICK 1LT,1,Litre,0,1
CO_JUS_ABC_MULTI_BRIK_1L,CASINO JUS ABC MULTIVITAMIN BRICK 1LT,Liquide,Nos,1,0,0,,250.0,1,1,Winners,CASINO JUS ABC MULTIVITAMIN BRICK 1LT,1,Litre,0,1
CO_CREME_DE_PECHE_15D_50CL,CASINO CREME DE PECHE 15D 50CL,Liquide,Nos,1,0,0,,46.0,1,1,Winners,CASINO CREME DE PECHE 15D 50CL,,,0,1
CO_CREME_DE_MURE_15D_50CL,CASINO CREME DE MURE 15D 50CL,Liquide,Nos,1,0,0,,99.95,1,1,Winners,CASINO CREME DE MURE 15D 50CL,,,0,1
CO_CREME_CASSIS_15D_70CL,CASINO CREME CASSIS 15D 70CL,Liquide,Nos,1,0,0,,99.95,1,1,Winners,CASINO CREME CASSIS 15D 70CL,,,0,1
CO_AMER_BIERE_18D_1L,CASINO AMER BIERE 1LT,Liquide,Nos,1,0,0,,129.95,1,1,Winners,CASINO AMER BIERE 1LT,1,Litre,0,1
TRPICAL_TUNA_SLID_IN_OIL_170G,TROPICAL TUNA SOLID IN OIL 170G,Kraft 250G Cheddar Cheese,Nos,1,0,0,,33.84,1,1,Winners,TROPICAL TUNA SOLID IN OIL 170G,170,Gram,0,1
TROPICAL_FLAKES_IN_OIL_170G,TROPICAL FLAKES IN OIL 170G,Kraft 250G Cheddar Cheese,Nos,1,0,0,,64.43,1,1,Winners,TROPICAL FLAKES IN OIL 170G,170,Gram,0,1
FROMAGES_LIBRE_SERVICE,FROMAGES LIBRE SERVICE,Kraft 250G Cheddar Cheese,Nos,1,0,0,,140.8,1,1,Winners,FROMAGES LIBRE SERVICE,,,0,1
CRYSTAL_50CL,CRYSTAL WATER 500ML,Kracks Potatcrips Orig 160G,Nos,1,0,0,,46.9,1,1,Winners,CRYSTAL WATER 500ML,500,Millilitre,0,1
B_MAGIC_LESS_LIQ_3L_NAT_FRESH,BLUE MAGIC LESSIVE LIQUIDE MACHINE NATURE FRESH 3LT,Lavage,Nos,1,0,0,,35.63,1,1,Winners,BLUE MAGIC LESSIVE LIQUIDE MACHINE NATURE FRESH 3LT,3,Litre,0,1
PERETTE_VANILLE_250ML,CANDIA PERETTE LAIT AROMATISE VANILLE 250ML,Lait Frais,Nos,1,0,0,,32.4,1,1,Winners,CANDIA PERETTE LAIT AROMATISE VANILLE 250ML,250,Millilitre,0,1
PERETTE_CHOCOLAT_250ML,CANDIA PERETTE LAIT AROMATISE CHOCOLAT 250ML,Lait Frais,Nos,1,0,0,,32.4,1,1,Winners,CANDIA PERETTE LAIT AROMATISE CHOCOLAT 250ML,250,Millilitre,0,1
PERETTE_CAFE_LATTE_250ML,CANDIA PERETTE LAIT AROMATISE CAFE LATTE 250ML,Lait Frais,Nos,1,0,0,,14.5,1,1,Winners,CANDIA PERETTE LAIT AROMATISE CAFE LATTE 250ML,250,Millilitre,0,1
SQUEEZIT_PINEAPLE_JUICE_1L,SQUEEZIT FRESH PINEAPLE JUICE 1L,Jus Et Nectar Fruits Frais,Nos,1,0,0,,9.5,1,1,Winners,SQUEEZIT FRESH PINEAPLE JUICE 1L,1,Litre,0,1
SQUEEZIT_PEACH_APRI_JUICE_1L,SQUEEZIT FRESH PEACH APRICOT JUICE 1L,Jus Et Nectar Fruits Frais,Nos,1,0,0,,22.95,1,1,Winners,SQUEEZIT FRESH PEACH APRICOT JUICE 1L,1,Litre,0,1
SQUEEZIT_ORANGE_JUICE_1L,SQUEEZIT FRESH ORANGE JUICE 1L,Jus Et Nectar Fruits Frais,Nos,1,0,0,,159.0,1,1,Winners,SQUEEZIT FRESH ORANGE JUICE 1L,1,Litre,0,1
SQUEEZIT_MANGO_JUICE_1L,SQUEEZIT FRESH MANGO JUICE 1L,Jus Et Nectar Fruits Frais,Nos,1,0,0,,116.0,1,1,Winners,SQUEEZIT FRESH MANGO JUICE 1L,1,Litre,0,1
SQUEEZIT_GRAPEFRUIT_JUICE_1L,SQUEEZIT FRESH GRAPEFRUIT JUICE 1L,Jus Et Nectar Fruits Frais,Nos,1,0,0,,10.0,1,1,Winners,SQUEEZIT FRESH GRAPEFRUIT JUICE 1L,1,Litre,0,1
SQUEEZIT_EXOTIC_JUICE_1L,SQUEEZIT FRESH EXOTIC JUICE 1L,Jus Et Nectar Fruits Frais,Nos,1,0,0,,9.5,1,1,Winners,SQUEEZIT FRESH EXOTIC JUICE 1L,1,Litre,0,1
SQUEEZIT_APPLE_JUICE_1L,SQUEEZIT FRESH APPLE JUICE 1L,Jus Et Nectar Fruits Frais,Nos,1,0,0,,16.0,1,1,Winners,SQUEEZIT FRESH APPLE JUICE 1L,1,Litre,0,1
FRUITOPIE_TROPICAL_250ML,FRUITOPIE FRESH TROPICAL JUICE 250ML,Jus Et Nectar Fruits Frais,Nos,1,0,0,,56.0,1,1,Winners,FRUITOPIE FRESH TROPICAL JUICE 250ML,250,Millilitre,0,1
FRUITOPIE_TROPICAL_1L,FRUITOPIE FRESH TROPICAL JUICE 1L,Jus Et Nectar Fruits Frais,Nos,1,0,0,,9.5,1,1,Winners,FRUITOPIE FRESH TROPICAL JUICE 1L,1,Litre,0,1
FRUITOPIE_POMEGRANATE_250ML,FRUITOPIE FRESH POMEGRANATE JUICE 250ML,Jus Et Nectar Fruits Frais,Nos,1,0,0,,24.0,1,1,Winners,FRUITOPIE FRESH POMEGRANATE JUICE 250ML,250,Millilitre,0,1
FRUITOPIE_ORANGE_250ML,FRUITOPIE FRESH ORANGE JUICE 250ML,Jus Et Nectar Fruits Frais,Nos,1,0,0,,24.0,1,1,Winners,FRUITOPIE FRESH ORANGE JUICE 250ML,250,Millilitre,0,1
FRUITOPIE_ORANGE_1L,FRUITOPIE FRESH ORANGE JUICE 1L,Jus Et Nectar Fruits Frais,Nos,1,0,0,,22.95,1,1,Winners,FRUITOPIE FRESH ORANGE JUICE 1L,1,Litre,0,1
FRUITOPIE_MANGO_1L,FRUITOPIE FRESH MANGO JUICE 1L,Jus Et Nectar Fruits Frais,Nos,1,0,0,,35.9,1,1,Winners,FRUITOPIE FRESH MANGO JUICE 1L,1,Litre,0,1
FRUITOPIE_CRANBERRY_1L,FRUITOPIE 100% FRESH CRANBERRY JUICE 1L,Jus Et Nectar Fruits Frais,Nos,1,0,0,,41.5,1,1,Winners,FRUITOPIE 100% FRESH CRANBERRY JUICE 1L,1,Litre,0,1
FRUITOPIE_CRANB250ML,FRUITOPIE 100% FRESH CRANBERRY JUICE 250ML,Jus Et Nectar Fruits Frais,Nos,1,0,0,,24.0,1,1,Winners,FRUITOPIE 100% FRESH CRANBERRY JUICE 250ML,250,Millilitre,0,1
COCOMAX_100_CNUT_WATER_350ML,COCOMAX 100% COCONUT WATER 350ML,Jus Et Nectar Fruits Frais,Nos,1,0,0,,125.0,1,1,Winners,COCOMAX 100% COCONUT WATER 350ML,350,Millilitre,0,1
ANDROS_JUS_FRUITS_EXOTIQUES_1L,ANDROS JUS DE FRUIT EXOTIQUES 1L,Jus Et Nectar Fruits Frais,Nos,1,0,0,,156.0,1,1,Winners,ANDROS JUS DE FRUIT EXOTIQUES 1L,1,Litre,0,1
ANDROS_JFRT_F_RAISIN_1L,ANDROS JUS DE FRUIT FRAIS RAISIN 1L,Jus Et Nectar Fruits Frais,Nos,1,0,0,,24.5,1,1,Winners,ANDROS JUS DE FRUIT FRAIS RAISIN 1L,1,Litre,0,1
ANDROS_JFRT_F_POMME_1L,ANDROS JUS DE FRUIT FRAIS POMME 1L,Jus Et Nectar Fruits Frais,Nos,1,0,0,,249.0,1,1,Winners,ANDROS JUS DE FRUIT FRAIS POMME 1L,1,Litre,0,1
ANDROS_JFRT_F_PAMPLEMOUSSE_1L,ANDROS JUS DE FRUIT FRAIS PAMPLEMOUSSE 1L,Jus Et Nectar Fruits Frais,Nos,1,0,0,,60.0,1,1,Winners,ANDROS JUS DE FRUIT FRAIS PAMPLEMOUSSE 1L,1,Litre,0,1
ANDROS_JFRT_F_ORANGE_1L,ANDROS JUS DE FRUIT FRAIS ORANGE 1L,Jus Et Nectar Fruits Frais,Nos,1,0,0,,95.0,1,1,Winners,ANDROS JUS DE FRUIT FRAIS ORANGE 1L,1,Litre,0,1
ANDROS_JFRT_F_MOJITO_SALC_1L,ANDROS JUS DE FRUIT FRAIS MOJITO SANS ALCOOL 1L,Jus Et Nectar Fruits Frais,Nos,1,0,0,,9.5,1,1,Winners,ANDROS JUS DE FRUIT FRAIS MOJITO SANS ALCOOL 1L,1,Litre,0,1
ANDROS_JFRT_F_CLEMENTINE_1L,ANDROS JUS DE FRUIT FRAIS CLEMENTINE 1L,Jus Et Nectar Fruits Frais,Nos,1,0,0,,377.3,1,1,Winners,ANDROS JUS DE FRUIT FRAIS CLEMENTINE 1L,1,Litre,0,1
ANDROS_JFRT_F_BCRANBERRY_1L,ANDROS JUS DE FRUIT FRAIS A LA CRANBERRY 1L,Jus Et Nectar Fruits Frais,Nos,1,0,0,,9.5,1,1,Winners,ANDROS JUS DE FRUIT FRAIS A LA CRANBERRY 1L,1,Litre,0,1
ANDROS_JFRT_F_ANANAS_1L,ANDROS JUS DE FRUIT FRAIS ANANAS 1L,Jus Et Nectar Fruits Frais,Nos,1,0,0,,373.0,1,1,Winners,ANDROS JUS DE FRUIT FRAIS ANANAS 1L,1,Litre,0,1
PERETTE_AMANDE_250ML,CANDIA PERETTE LAIT AROMATISE AMANDE 250ML,Lait Frais,Nos,1,0,0,,32.4,1,1,Winners,CANDIA PERETTE LAIT AROMATISE AMANDE 250ML,250,Millilitre,0,1
PASCUAL_CMOCAY_ESPRESSO_200ML,PASCUAL CAF?MOCAY ESPRESSO 200ML,Lait Frais,Nos,1,0,0,,98.0,1,1,Winners,PASCUAL CAF?MOCAY ESPRESSO 200ML,200,Millilitre,0,1
PASCUAL_CMOCAY_CAPPUC_200ML,PASCUAL CAF?MOCAY CAPPUCINO 200ML,Lait Frais,Nos,1,0,0,,98.0,1,1,Winners,PASCUAL CAF?MOCAY CAPPUCINO 200ML,200,Millilitre,0,1
MLMCFL_FRCOW_MILK_POUCH_500ML,MAURITIUS LIVESTOCK FEED COOPERATION LTD FRESH COW MILK POUCH 500ML,Lait Frais,Nos,1,0,0,,9.5,1,1,Winners,MAURITIUS LIVESTOCK FEED COOPERATION LTD FRESH COW MILK POUCH 500ML,500,Millilitre,0,1
MILO_ORIG_ACTIVGO_RTD_240ML,MILO ORIGINAL ACTIVGO READY TO DRINK 240ML,Lait Frais,Nos,1,0,0,,67.0,1,1,Winners,MILO ORIGINAL ACTIVGO READY TO DRINK 240ML,240,Millilitre,0,1
MILAIT_LAIT_BADAM_PIST_250ML,MILAIT LAIT BADAM AU PISTACHE 250ML,Lait Frais,Nos,1,0,0,,9.5,1,1,Winners,MILAIT LAIT BADAM AU PISTACHE 250ML,250,Millilitre,0,1
MILAIT_ALOUDA_VANILLE_500ML,MILAIT ALOUDA VANILLE 500ML,Lait Frais,Nos,1,0,0,,9.5,1,1,Winners,MILAIT ALOUDA VANILLE 500ML,500,Millilitre,0,1
CLOVER_SUPM_DRINK_STRAWB_1L,CLOVER SUPER M DRINK STRAWBERRY 1L,Lait Frais,Nos,1,0,0,,125.0,1,1,Winners,CLOVER SUPER M DRINK STRAWBERRY 1L,1,Litre,0,1
CLOVER_SUPM_DRINK_CHOCO_1L,CLOVER SUPER M DRINK CHOCO 1L,Lait Frais,Nos,1,0,0,,125.0,1,1,Winners,CLOVER SUPER M DRINK CHOCO 1L,1,Litre,0,1
CLOVER_SM_DRINK_VANILLA_300ML,CLOVER SUPER M DRINK VANILLA 300ML,Lait Frais,Nos,1,0,0,,19.9,1,1,Winners,CLOVER SUPER M DRINK VANILLA 300ML,300,Millilitre,0,1
CLOVER_SM_DRINK_STRAWB_300ML,CLOVER SUPER M DRINK STRAWBERRY 300ML,Lait Frais,Nos,1,0,0,,9.5,1,1,Winners,CLOVER SUPER M DRINK STRAWBERRY 300ML,300,Millilitre,0,1
CLOVER_SM_DRINK_CHOCO_300ML,CLOVER SUPER M DRINK CHOCO 300ML,Lait Frais,Nos,1,0,0,,19.9,1,1,Winners,CLOVER SUPER M DRINK CHOCO 300ML,300,Millilitre,0,1
ARLA_PROTEIN_MILK_VANIL_470ML,ARLA PROTEIN MILK VANILLE 470ML,Lait Frais,Nos,1,0,0,,81.0,1,1,Winners,ARLA PROTEIN MILK VANILLE 470ML,470,Millilitre,0,1
ARLA_PROTEIN_MILK_STRAWB_482ML,ARLA PROTEIN MILK STRAWBERRY 482ML,Lait Frais,Nos,1,0,0,,34.3,1,1,Winners,ARLA PROTEIN MILK STRAWBERRY 482ML,482,Millilitre,0,1
ARLA_PROTMILK_CHO_LSUG_470ML,ARLA PROTEIN MILK CHOCOLATE LOW SUGAR 470ML,Lait Frais,Nos,1,0,0,,16.0,1,1,Winners,ARLA PROTEIN MILK CHOCOLATE LOW SUGAR 470ML,470,Millilitre,0,1
STARBUCKS_NOISETMCHIAT_220ML,STARBUCKS NOISETTE MACCHATO 220ML,Lait Frais,Nos,1,0,0,,199.0,1,1,Winners,STARBUCKS NOISETTE MACCHATO 220ML,220,Millilitre,0,1
SOJASUN_PLAISVANILLE_4X100G,SOJASUN PLAISIR VANILLE 4 X1 00G,Lait Frais,Nos,1,0,0,,399.0,1,1,Winners,SOJASUN PLAISIR VANILLE 4 X1 00G,00,Gram,0,1
SOJASUN_PLAISCHOCO_4X100G,SOJASUN PLAISIR CHOCOLAT 4 X 100G,Lait Frais,Nos,1,0,0,,250.0,1,1,Winners,SOJASUN PLAISIR CHOCOLAT 4 X 100G,100,Gram,0,1
SOJASUN_CITRON_4X100G,SOJASUN DESSERT VEGETAL CITRON 4 X 100G,Lait Frais,Nos,1,0,0,,399.0,1,1,Winners,SOJASUN DESSERT VEGETAL CITRON 4 X 100G,100,Gram,0,1
SOJASUN_FIGUES_4X100G,SOJASUN DESSERT FIGUES 4 X 100G,Lait Frais,Nos,1,0,0,,399.0,1,1,Winners,SOJASUN DESSERT FIGUES 4 X 100G,100,Gram,0,1
B_MAGIC_LESS_LIQ_3L_LAVENDER,BLUE MAGIC LESSIVE LIQUIDE MACHINE LAVENDER 3LT,Lavage,Nos,1,0,0,,47.95,1,1,Winners,BLUE MAGIC LESSIVE LIQUIDE MACHINE LAVENDER 3LT,3,Litre,0,1
B_MAGIC_LESS_LIQ_3L_JASMINE,BLUE MAGIC LESSIVE LIQUIDE MACHINE JASMINE 3LT,Lavage,Nos,1,0,0,,9.5,1,1,Winners,BLUE MAGIC LESSIVE LIQUIDE MACHINE JASMINE 3LT,3,Litre,0,1
BLUE_MAGIC_LESSIVE_MAIN_750G,BLUE MAGIC LESSIVE MAIN 750G,Lavage,Nos,1,0,0,,47.95,1,1,Winners,BLUE MAGIC LESSIVE MAIN 750G,750,Gram,0,1
BLUE_MAGIC_LESSIVE_MAIN_400G,BLUE MAGIC LESSIVE MAIN 400G,Lavage,Nos,1,0,0,,42.65,1,1,Winners,BLUE MAGIC LESSIVE MAIN 400G,400,Gram,0,1
BMAGIC_ADOUC_ROSE_TOU_1_5L,BLUE MAGIC ADOUCISSANT ROSE TOUCH 1 5L,Lavage,Nos,1,0,0,,9.5,1,1,Winners,BLUE MAGIC ADOUCISSANT ROSE TOUCH 1 5L,5,Litre,0,1
BMAGIC_ADOUC_LAVEND_BQ_1_5L,BLUE MAGIC ADOUCISSANT LAVEND BOUQUETS 1 5L,Lavage,Nos,1,0,0,,49.95,1,1,Winners,BLUE MAGIC ADOUCISSANT LAVEND BOUQUETS 1 5L,5,Litre,0,1
BMAGIC_ADOUC_COTTON_P_1_5L,BLUE MAGIC ADOUCISSANT COTTON PEARL 1 5L,Lavage,Nos,1,0,0,,9.5,1,1,Winners,BLUE MAGIC ADOUCISSANT COTTON PEARL 1 5L,5,Litre,0,1
BMAGIC_ADOUC_AQUA_BLU_1_5L,BLUE MAGIC ADOUCISSANT AQUA BLUE 1 5L,Lavage,Nos,1,0,0,,39.0,1,1,Winners,BLUE MAGIC ADOUCISSANT AQUA BLUE 1 5L,5,Litre,0,1
BV_SAVON_NOIR_LIQUIDE_1L,BIOVIE SAVON NOIR HUILE DE LIN 1LT,Lavage,Nos,1,0,0,,220.0,1,1,Winners,BIOVIE SAVON NOIR HUILE DE LIN 1LT,1,Litre,0,1
BIOVIE_LESS_MAIN_LAVAND_200ML,BIOVIE LESSIVE MAIN EXPRESS AU LAVANDIN 200ML,Lavage,Nos,1,0,0,,24.0,1,1,Winners,BIOVIE LESSIVE MAIN EXPRESS AU LAVANDIN 200ML,200,Millilitre,0,1
BIOVIE_LESS_ENGAGEE_HUIL_PALME,BIOVIE LESSIVE ENGAGEE HUILE DE PALME 3LT,Lavage,Nos,1,0,0,,885.0,1,1,Winners,BIOVIE LESSIVE ENGAGEE HUILE DE PALME 3LT,3,Litre,0,1
BIOVIE_DETAC_LINGE_PERCAB_350G,BIOVIE DETACHANT LINGE PERCABONATE 350G,Lavage,Nos,1,0,0,,385.0,1,1,Winners,BIOVIE DETACHANT LINGE PERCABONATE 350G,350,Gram,0,1
BIOVIE_ASSOUP_CONC_ALOE_VER_1L,BIOVIE ASSOUPLISSANT CONCENTRE ALOE VERA 1LT,Lavage,Nos,1,0,0,,260.0,1,1,Winners,BIOVIE ASSOUPLISSANT CONCENTRE ALOE VERA 1LT,1,Litre,0,1
BINGO_LQ_DETERG_ALL_COLORS_3LT,BINGO LIQUID LAUNDRY DETERGENT KERATIN ALL COLOURS 3L,Lavage,Nos,1,0,0,,159.0,1,1,Winners,BINGO LIQUID LAUNDRY DETERGENT KERATIN ALL COLOURS 3L,3,Litre,0,1
BINGO_AUTOMAT_WHITE_COLORS_3KG,BINGO AUTOMAT WHITE COLORS 3KG,Lavage,Nos,1,0,0,,9.5,1,1,Winners,BINGO AUTOMAT WHITE COLORS 3KG,3,Kg,0,1
BINGO_AUTOMAT_ULTRA_WHITE_3KG,BINGO AUTOMAT ULTRA WHITE 3KG,Lavage,Nos,1,0,0,,230.0,1,1,Winners,BINGO AUTOMAT ULTRA WHITE 3KG,3,Kg,0,1
ARIEL_LESS_MACH_ORIGINAL_900G,ARIEL ORIGINAL 900G,Lavage,Nos,1,0,0,,26.0,1,1,Winners,ARIEL ORIGINAL 900G,900,Gram,0,1
ARIEL_LIQUID_REG_2_5LT,ARIEL LIQUIDE LESSIVE MACHINE REGULAR 2 5L,Lavage,Nos,1,0,0,,16.0,1,1,Winners,ARIEL LIQUIDE LESSIVE MACHINE REGULAR 2 5L,5,Litre,0,1
ARIEL_LIQUID_TOD_2_5LT,ARIEL LIQUID TOD 2 5LT,Lavage,Nos,1,0,0,,75.0,1,1,Winners,ARIEL LIQUID TOD 2 5LT,5,Litre,0,1
ARIEL_LIQUID_LAVENDER_2_5L,ARIEL LIQUID LAVENDER 2 5L,Lavage,Nos,1,0,0,,9.5,1,1,Winners,ARIEL LIQUID LAVENDER 2 5L,5,Litre,0,1
ARIEL_LIQUID_MACHINE_1_8LT_TOD,ARIEL LIQUID MACHINE TOD 1 8LT,Lavage,Nos,1,0,0,,16.0,1,1,Winners,ARIEL LIQUID MACHINE TOD 1 8LT,8,Litre,0,1
ARIEL_LESSIVE_MAIN_500G,ARIEL LESSIVE MAIN 500G,Lavage,Nos,1,0,0,,9.5,1,1,Winners,ARIEL LESSIVE MAIN 500G,500,Gram,0,1
ARIEL_LESS_MACH_ORIGINAL_3KG,ARIEL LESSIVE MACHINE ORIGINAL 3KG,Lavage,Nos,1,0,0,,9.5,1,1,Winners,ARIEL LESSIVE MACHINE ORIGINAL 3KG,3,Kg,0,1
ARIEL_LESSIVE_MAIN_1KG,ARIEL HAND WASH 1KG,Lavage,Nos,1,0,0,,9.5,1,1,Winners,ARIEL HAND WASH 1KG,1,Kg,0,1
PRODUITS_POUR_APERITIF,PRODUITS POUR APERITIF,Kracks Potatcrips Orig 160G,Nos,1,0,0,,115.0,1,1,Winners,PRODUITS POUR APERITIF,,,0,1
MIMIL_PET_FOOD_TUNA_WATER_170G,MIMIL PET FOOD TUNA WATER 170G,Julies Dark Choco Vanille 120G,Nos,1,0,0,,33.84,1,1,Winners,MIMIL PET FOOD TUNA WATER 170G,170,Gram,0,1
CAMPING_BISTRO_2_STOVE,CAMPING BISTRO 2 STOVE,Jouets Loisirs,Nos,1,0,0,,0.0,1,1,Winners,CAMPING BISTRO 2 STOVE,,,0,1
PEDIGREE_5KINDS_OF_MEAT_400G,PEDIGREE 5KINDS OF MEAT 400G,Julies Dark Choco Vanille 120G,Nos,1,0,0,,42.65,1,1,Winners,PEDIGREE 5KINDS OF MEAT 400G,400,Gram,0,1
PLANT_DILL_ANETH,PLANT DILL ANETH,Fleurs Plantes,Nos,1,0,0,,85.0,1,1,Winners,PLANT DILL ANETH,,,0,1
PLANT_CURRY_LEAVES,PLANT CURRY LEAVES,Fleurs Plantes,Nos,1,0,0,,80.0,1,1,Winners,PLANT CURRY LEAVES,,,0,1
PLANT_CURRY,PLANT CURRY,Fleurs Plantes,Nos,1,0,0,,86.0,1,1,Winners,PLANT CURRY,,,0,1
PLANT_CUPHEA,PLANT CUPHEA,Fleurs Plantes,Nos,1,0,0,,45.0,1,1,Winners,PLANT CUPHEA,,,0,1
PLANT_CORONSOL,PLANT CORONSOL,Fleurs Plantes,Nos,1,0,0,,100.0,1,1,Winners,PLANT CORONSOL,,,0,1
PLANT_CORIANDER,PLANT CORIANDER,Fleurs Plantes,Nos,1,0,0,,72.0,1,1,Winners,PLANT CORIANDER,,,0,1
PLANT_CITRONELLA,PLANT CITRONELLA,Fleurs Plantes,Nos,1,0,0,,72.0,1,1,Winners,PLANT CITRONELLA,,,0,1
PLANT_CHRYSANTHEME_NAIN,PLANT CHRYSANTHEME NAIN,Fleurs Plantes,Nos,1,0,0,,143.0,1,1,Winners,PLANT CHRYSANTHEME NAIN,,,0,1
PLANT_CHRYSANTHEME,PLANT CHRYSANTHEME,Fleurs Plantes,Nos,1,0,0,,143.0,1,1,Winners,PLANT CHRYSANTHEME,,,0,1
PLANT_CHILLI,PLANT CHILLI,Fleurs Plantes,Nos,1,0,0,,143.0,1,1,Winners,PLANT CHILLI,,,0,1
PLANT_CHERRY_TOMATO,PLANT CHERRY TOMATO,Fleurs Plantes,Nos,1,0,0,,79.0,1,1,Winners,PLANT CHERRY TOMATO,,,0,1
PLANT_CELERICELERY,PLANT CELERI,Fleurs Plantes,Nos,1,0,0,,70.0,1,1,Winners,PLANT CELERI,,,0,1
PLANT_BAUME_DU_PEROU,PLANT BAUME DU PEROU,Fleurs Plantes,Nos,1,0,0,,58.0,1,1,Winners,PLANT BAUME DU PEROU,,,0,1
PLANT_BASILIC,PLANT BASILIC,Fleurs Plantes,Nos,1,0,0,,85.0,1,1,Winners,PLANT BASILIC,,,0,1
PLANT_AYAPANA,PLANT AYAPANA,Fleurs Plantes,Nos,1,0,0,,72.0,1,1,Winners,PLANT AYAPANA,,,0,1
PLANT_ARAUCARIA,PLANT ARAUCARIA,Fleurs Plantes,Nos,1,0,0,,350.0,1,1,Winners,PLANT ARAUCARIA,,,0,1
PLANT_ALTERNANTERA,PLANT ALTERNANTERA,Fleurs Plantes,Nos,1,0,0,,45.0,1,1,Winners,PLANT ALTERNANTERA,,,0,1
BOUQUET_REF_NO_010,BOUQUET REF NO: 010,Fleurs Plantes,Nos,1,0,0,,60.0,1,1,Winners,BOUQUET REF NO: 010,,,0,1
BOUQUET_REF_NO_007,BOUQUET REF NO: 007,Fleurs Plantes,Nos,1,0,0,,30.0,1,1,Winners,BOUQUET REF NO: 007,,,0,1
BOUQUET_REF_NO_006,BOUQUET REF NO: 006,Fleurs Plantes,Nos,1,0,0,,95.0,1,1,Winners,BOUQUET REF NO: 006,,,0,1
BOUQUET_REF_NO_005,BOUQUET REF NO: 005,Fleurs Plantes,Nos,1,0,0,,1000.0,1,1,Winners,BOUQUET REF NO: 005,,,0,1
BOUQUET_REF_NO_003,BOUQUET REF NO: 003,Fleurs Plantes,Nos,1,0,0,,315.0,1,1,Winners,BOUQUET REF NO: 003,,,0,1
BOUQUET_REF_NO_002,BOUQUET REF NO: 002,Fleurs Plantes,Nos,1,0,0,,49.0,1,1,Winners,BOUQUET REF NO: 002,,,0,1
BOUQUET_REF_NO_001,BOUQUET REF NO: 001,Fleurs Plantes,Nos,1,0,0,,78.0,1,1,Winners,BOUQUET REF NO: 001,,,0,1
BOUQUET_REF_004,BOUQUET REF : 004,Fleurs Plantes,Nos,1,0,0,,600.0,1,1,Winners,BOUQUET REF : 004,,,0,1
PHOENIX_BEER_CAN_330ML,PHOENIX BEER CAN 330ML,Julies Dark Choco Vanille 120G,Nos,1,0,0,,39.0,1,1,Winners,PHOENIX BEER CAN 330ML,330,Millilitre,0,1
BELLE_HOLLAND_UHT_1L_12_CREAM,BELLE HOLLAND UHT 1/2 CREAM 1LT,Julies Dark Choco Vanille 120G,Nos,1,0,0,,39.0,1,1,Winners,BELLE HOLLAND UHT 1/2 CREAM 1LT,1,Litre,0,1
BAYARA_FISH_MASALA_170G,BAYARA FISH MASALA 170G,Epicerie,Nos,1,0,0,,115.0,1,1,Winners,BAYARA FISH MASALA 170G,170,Gram,0,1
VILEDA_OUTDOOR_DRYER_SOLAR_100,VILEDA OUTDOOR DRYER SOLAR,Entretien Du Linge,Nos,1,0,0,,3608.0,1,1,Winners,VILEDA OUTDOOR DRYER SOLAR,,,0,1
ABRO_SUPER_GOLD_PASTE_WAX_230G,ABRO SUPER GOLD PASTE WAX,Entretien Auto,Nos,1,0,0,,240.0,1,1,Winners,ABRO SUPER GOLD PASTE WAX,,,0,1
BAYARA_CURRY_POWDER_200G,BAYARA CURRY POWDER 200G,Epicerie,Nos,1,0,0,,90.0,1,1,Winners,BAYARA CURRY POWDER 200G,200,Gram,0,1
BAYARA_CUMIN_WHOLE_200G,BAYARA CUMIN WHOLE 200G,Epicerie,Nos,1,0,0,,145.0,1,1,Winners,BAYARA CUMIN WHOLE 200G,200,Gram,0,1
BAYARA_CUMIN_POWDER_200G,BAYARA CUMIN POWDER 200G,Epicerie,Nos,1,0,0,,9.5,1,1,Winners,BAYARA CUMIN POWDER 200G,200,Gram,0,1
BAYARA_CORIANDER_WHOLE_200G,BAYARA CORIANDER WHOLE 200G,Epicerie,Nos,1,0,0,,120.07,1,1,Winners,BAYARA CORIANDER WHOLE 200G,200,Gram,0,1
BROSSE_A_LAVE_NO_5,BEAR BROSSE A LAVE NO 5,Entretien,Nos,1,0,0,,36.0,1,1,Winners,BEAR BROSSE A LAVE NO 5,,,0,1
BEAR_MOP_X_L_BLANC__MANCHE,BEAR BEAR MOP XL BLANC MANCHE,Entretien,Nos,1,0,0,,61.0,1,1,Winners,BEAR BEAR MOP XL BLANC MANCHE,,,0,1
BEAR_MOP_230GM,BEAR BEAR MOP 230GM,Entretien,Nos,1,0,0,,16.0,1,1,Winners,BEAR BEAR MOP 230GM,230,Gram,0,1
BALAIS_SOLEIL_MANCHE,BEAR BALAIS SOLEIL MANCHE,Entretien,Nos,1,0,0,,259.95,1,1,Winners,BEAR BALAIS SOLEIL MANCHE,,,0,1
BARANNE_LINGETTES_NETTOYANTX18,BARANNE LINGETTES NETTOYANTES X18,Entretien,Nos,1,0,0,,0.0,1,1,Winners,BARANNE LINGETTES NETTOYANTES X18,,,0,1
ASTONISH_LIMESC_REM_TRIG_750ML,ASTONISH LIMESCALE REMOVER TRIGGER 750ML,Entretien,Nos,1,0,0,,26.0,1,1,Winners,ASTONISH LIMESCALE REMOVER TRIGGER 750ML,750,Millilitre,0,1
ASTONISH_DISINF_PINE_OIL_750ML,ASTONISH DISINFECTANT PINE OIL 750ML,Entretien,Nos,1,0,0,,60.0,1,1,Winners,ASTONISH DISINFECTANT PINE OIL 750ML,750,Millilitre,0,1
ASTONISH_ANTIB_CLN_TRIG_750ML,ASTONISH ANTIBACTERIEN CLEANER TRIGGER 750ML,Entretien,Nos,1,0,0,,9.5,1,1,Winners,ASTONISH ANTIBACTERIEN CLEANER TRIGGER 750ML,750,Millilitre,0,1
A_TONKITA_DUST_PAN_BRUS_TK_677,ARIX TONKITA TK677 ECO SET DUST PAN BRUSH LARGE SIZE,Entretien,Nos,1,0,0,,104.0,1,1,Winners,ARIX TONKITA TK677 ECO SET DUST PAN BRUSH LARGE SIZE,,,0,1
AQUA_VERA_GLASS_CLN_GREE_500ML,AQUA VERA GLASS CLEANER GREEN 500ML,Entretien,Nos,1,0,0,,57.0,1,1,Winners,AQUA VERA GLASS CLEANER GREEN 500ML,500,Millilitre,0,1
AQUA_VERA_GLASS_CLN_BLUE_500ML,AQUA VERA GLASS CLEANER BLUE 500ML,Entretien,Nos,1,0,0,,159.0,1,1,Winners,AQUA VERA GLASS CLEANER BLUE 500ML,500,Millilitre,0,1
ALUMINIUM_MOP_STICK_130CM,ALUMINIUM MOP STICK 130CM,Entretien,Nos,1,0,0,,275.0,1,1,Winners,ALUMINIUM MOP STICK 130CM,,,0,1
ALUMINIUM_MOP_STICK_120CM,ALUMINIUM MOP STICK 120CM,Entretien,Nos,1,0,0,,20.0,1,1,Winners,ALUMINIUM MOP STICK 120CM,,,0,1
ALL_BLUE_TOILET_CLEAN_BLOCK_X2,ALL BLUE TOILET CLEANING BLOCKS X2,Entretien,Nos,1,0,0,,32.0,1,1,Winners,ALL BLUE TOILET CLEANING BLOCKS X2,,,0,1
ALCOOL_BLEU,ALCOOL BLEU 1 L,Entretien,Nos,1,0,0,,9.5,1,1,Winners,ALCOOL BLEU 1 L,1,Litre,0,1
ALCOOL_BLANC,ALCOOL BLANC 1L,Entretien,Nos,1,0,0,,9.5,1,1,Winners,ALCOOL BLANC 1L,1,Litre,0,1
AJAX_SPRAY_S_BAIN_600ML_CITRON,AJAX SPRAY NETTOYANT SALLE DE BAIN CITRON 600ML,Entretien,Nos,1,0,0,,9.5,1,1,Winners,AJAX SPRAY NETTOYANT SALLE DE BAIN CITRON 600ML,600,Millilitre,0,1
AJAX_SPRAY_600ML_CUISINE,AJAX SPRAY NETTOYANT CUISINE 600ML,Entretien,Nos,1,0,0,,20.0,1,1,Winners,AJAX SPRAY NETTOYANT CUISINE 600ML,600,Millilitre,0,1
AJAX_MULTI_USAGES_FRAIS_1_25L,AJAX NETTOYANT MENAGER MULTI USAGES FRAIS ORIGINE NATURELLE 1 25L,Entretien,Nos,1,0,0,,9.5,1,1,Winners,AJAX NETTOYANT MENAGER MULTI USAGES FRAIS ORIGINE NATURELLE 1 25L,25,Litre,0,1
AJAX_MULTI_USAGES_EUCALY_1_25L,AJAX NETTOYANT MENAGER MULTI USAGES EUCALYPTUS ORIGINE NATURELLE 1 25L,Entretien,Nos,1,0,0,,9.5,1,1,Winners,AJAX NETTOYANT MENAGER MULTI USAGES EUCALYPTUS ORIGINE NATURELLE 1 25L,25,Litre,0,1
AJAX_MULTI_USAGES_CITRON_1_25L,AJAX NETTOYANT MENAGER MULTI USAGES CITRON VERT ORIGINE NATURELLE 1 25L,Entretien,Nos,1,0,0,,47.95,1,1,Winners,AJAX NETTOYANT MENAGER MULTI USAGES CITRON VERT ORIGINE NATURELLE 1 25L,25,Litre,0,1
AJAX_FDF_MUGUET_NATUREL_1_25L,AJAX FETE DES FLEURS NETTOYANT MENAGER MUGUET ORIGINE NATURELLE 1 25L,Entretien,Nos,1,0,0,,46.0,1,1,Winners,AJAX FETE DES FLEURS NETTOYANT MENAGER MUGUET ORIGINE NATURELLE 1 25L,25,Litre,0,1
AJAX_FDF_COQUEL_NATURELL_1_25L,AJAX FETE DES FLEURS NETTOYANT MENAGER COQUELICOT ORIGINE NATURELLE 1 25L,Entretien,Nos,1,0,0,,22.0,1,1,Winners,AJAX FETE DES FLEURS NETTOYANT MENAGER COQUELICOT ORIGINE NATURELLE 1 25L,25,Litre,0,1
AJAX_FDF_CERISE_NATURELL_1_25L,AJAX FETE DES FLEURS NETTOYANT MENAGER CERISIER ORIGINE NATURELLE 1 25L,Entretien,Nos,1,0,0,,98.0,1,1,Winners,AJAX FETE DES FLEURS NETTOYANT MENAGER CERISIER ORIGINE NATURELLE 1 25L,25,Litre,0,1
ABRO_DESINFECTANT_SPRAY_400ML,ABRO DISINFECTANT SPRAY 400ML,Entretien,Nos,1,0,0,,16.0,1,1,Winners,ABRO DISINFECTANT SPRAY 400ML,400,Millilitre,0,1
BAYARA_CORIANDER_POWDER_200G,BAYARA CORIANDER POWDER 200G,Epicerie,Nos,1,0,0,,9.5,1,1,Winners,BAYARA CORIANDER POWDER 200G,200,Gram,0,1
BAYARA_CINNAMON_POWDER_40G,BAYARA CINNAMON POWDER 40G,Epicerie,Nos,1,0,0,,95.0,1,1,Winners,BAYARA CINNAMON POWDER 40G,40,Gram,0,1
BAYARA_CINNAMON_POWDER_200G,BAYARA CINNAMON POWDER 200G,Epicerie,Nos,1,0,0,,190.0,1,1,Winners,BAYARA CINNAMON POWDER 200G,200,Gram,0,1
BAYARA_CHILI_ROUND_100G,BAYARA CHILI ROUND 100G,Epicerie,Nos,1,0,0,,125.0,1,1,Winners,BAYARA CHILI ROUND 100G,100,Gram,0,1
BAYARA_CHILI_POW_KASHMIRI_200G,BAYARA CHILI POWDER KASHMIRI 200G,Epicerie,Nos,1,0,0,,195.0,1,1,Winners,BAYARA CHILI POWDER KASHMIRI 200G,200,Gram,0,1
BAYARA_CHILI_POWDER_200G,BAYARA CHILI POWDER 200G,Epicerie,Nos,1,0,0,,103.0,1,1,Winners,BAYARA CHILI POWDER 200G,200,Gram,0,1
BAYARA_CHIA_SEEDS_400G,BAYARA CHIA SEEDS 400 G,Epicerie,Nos,1,0,0,,14.5,1,1,Winners,BAYARA CHIA SEEDS 400 G,400,Gram,0,1
BAYCARDBOX_SINDHI_BIRYANI_60G,BAYARA CARDBOX SINDHI BIRYANI 60G,Epicerie,Nos,1,0,0,,16.0,1,1,Winners,BAYARA CARDBOX SINDHI BIRYANI 60G,60,Gram,0,1
BAYCARDBOX_MEAT_MASALA_150G,BAYARA CARDBOX MEAT MASALA 150G,Epicerie,Nos,1,0,0,,160.0,1,1,Winners,BAYARA CARDBOX MEAT MASALA 150G,150,Gram,0,1
BAYARA_CB_MALAY_CHICK_BIRY_60G,BAYARA CARDBOX MALAY CHICKEN BIRYANI 60G,Epicerie,Nos,1,0,0,,95.0,1,1,Winners,BAYARA CARDBOX MALAY CHICKEN BIRYANI 60G,60,Gram,0,1
BAYARA_CB_AUT_BOM_BIRYANI_60G,BAYARA CARDBOX AUTHENTIC BOMBAY BIRYANI 60G,Epicerie,Nos,1,0,0,,95.0,1,1,Winners,BAYARA CARDBOX AUTHENTIC BOMBAY BIRYANI 60G,60,Gram,0,1
BAYARA_CARDAMOM_POWDER125G,BAYARA CARDAMOM POWDER 125G,Epicerie,Nos,1,0,0,,180.0,1,1,Winners,BAYARA CARDAMOM POWDER 125G,125,Gram,0,1
BAYARA_BLACK_PEPPER_WHOLE_100G,BAYARA BLACK PEPPER WHOLE 100G,Epicerie,Nos,1,0,0,,39.0,1,1,Winners,BAYARA BLACK PEPPER WHOLE 100G,100,Gram,0,1
BAYARA_BL_PEPPER_POWDER_165G,BAYARA BLACK PEPPER POWDER 165G,Epicerie,Nos,1,0,0,,190.0,1,1,Winners,BAYARA BLACK PEPPER POWDER 165G,165,Gram,0,1
BAYARA_BLACK_PEPPER_POW_100G,BAYARA BLACK PEPPER POWDER 100G,Epicerie,Nos,1,0,0,,9.5,1,1,Winners,BAYARA BLACK PEPPER POWDER 100G,100,Gram,0,1
BAYARA_BIRYANI_MASALA_180G,BAYARA BIRYANI MASALA 180G,Epicerie,Nos,1,0,0,,185.0,1,1,Winners,BAYARA BIRYANI MASALA 180G,180,Gram,0,1
BAYARA_ARABIC_MIX_MASALA_200G,BAYARA ARABIC MIX MASALA 200G,Epicerie,Nos,1,0,0,,200.0,1,1,Winners,BAYARA ARABIC MIX MASALA 200G,200,Gram,0,1
THES_ET_INFUSIONS,THES ET INFUSIONS,Epicerie,Nos,1,0,0,,115.0,1,1,Winners,THES ET INFUSIONS,,,0,1
BAYARA_ANISEEDS_200G,BAYARA ANISEEDS 200G,Epicerie,Nos,1,0,0,,125.0,1,1,Winners,BAYARA ANISEEDS 200G,200,Gram,0,1
BAYARA_ALL_SPICES_POWDER_200G,BAYARA ALL SPICES POWDER 200G,Epicerie,Nos,1,0,0,,290.0,1,1,Winners,BAYARA ALL SPICES POWDER 200G,200,Gram,0,1
AFTER_EIGHT_CLASSIC_400G,AFTER EIGHT CLASSIC 400G,Epicerie,Nos,1,0,0,,28.5,1,1,Winners,AFTER EIGHT CLASSIC 400G,400,Gram,0,1
SELS_POIVRES_EPICES,SELS POIVRES EPICES,Epicerie,Nos,1,0,0,,290.0,1,1,Winners,SELS POIVRES EPICES,,,0,1
PUREE_FECULE_SEMOULE,PUREE FECULE SEMOULE,Epicerie,Nos,1,0,0,,105.0,1,1,Winners,PUREE FECULE SEMOULE,,,0,1
PRODUITS_POUR_PATISSERIE,PRODUITS POUR PATISSERIE,Epicerie,Nos,1,0,0,,550.0,1,1,Winners,PRODUITS POUR PATISSERIE,,,0,1
PRODUITS_EXOTIQUESCHINOIS,PRODUITS EXOTIQUES/CHINOIS,Epicerie,Nos,1,0,0,,96.25,1,1,Winners,PRODUITS EXOTIQUES/CHINOIS,,,0,1
POUDRES_BOISSON_CHOCOLATEES,POUDRES BOISSON CHOCOLATEES,Epicerie,Nos,1,0,0,,330.0,1,1,Winners,POUDRES BOISSON CHOCOLATEES,,,0,1
POTAGES_ET_BOUILLONS,POTAGES ET BOUILLONS,Epicerie,Nos,1,0,0,,85.0,1,1,Winners,POTAGES ET BOUILLONS,,,0,1
PLATS_CUISINES,PLATS CUISINES,Epicerie,Nos,1,0,0,,148.0,1,1,Winners,PLATS CUISINES,,,0,1
PATES_ALIMENTAIRES,PATES ALIMENTAIRES,Epicerie,Nos,1,0,0,,42.0,1,1,Winners,PATES ALIMENTAIRES,,,0,1
PANIFICATION_SECHE,PANIFICATION SECHE,Epicerie,Nos,1,0,0,,95.0,1,1,Winners,PANIFICATION SECHE,,,0,1
LEGUMES_SECS,LEGUMES SECS,Epicerie,Nos,1,0,0,,55.5,1,1,Winners,LEGUMES SECS,,,0,1
LAIT_POUDRE_UHT_CONCENTRES,"LAIT POUDRE, UHT & CONCENTRES",Epicerie,Nos,1,0,0,,265.0,1,1,Winners,"LAIT POUDRE, UHT & CONCENTRES",,,0,1
HUILES_ALIMENTAIRES,HUILES ALIMENTAIRES,Epicerie,Nos,1,0,0,,115.0,1,1,Winners,HUILES ALIMENTAIRES,,,0,1
FRUITS_AU_SIROP,FRUITS AU SIROP,Epicerie,Nos,1,0,0,,137.0,1,1,Winners,FRUITS AU SIROP,,,0,1
ENTREMETS_ET_DESSERTS,ENTREMETS ET DESSERTS,Epicerie,Nos,1,0,0,,262.2,1,1,Winners,ENTREMETS ET DESSERTS,,,0,1
CONSERVES_DE_VIANDES,CONSERVES DE VIANDES,Epicerie,Nos,1,0,0,,49.0,1,1,Winners,CONSERVES DE VIANDES,,,0,1
CONSERVES_DE_LEGUMES,CONSERVES DE LEGUMES,Epicerie,Nos,1,0,0,,178.26,1,1,Winners,CONSERVES DE LEGUMES,,,0,1
CONFITURE_PATES_A_TARTINER,CONFITURE & PATES A TARTINER,Epicerie,Nos,1,0,0,,354.0,1,1,Winners,CONFITURE & PATES A TARTINER,,,0,1
CONFISERIES_DE_SUCRE,CONFISERIES DE SUCRE,Epicerie,Nos,1,0,0,,20.0,1,1,Winners,CONFISERIES DE SUCRE,,,0,1
RED_VELVET_FAMIL_8_10_PERS,RED VELVET FAMIALLE 8 -10 PERSONS,Entremets,Nos,1,0,0,,529.0,1,1,Winners,RED VELVET FAMIALLE 8 -10 PERSONS,,,0,1
RED_VELVET_4__6PERS,RED VELVET 4 -6 PERSONS,Entremets,Nos,1,0,0,,97.0,1,1,Winners,RED VELVET 4 -6 PERSONS,,,0,1
RED_VELVET_10_15_PERS,RED VELVET 10 -15 PERSONS,Entremets,Nos,1,0,0,,899.0,1,1,Winners,RED VELVET 10 -15 PERSONS,,,0,1
CRYSTAL_15L,CRYSTAL WATER 1.5L,Eaux,Nos,1,0,0,,67.0,1,1,Winners,CRYSTAL WATER 1.5L,1.5,Litre,0,1
CRYSTAL_SPARKLING_1LT,CRYSTAL SPARKLING 1LT,Eaux,Nos,1,0,0,,64.0,1,1,Winners,CRYSTAL SPARKLING 1LT,1,Litre,0,1
CRYSTAL_JAR_WATER_PUMP,CRYSTAL JAR WATER PUMP,Eaux,Nos,1,0,0,,425.0,1,1,Winners,CRYSTAL JAR WATER PUMP,,,0,1
AIRWICK_6IN1_AER_COT_BRZ_280ML,AIRWICK 6IN1 AEROSOL COTTON BREEZE 280ML,Droguerie,Nos,1,0,0,,63.95,1,1,Winners,AIRWICK 6IN1 AEROSOL COTTON BREEZE 280ML,280,Millilitre,0,1
AIRWICK_6IN1_AER_AQUAMAR_280ML,AIRWICK 6IN1 AEROSOL AQUAMARINE 280ML,Droguerie,Nos,1,0,0,,63.95,1,1,Winners,AIRWICK 6IN1 AEROSOL AQUAMARINE 280ML,280,Millilitre,0,1
A_SCENTS_REFILLABLE_250G_OCEAN,AIR SCENTS MOISTURE ABSORBER OCEAN 250G,Droguerie,Nos,1,0,0,,42.0,1,1,Winners,AIR SCENTS MOISTURE ABSORBER OCEAN 250G,250,Gram,0,1
A_SCENTS_M_ABSORB_500ML_NAT,AIR SCENTS MOISTURE ABSORBER NATURAL 500ML,Droguerie,Nos,1,0,0,,230.0,1,1,Winners,AIR SCENTS MOISTURE ABSORBER NATURAL 500ML,500,Millilitre,0,1
A_SCENTS_M_ABSORB_500ML_LAV,AIR SCENTS MOISTURE ABSORBER LAVENDER 500ML,Droguerie,Nos,1,0,0,,230.0,1,1,Winners,AIR SCENTS MOISTURE ABSORBER LAVENDER 500ML,500,Millilitre,0,1
A_SCENTS_M_ABS_REFIL_250G_OCEA,AIR SCENTS MOISTURE ABORBER REFILL OCEAN 250G,Droguerie,Nos,1,0,0,,80.0,1,1,Winners,AIR SCENTS MOISTURE ABORBER REFILL OCEAN 250G,250,Gram,0,1
A_SCENTS_M_ABS_REFILL_250G_NAT,AIR SCENTS MOISTURE ABORBER REFILL NATURAL 250G,Droguerie,Nos,1,0,0,,80.0,1,1,Winners,AIR SCENTS MOISTURE ABORBER REFILL NATURAL 250G,250,Gram,0,1
A_SCENTS_M_ABS_REFIL_250G_LAV,AIR SCENTS MOISTURE ABORBER REFILL LAVENDER 250G,Droguerie,Nos,1,0,0,,14.5,1,1,Winners,AIR SCENTS MOISTURE ABORBER REFILL LAVENDER 250G,250,Gram,0,1
AIR_SCENTS_HANG_MOIST_NAT_230G,AIR SCENTS HANGING MOISTURE ABSORBER NATURAL 230G,Droguerie,Nos,1,0,0,,230.0,1,1,Winners,AIR SCENTS HANGING MOISTURE ABSORBER NATURAL 230G,230,Gram,0,1
AIR_SCENTS_HANG_MOIST_LAV_230G,AIR SCENTS HANGING MOISTURE ABSORBER LAVENDER 230G,Droguerie,Nos,1,0,0,,41.3,1,1,Winners,AIR SCENTS HANGING MOISTURE ABSORBER LAVENDER 230G,230,Gram,0,1
AIR_SCENTS_GEL_FR_VAN_PASS_70G,AIR SCENTS GEL FRESHNER VANILLA PASSION 70G,Droguerie,Nos,1,0,0,,9.5,1,1,Winners,AIR SCENTS GEL FRESHNER VANILLA PASSION 70G,70,Gram,0,1
AIR_SCENTS_GEL_FR_BREEZE_70G,AIR SCENTS GEL FRESHNER BREEZE 70G,Droguerie,Nos,1,0,0,,42.65,1,1,Winners,AIR SCENTS GEL FRESHNER BREEZE 70G,70,Gram,0,1
AIR_SCENTS_GEL_FR_AUTO_NUC_70G,AIR SCENTS GEL FRESHNER AUTO NUCARE 70G,Droguerie,Nos,1,0,0,,42.65,1,1,Winners,AIR SCENTS GEL FRESHNER AUTO NUCARE 70G,70,Gram,0,1
AIR_SCENTS_GEL_FR_APPLE_70G,AIR SCENTS GEL FRESHNER APPLE 70G,Droguerie,Nos,1,0,0,,41.3,1,1,Winners,AIR SCENTS GEL FRESHNER APPLE 70G,70,Gram,0,1
AER_POWER_POCKET_SEA_BREEZE,AER POWER POCKET SEA BREEZE,Droguerie,Nos,1,0,0,,9.5,1,1,Winners,AER POWER POCKET SEA BREEZE,,,0,1
AER_POWER_POCKET_LEMON_TANGY,AER POWER POCKET LEMON TANGY DELIGHT,Droguerie,Nos,1,0,0,,9.5,1,1,Winners,AER POWER POCKET LEMON TANGY DELIGHT,,,0,1
AER_POWER_POCKET_LAVENDE_BLOOM,AER POWER POCKET LAVENDER BLOOM,Droguerie,Nos,1,0,0,,9.5,1,1,Winners,AER POWER POCKET LAVENDER BLOOM,,,0,1
AER_POWER_POCKET_FRESH_BLOSOM,AER POWER POCKET FRESH BLOSSOM,Droguerie,Nos,1,0,0,,9.5,1,1,Winners,AER POWER POCKET FRESH BLOSSOM,,,0,1
AER_POWER_POCKET_FLORAL_DELIGH,AER POWER POCKET FLORAL DELIGHT,Droguerie,Nos,1,0,0,,9.5,1,1,Winners,AER POWER POCKET FLORAL DELIGHT,,,0,1
AER_POWER_POCKET_BERRY_RUSH,AER POWER POCKET BERRY RUSH,Droguerie,Nos,1,0,0,,15.5,1,1,Winners,AER POWER POCKET BERRY RUSH,,,0,1
ABRO_DESO_STRAWBERRY_300ML,ABRO MASTER AIR FRESHENER SPRAY STRAWBERRY 300ML,Droguerie,Nos,1,0,0,,25.0,1,1,Winners,ABRO MASTER AIR FRESHENER SPRAY STRAWBERRY 300ML,300,Millilitre,0,1
ABRO_DESODO_LEMON_300ML,ABRO MASTER AIR FRESHENER SPRAY LEMON 300ML,Droguerie,Nos,1,0,0,,259.95,1,1,Winners,ABRO MASTER AIR FRESHENER SPRAY LEMON 300ML,300,Millilitre,0,1
ABRO_DESODO_CHERRY_300ML,ABRO MASTER AIR FRESHENER SPRAY CHERRY 300ML,Droguerie,Nos,1,0,0,,130.0,1,1,Winners,ABRO MASTER AIR FRESHENER SPRAY CHERRY 300ML,300,Millilitre,0,1
ABRO_DESO_LILAC_300ML,ABRO MASTER AIR FRESHENER LILAC 300ML,Droguerie,Nos,1,0,0,,259.95,1,1,Winners,ABRO MASTER AIR FRESHENER LILAC 300ML,300,Millilitre,0,1
ABRO_DESO_LAVENDER_300ML,ABRO MASTER AIR FRESHENER LAVENDER 300ML,Droguerie,Nos,1,0,0,,259.95,1,1,Winners,ABRO MASTER AIR FRESHENER LAVENDER 300ML,300,Millilitre,0,1
CONTREX_15L,CONTREX NATURE 1.5L,Eaux,Nos,1,0,0,,74.5,1,1,Winners,CONTREX NATURE 1.5L,1.5,Litre,0,1
AQUELLE_WMELON_SPRK_WATER_50CL,AQUELLE WATERMELON SPARKLING WATER 50CL,Eaux,Nos,1,0,0,,53.0,1,1,Winners,AQUELLE WATERMELON SPARKLING WATER 50CL,,,0,1
AQUELLE_SBRY_SPRK_WATER_50CL,AQUELLE STRAWBERRY SPARKLING WATER 50CL,Eaux,Nos,1,0,0,,250.0,1,1,Winners,AQUELLE STRAWBERRY SPARKLING WATER 50CL,,,0,1
AQUELLE_PAPL_SPRKL_WATER_50CL,AQUELLE PINEAPPLE SPARKLING WATER 50CL,Eaux,Nos,1,0,0,,43.0,1,1,Winners,AQUELLE PINEAPPLE SPARKLING WATER 50CL,,,0,1
AQUELLE_LIT_SPRK_WATER_50CL,AQUELLE LITCHI SPARKLING WATER 50CL,Eaux,Nos,1,0,0,,53.0,1,1,Winners,AQUELLE LITCHI SPARKLING WATER 50CL,,,0,1
AQUELLE_LEM_SPRKL_WATER_50CL,AQUELLE LEMON SPARKLING WATER 50CL,Eaux,Nos,1,0,0,,53.0,1,1,Winners,AQUELLE LEMON SPARKLING WATER 50CL,,,0,1
AQUELLE_H_MEL_SPRK_WATER_50CL,AQUELLE HONEY MELON SPARKLING WATER 50CL,Eaux,Nos,1,0,0,,53.0,1,1,Winners,AQUELLE HONEY MELON SPARKLING WATER 50CL,,,0,1
AQUELLE_H_MEL_SPRK_WATER_15L,AQUELLE HONEY MELON SPARKLING WATER 1.5LT,Eaux,Nos,1,0,0,,0.0,1,1,Winners,AQUELLE HONEY MELON SPARKLING WATER 1.5LT,1.5,Litre,0,1
AQUELLE_GRDILA_SPRK_WATER_50CL,AQUELLE GRENADILA SPARKLING WATER 50CL,Eaux,Nos,1,0,0,,80.0,1,1,Winners,AQUELLE GRENADILA SPARKLING WATER 50CL,,,0,1
AQUELLE_GRDILA_SPRK_WATER_15L,AQUELLE GRENADILA SPARKLING WATER 1.5LT,Eaux,Nos,1,0,0,,0.0,1,1,Winners,AQUELLE GRENADILA SPARKLING WATER 1.5LT,1.5,Litre,0,1
AQUELL_SPK_WATER_WMELON_15L,AQUELLE FLAVOURED SPARKLING WATER WATERMELON 1.5LT,Eaux,Nos,1,0,0,,0.0,1,1,Winners,AQUELLE FLAVOURED SPARKLING WATER WATERMELON 1.5LT,1.5,Litre,0,1
AQUELL_SPK_WATER_SBERRY_15L,AQUELLE FLAVOURED SPARKLING WATER STRAWBERRY 1.5LT,Eaux,Nos,1,0,0,,0.0,1,1,Winners,AQUELLE FLAVOURED SPARKLING WATER STRAWBERRY 1.5LT,1.5,Litre,0,1
AQUELL_SPK_WATER_P_APPLE_15L,AQUELLE FLAVOURED SPARKLING WATER PINEAPPLE 1.5LT,Eaux,Nos,1,0,0,,0.0,1,1,Winners,AQUELLE FLAVOURED SPARKLING WATER PINEAPPLE 1.5LT,1.5,Litre,0,1
AQUELL_SPK_WATER_LITCHIS_15L,AQUELLE FLAVOURED SPARKLING WATER LITCHIS 1.5LT,Eaux,Nos,1,0,0,,0.0,1,1,Winners,AQUELLE FLAVOURED SPARKLING WATER LITCHIS 1.5LT,1.5,Litre,0,1
AQUELL_SPK_WATER_LEMON_15L,AQUELLE FLAVOURED SPARKLING WATER LEMON 1.5LT,Eaux,Nos,1,0,0,,64.0,1,1,Winners,AQUELLE FLAVOURED SPARKLING WATER LEMON 1.5LT,1.5,Litre,0,1
AQUELLE_APL_SPRK_WATER_50CL,AQUELLE APPLE SPARKLING WATER 50CL,Eaux,Nos,1,0,0,,24.0,1,1,Winners,AQUELLE APPLE SPARKLING WATER 50CL,,,0,1
AQUELLE_APL_SPRK_WATER_15L,AQUELLE APPLE SPARKLING WATER 1.5LT,Eaux,Nos,1,0,0,,0.0,1,1,Winners,AQUELLE APPLE SPARKLING WATER 1.5LT,1.5,Litre,0,1
AQUA_SPRING_WATER_600ML,AQUA SPRING WATER 600ML,Eaux,Nos,1,0,0,,159.0,1,1,Winners,AQUA SPRING WATER 600ML,600,Millilitre,0,1
AQUA_SPRING_WATER_15LT,AQUA SPRING WATER 1.5LT,Eaux,Nos,1,0,0,,9.5,1,1,Winners,AQUA SPRING WATER 1.5LT,1.5,Litre,0,1
AQUA_SPRING_15LTX6,AQUA SPRING WATER 1.5LT PACK 6,Eaux,Nos,1,0,0,,9.5,1,1,Winners,AQUA SPRING WATER 1.5LT PACK 6,1.5,Litre,0,1
AIRWATER_ALKALINE_500ML,AIRWATER ALKALINE 500ML,Eaux,Nos,1,0,0,,159.0,1,1,Winners,AIRWATER ALKALINE 500ML,500,Millilitre,0,1
AIRWATER_ALKALINE_1L,AIRWATER ALKALINE 1LT,Eaux,Nos,1,0,0,,125.0,1,1,Winners,AIRWATER ALKALINE 1LT,1,Litre,0,1
TRUST_MINI_OVEN_28L_RF_TMO281,TRUST MINI OVEN 28L RF TMO281,Electro Menager,Nos,1,0,0,,0.0,1,1,Winners,TRUST MINI OVEN 28L RF TMO281,28,Litre,0,1
TRUST_MCWAVE_OVEN_25L_TMW_923A,TRUST MICROWAVE OVEN 25L TMW 923A,Electro Menager,Nos,1,0,0,,0.0,1,1,Winners,TRUST MICROWAVE OVEN 25L TMW 923A,25,Litre,0,1
TECHWOOD_STICK_BLENDER_TMP_660,TECHWOOD STICK BLENDER TMP 660,Electro Menager,Nos,1,0,0,,1350.0,1,1,Winners,TECHWOOD STICK BLENDER TMP 660,,,0,1
TECHW_PIZZA_PAN_D38_CM_TP_3842,TECHWOOD PIZZA PAN 38 CM TP 3842,Electro Menager,Nos,1,0,0,,0.0,1,1,Winners,TECHWOOD PIZZA PAN 38 CM TP 3842,,,0,1
OPERA_FAMILIALE,OPERA FAMILIALE 8-10 PERSONS,Entremets,Nos,1,0,0,,12.0,1,1,Winners,OPERA FAMILIALE 8-10 PERSONS,,,0,1
MOUSSELINE_COCO_2025_PERS,MOUSSELINE COCO 20-25 PERSONS,Entremets,Nos,1,0,0,,529.0,1,1,Winners,MOUSSELINE COCO 20-25 PERSONS,,,0,1
MOUSSELINE_COCO_1520_PERS,MOUSSELINE COCO 15-20 PERSONS,Entremets,Nos,1,0,0,,469.0,1,1,Winners,MOUSSELINE COCO 15-20 PERSONS,,,0,1
MOUSSELINE_COCO_1015_PERS,MOUSSELINE COCO 10-15 PERSONS,Entremets,Nos,1,0,0,,399.0,1,1,Winners,MOUSSELINE COCO 10-15 PERSONS,,,0,1
MOUSSE_AU_FRAISE_46_PERS,MOUSSE AU FRAISE 4-6 PERSONS,Entremets,Nos,1,0,0,,299.0,1,1,Winners,MOUSSE AU FRAISE 4-6 PERSONS,,,0,1
MOUSSE_AU_CHOCOLAT_46_PERS,MOUSSE AU CHOCOLAT 4-6 PERSONS,Entremets,Nos,1,0,0,,205.0,1,1,Winners,MOUSSE AU CHOCOLAT 4-6 PERSONS,,,0,1
MOKA_CAFE,MOKA CAF?8 -10 PERSONS,Entremets,Nos,1,0,0,,499.0,1,1,Winners,MOKA CAF?8 -10 PERSONS,,,0,1
MILLE_FEUILLE_VAN_4__6_PERS,MILLE FEUILLE VANILLE 4 -6 PERSONS,Entremets,Nos,1,0,0,,230.0,1,1,Winners,MILLE FEUILLE VANILLE 4 -6 PERSONS,,,0,1
MILLE_FEUILLE_CHOCO_4__6_PERS,MILLE FEUILLE CHOCOLAT 4 -6 PERSONS,Entremets,Nos,1,0,0,,90.0,1,1,Winners,MILLE FEUILLE CHOCOLAT 4 -6 PERSONS,,,0,1
MILLE_FEUI_REDVELVET_VEG_20X20,MILLE FEUILLE REDVELVET VEGETARIAN 20X20 MBAKE,Entremets,Nos,1,0,0,,659.0,1,1,Winners,MILLE FEUILLE REDVELVET VEGETARIAN 20X20 MBAKE,,,0,1
GENOISE_CH_CARM_D_10_15_P,GENOISE CHOCOLAT CARAMEL DULCE DE LECHE 10-15 PERSONS,Entremets,Nos,1,0,0,,469.0,1,1,Winners,GENOISE CHOCOLAT CARAMEL DULCE DE LECHE 10-15 PERSONS,,,0,1
ENTREMET_CITRON_VERT,ENTREMET CITRON VERT,Entremets,Nos,1,0,0,,799.0,1,1,Winners,ENTREMET CITRON VERT,,,0,1
DUO_CHOCOLAT_68_PERS,DUO CHOCOLAT 6-8 PERSONS,Entremets,Nos,1,0,0,,699.0,1,1,Winners,DUO CHOCOLAT 6-8 PERSONS,,,0,1
CHEESECAKE_PASSION_1015PERS,CHEESECAKE PASSION 10-15 PERSONS,Entremets,Nos,1,0,0,,829.0,1,1,Winners,CHEESECAKE PASSION 10-15 PERSONS,,,0,1
CHEESECAKE_OREO_46PERS,CHEESECAKE OREO 4-6 PERSONS,Entremets,Nos,1,0,0,,439.0,1,1,Winners,CHEESECAKE OREO 4-6 PERSONS,,,0,1
CHEESECAKE_BLUEBERRY_46PERS,CHEESECAKE BLUEBERRY 4-6 PERSONS,Entremets,Nos,1,0,0,,439.0,1,1,Winners,CHEESECAKE BLUEBERRY 4-6 PERSONS,,,0,1
CHEESECAKE_BLUEBERRY_1015PERS,CHEESECAKE BLUEBERRY 10-15 PERSONS,Entremets,Nos,1,0,0,,829.0,1,1,Winners,CHEESECAKE BLUEBERRY 10-15 PERSONS,,,0,1
ABHA_HENNA_COLOUR_10G_NAT_BLCK,ABHA HENNA COLOUR 10G X 6 NATURAL BLACK,Dph,Nos,1,0,0,,30.65,1,1,Winners,ABHA HENNA COLOUR 10G X 6 NATURAL BLACK,10,Gram,0,1
ANDROS_POMPRUNEAU_SSA_4X100G,ANDROS DESSERT FRUITIER POMME PRUNEAU SSA 4 X 100G,Desserts,Nos,1,0,0,,159.0,1,1,Winners,ANDROS DESSERT FRUITIER POMME PRUNEAU SSA 4 X 100G,100,Gram,0,1
KDREAM_BARFI_MALAI_STK_3X100ML,KULFIDREAM BARFI MALAI STICK 3X100ML,Detente,Nos,1,0,0,,45.0,1,1,Winners,KULFIDREAM BARFI MALAI STICK 3X100ML,100,Millilitre,0,1
TIRAMISSU_EXQUI,TIRAMISSU (EXQUIS),Deserts,Nos,1,0,0,,230.0,1,1,Winners,TIRAMISSU (EXQUIS),,,0,1
MOUSSE_COCO_AU_AMANDE,MOUSSE COCO AU AMANDE (EXQUIS),Deserts,Nos,1,0,0,,69.0,1,1,Winners,MOUSSE COCO AU AMANDE (EXQUIS),,,0,1
FLAN_COCOEXQUI,FLAN COCO (EXQUIS),Deserts,Nos,1,0,0,,28.0,1,1,Winners,FLAN COCO (EXQUIS),,,0,1
FLAN_CARAMEL,FLAN CARAMEL,Deserts,Nos,1,0,0,,230.0,1,1,Winners,FLAN CARAMEL,,,0,1
CUSTD__JELLY_FRUITSEXQUI,CUSTARD & JELLY FRUITS (EXQUIS),Deserts,Nos,1,0,0,,60.0,1,1,Winners,CUSTARD & JELLY FRUITS (EXQUIS),,,0,1
CREME_BRULEEEXQUI,CREME BRULEE (EXQUIS),Deserts,Nos,1,0,0,,97.0,1,1,Winners,CREME BRULEE (EXQUIS),,,0,1
ISLAND_ICE_SMALL_BAG_4KG,ISLAND ICE SMALL BAG 4KG,Detente,Nos,1,0,0,,135.0,1,1,Winners,ISLAND ICE SMALL BAG 4KG,4,Kg,0,1
ISLAND_ICE_SMALL_BAG_25KG,ISLAND ICE SMALL BAG 2.5KG,Detente,Nos,1,0,0,,115.0,1,1,Winners,ISLAND ICE SMALL BAG 2.5KG,2.5,Kg,0,1
HDAZS_VANILLA_CUP_100ML,HAAGEN-DAZ GLACE VANILLE CUP 100ML,Detente,Nos,1,0,0,,97.0,1,1,Winners,HAAGEN-DAZ GLACE VANILLE CUP 100ML,100,Millilitre,0,1
HDAZS_VAN_CAR_AL_ST_BAR_80ML,HAAGEN-DAZ BATONNET VANILLE CARAMEL AMANDE 80ML,Detente,Nos,1,0,0,,44.0,1,1,Winners,HAAGEN-DAZ BATONNET VANILLE CARAMEL AMANDE 80ML,80,Millilitre,0,1
HDAZS_CUP_VAN_CAR_BRO_95ML,HAAGEN-DAZ GLACE VANILLE CARAMEL BROWNIE CUP 95ML,Detente,Nos,1,0,0,,119.0,1,1,Winners,HAAGEN-DAZ GLACE VANILLE CARAMEL BROWNIE CUP 95ML,95,Millilitre,0,1
HDAZS_CUP_STRAW_CH_95ML,HAAGEN-DAZ GLACE STRAWBERRY CHEESECAKE CUP 95ML,Detente,Nos,1,0,0,,230.0,1,1,Winners,HAAGEN-DAZ GLACE STRAWBERRY CHEESECAKE CUP 95ML,95,Millilitre,0,1
HDAZS_CUP_MACANUT_95ML,HAAGEN-DAZ GLACE MACADAMIA NUT BRITTLE 95ML,Detente,Nos,1,0,0,,97.0,1,1,Winners,HAAGEN-DAZ GLACE MACADAMIA NUT BRITTLE 95ML,95,Millilitre,0,1
FRUIXIDOU_TAMARIN_PK_6_X_75ML,FRUIXIDOU TAMARIN PACK 6 X 75ML,Detente,Nos,1,0,0,,32.0,1,1,Winners,FRUIXIDOU TAMARIN PACK 6 X 75ML,75,Millilitre,0,1
FRUIXIDOU_PASSION_PK_6_X_75ML,FRUIXIDOU PASSION PACK 6 X 75ML,Detente,Nos,1,0,0,,49.0,1,1,Winners,FRUIXIDOU PASSION PACK 6 X 75ML,75,Millilitre,0,1
FRUIXIDOU_MANGUE_PK_6_X_75ML,FRUIXIDOU MANGUE PACK 6 X 75ML,Detente,Nos,1,0,0,,32.0,1,1,Winners,FRUIXIDOU MANGUE PACK 6 X 75ML,75,Millilitre,0,1
FRUIXIDOU_FROUGES_PK_6_X_75ML,FRUIXIDOU FRUITS ROUGES PACK 6 X 75ML,Detente,Nos,1,0,0,,47.95,1,1,Winners,FRUIXIDOU FRUITS ROUGES PACK 6 X 75ML,75,Millilitre,0,1
FRUIXIDOU_CMENTHE_PK_6_X_75ML,FRUIXIDOU CITRON MENTHE PACK 6 X 75ML,Detente,Nos,1,0,0,,32.0,1,1,Winners,FRUIXIDOU CITRON MENTHE PACK 6 X 75ML,75,Millilitre,0,1
DIONE_ICREAM_SICILPIST475ML,DIONE ICE CREAM SICILIAN PISTACHIO 475ML,Detente,Nos,1,0,0,,92.0,1,1,Winners,DIONE ICE CREAM SICILIAN PISTACHIO 475ML,475,Millilitre,0,1
ANDROS_POCHATAIGNE_SSA_8X100G,ANDROS DESSERT FRUITIER POMME CHATAIGNE SSA 8 X 100G,Desserts,Nos,1,0,0,,238.7,1,1,Winners,ANDROS DESSERT FRUITIER POMME CHATAIGNE SSA 8 X 100G,100,Gram,0,1
ALPRO_SOJA_VANILLA_DESS_4X125G,ALPRO SOJA VANILLA DESSERT 4X125G,Desserts,Nos,1,0,0,,240.0,1,1,Winners,ALPRO SOJA VANILLA DESSERT 4X125G,125,Gram,0,1
CO_BIO_PANACOTTA_FRAMB2X120G,RIANS PANNA COTTA FRAMBPOISE BIO 2 X 120G,Desserts,Nos,1,0,0,,399.0,1,1,Winners,RIANS PANNA COTTA FRAMBPOISE BIO 2 X 120G,120,Gram,0,1
MNOVA_LIEG_VANILL_CCAR_2X120G,MAMIE NOVA LIEGEOIS VANILLE COEUR CARAMEL 2 X 120G,Desserts,Nos,1,0,0,,289.0,1,1,Winners,MAMIE NOVA LIEGEOIS VANILLE COEUR CARAMEL 2 X 120G,120,Gram,0,1
L300_BIO_CRDESSERT_CHOC_380G,LES 300 LAITIERS BIO CR?E DESSERT AU CHOCOLAT 380G,Desserts,Nos,1,0,0,,399.0,1,1,Winners,LES 300 LAITIERS BIO CR?E DESSERT AU CHOCOLAT 380G,300,Litre,0,1
LFERMIER_LIEGPISTACHE_2X130G,LA FERMIERE LE LIEGEOIS A LA PISTACHE 2 X 130G,Desserts,Nos,1,0,0,,459.0,1,1,Winners,LA FERMIERE LE LIEGEOIS A LA PISTACHE 2 X 130G,130,Gram,0,1
GERVITA_FROMBLC_COCO_4X100G,GERVITA FROMAGE BLANC COCO 4 X 100G,Desserts,Nos,1,0,0,,299.0,1,1,Winners,GERVITA FROMAGE BLANC COCO 4 X 100G,100,Gram,0,1
ABHA_HENNA_COLOUR_10G_BURGUNDY,ABHA HENNA COLOUR 10G X 6 BURGUNDY,Dph,Nos,1,0,0,,46.9,1,1,Winners,ABHA HENNA COLOUR 10G X 6 BURGUNDY,10,Gram,0,1
ABHA_HENNA_COLOUR_10G_BROWN,ABHA HENNA COLOUR 10G X 6 BROWN,Dph,Nos,1,0,0,,131.6,1,1,Winners,ABHA HENNA COLOUR 10G X 6 BROWN,10,Gram,0,1
365_JOURS_E_DC_250ML_BEBE,365 JOURS E DC 250ML BEBE,Dph,Nos,1,0,0,,510.14,1,1,Winners,365 JOURS E DC 250ML BEBE,250,Millilitre,0,1
365_JOURS_E_DC_125ML_BEBE,365 JOURS E DC 125ML BEBE,Dph,Nos,1,0,0,,12.0,1,1,Winners,365 JOURS E DC 125ML BEBE,125,Millilitre,0,1
365_JOURS_E_DC_100ML_BEBE,365 JOURS E DC 100ML BEBE,Dph,Nos,1,0,0,,12.0,1,1,Winners,365 JOURS E DC 100ML BEBE,100,Millilitre,0,1
FARMLAND_FCMP_1KG,FARMLAND FULL CREAM MILK POWDER 1KG,Danesita Butter Cookies 454G,Nos,1,0,0,,9.5,1,1,Winners,FARMLAND FULL CREAM MILK POWDER 1KG,1,Kg,0,1
LUMINARC_ASS_CARINE_NR_CREUSE,LUMINARC ASSIETTE CARINE NOIR CREUSE,Cuisson Indirecte,Nos,1,0,0,,140.0,1,1,Winners,LUMINARC ASSIETTE CARINE NOIR CREUSE,,,0,1
WALL_STICKER_LARGE_70X78CM,WALL STICKER LARGE 70X78CM,Decoration,Nos,1,0,0,,210.0,1,1,Winners,WALL STICKER LARGE 70X78CM,,,0,1
PYREX_RP28BW4_ORIGIN_WOK_28CM,PYREX RP28BW4 ORIGIN WOK 28CM,Cuisson Directe,Nos,1,0,0,,2100.0,1,1,Winners,PYREX RP28BW4 ORIGIN WOK 28CM,,,0,1
WESTPOOL_AIRFRYER_3_5L_WSP999,WESTPOOL AIRFRYER 3 5L WSP999,Cuisson,Nos,1,0,0,,0.0,1,1,Winners,WESTPOOL AIRFRYER 3 5L WSP999,5,Litre,0,1
WESTPNT_MINI_OVEN_9L_WOY917RQK,WESTPONT MINI OVEN 9L WOY917RQK,Cuisson,Nos,1,0,0,,1790.0,1,1,Winners,WESTPONT MINI OVEN 9L WOY917RQK,9,Litre,0,1
WESTPOINT_MINI_OVEN_45L,WESTPOINT MINI OVEN 45L,Cuisson,Nos,1,0,0,,4790.0,1,1,Winners,WESTPOINT MINI OVEN 45L,45,Litre,0,1
TRUST_RICE_COOKER_18L_TRC180W,TRUST RICE COOKER 1 8L TRC180W,Cuisson,Nos,1,0,0,,1390.0,1,1,Winners,TRUST RICE COOKER 1 8L TRC180W,8,Litre,0,1
TABLE_MAT_FOAM_LEAVES_X2,TABLE MAT FOAM LEAVES X2,Decoration,Nos,1,0,0,,400.0,1,1,Winners,TABLE MAT FOAM LEAVES X2,,,0,1
TABLE_MAT_CUTWORK_X2PCS,TABLE MAT CUTWORK X2PCS,Decoration,Nos,1,0,0,,0.0,1,1,Winners,TABLE MAT CUTWORK X2PCS,,,0,1
STICKERS_RHINSTONES,STICKERS RHINSTONES,Decoration,Nos,1,0,0,,14.5,1,1,Winners,STICKERS RHINSTONES,,,0,1
RKG_CLASSIC_PURE_GHEE_100_ML,RKG CLASSIC PURE GHEE 100 ML TIN,Decoration,Nos,1,0,0,,19.0,1,1,Winners,RKG CLASSIC PURE GHEE 100 ML TIN,100,Millilitre,0,1
SHAMBRANI_AGAINST__EVIL,RAPID SHAMBRANI AGAINST EVIL,Decoration,Nos,1,0,0,,60.0,1,1,Winners,RAPID SHAMBRANI AGAINST EVIL,,,0,1
PARIMAL_EKA,PARIMAL EKA,Decoration,Nos,1,0,0,,24.0,1,1,Winners,PARIMAL EKA,,,0,1
MOTIFS_SMALL_CHARAN_GANESH,MOTIFS SMALL CHARAN GANESH,Decoration,Nos,1,0,0,,126.0,1,1,Winners,MOTIFS SMALL CHARAN GANESH,,,0,1
LED_T_LIGHT_GLITTER_HEART_SHAP,LED TEA LIGHT GLITTER HEART SHAPE,Decoration,Nos,1,0,0,,275.0,1,1,Winners,LED TEA LIGHT GLITTER HEART SHAPE,,,0,1
LED_LAMP_W_TELEPHONE_SUPPORT,LED LAMP NO BATTERY,Decoration,Nos,1,0,0,,0.0,1,1,Winners,LED LAMP NO BATTERY,,,0,1
HANDS_FREE_MINI_FAN_3IN1,HANDS FREE MINI FAN 3 IN 1,Decoration,Nos,1,0,0,,449.0,1,1,Winners,HANDS FREE MINI FAN 3 IN 1,,,0,1
HANDMADE_MONEY_WALLET_XMAS,HANDMADE MONEY WALLET XMAS,Decoration,Nos,1,0,0,,45.0,1,1,Winners,HANDMADE MONEY WALLET XMAS,,,0,1
FOREST_BAHUBALI_CUP,FOREST BAHUBALI CUP SAMBRANI,Decoration,Nos,1,0,0,,49.0,1,1,Winners,FOREST BAHUBALI CUP SAMBRANI,,,0,1
CONFETTI_3PCS,CONFETTI 3PCS,Decoration,Nos,1,0,0,,62.0,1,1,Winners,CONFETTI 3PCS,,,0,1
CANDLE_GLASS_45HR,CANDLE GLASS 45HR,Decoration,Nos,1,0,0,,300.0,1,1,Winners,CANDLE GLASS 45HR,,,0,1
BLACK_FOREST,BLACK FOREST,Decoration,Nos,1,0,0,,0.0,1,1,Winners,BLACK FOREST,,,0,1
BALLON_FOIL_PARTY_1_LOVE__U,BALLON FOIL PARTY 1 LOVE U,Decoration,Nos,1,0,0,,65.0,1,1,Winners,BALLON FOIL PARTY 1 LOVE U,1,Litre,0,1
AROMA_OIL_10ML,AROMA OIL 10ML,Decoration,Nos,1,0,0,,82.0,1,1,Winners,AROMA OIL 10ML,10,Millilitre,0,1
AMRUTH_ROSE,AMRUTH ROSE,Decoration,Nos,1,0,0,,16.85,1,1,Winners,AMRUTH ROSE,,,0,1
AGGARBATHI_SPIRITUAL_FLORA,AGGARBATHI SPIRITUAL FLORA,Decoration,Nos,1,0,0,,65.0,1,1,Winners,AGGARBATHI SPIRITUAL FLORA,,,0,1
AGGARBATHIPRIME_OUDH,AGGARBATHI PRIME OUDH,Decoration,Nos,1,0,0,,9.5,1,1,Winners,AGGARBATHI PRIME OUDH,,,0,1
AGGARBATHI_PARROT,AGGARBATHI PARROT,Decoration,Nos,1,0,0,,12.0,1,1,Winners,AGGARBATHI PARROT,,,0,1
6PCS_PLS_BOWL_GOLD_3DES,6PCS PLASTIC BOWL GOLD 3DESIGN,Decoration,Nos,1,0,0,,160.0,1,1,Winners,6PCS PLASTIC BOWL GOLD 3DESIGN,,,0,1
4PCS_TABLE_MAT_SET,4PCS TABLE MAT SET,Decoration,Nos,1,0,0,,325.0,1,1,Winners,4PCS TABLE MAT SET,,,0,1
20PCS_NAPKIN_GOLD_SILVER_DOTTE,20PCS NAPKIN GOLD SILVER DOTTE,Decoration,Nos,1,0,0,,65.0,1,1,Winners,20PCS NAPKIN GOLD SILVER DOTTE,,,0,1
LUMINARC_ASS_CARINE_BL_PLATE,LUMINARC ASSIETTE CARINE BLANC PLATE,Cuisson Indirecte,Nos,1,0,0,,140.0,1,1,Winners,LUMINARC ASSIETTE CARINE BLANC PLATE,,,0,1
LUMINARC_ASS_CARINE_BL_DESSERT,LUMINARC ASSIETTE CARINE BLANC DESSERT 19CM,Cuisson Indirecte,Nos,1,0,0,,135.0,1,1,Winners,LUMINARC ASSIETTE CARINE BLANC DESSERT 19CM,,,0,1
LUMINARC_ASS_CARINE_BL_CREUSE,LUMINARC ASSIETTE CARINE BLANC CREUSE,Cuisson Indirecte,Nos,1,0,0,,140.0,1,1,Winners,LUMINARC ASSIETTE CARINE BLANC CREUSE,,,0,1
LUMINARC_ASS_HARENA_DESSERT_NR,LUMINARC ASSIETTE HARENA DESSERT NOIR,Cuisson Indirecte,Nos,1,0,0,,100.0,1,1,Winners,LUMINARC ASSIETTE HARENA DESSERT NOIR,,,0,1
LUMINARC_ASS_HARENA_DESSERT,LUMINARC ASSIETTE HARENA DESSERT,Cuisson Indirecte,Nos,1,0,0,,110.0,1,1,Winners,LUMINARC ASSIETTE HARENA DESSERT,,,0,1
LUMINARC_ASS_HARENA_CREUSE_NR,LUMINARC ASSIETTE HARENA CREUSE NOIR 23CM,Cuisson Indirecte,Nos,1,0,0,,130.0,1,1,Winners,LUMINARC ASSIETTE HARENA CREUSE NOIR 23CM,,,0,1
LUMINARC_ASS_HARENA_CREUSE,LUMINARC ASSIETTE HARENA CREUSE,Cuisson Indirecte,Nos,1,0,0,,140.0,1,1,Winners,LUMINARC ASSIETTE HARENA CREUSE,,,0,1
LUMINARC_ASS_HARENA_27CM,LUMINARC ASSIETTE HARENA 27CM,Cuisson Indirecte,Nos,1,0,0,,140.0,1,1,Winners,LUMINARC ASSIETTE HARENA 27CM,,,0,1
LUMINARC_ASS_HARENA_25CM_NOIR,LUMINARC ASSIETTE HARENA 25CM NOIR,Cuisson Indirecte,Nos,1,0,0,,135.0,1,1,Winners,LUMINARC ASSIETTE HARENA 25CM NOIR,,,0,1
LUMINARC_ASS_HARENA_25CM,LUMINARC ASSIETTE HARENA 25CM,Cuisson Indirecte,Nos,1,0,0,,135.0,1,1,Winners,LUMINARC ASSIETTE HARENA 25CM,,,0,1
WS_VEGETABLE_OIL_BTL_1LT,WINNERS VEGETABLE OIL 1LT,Danesita Butter Cookies 454G,Nos,1,0,0,,9.5,1,1,Winners,WINNERS VEGETABLE OIL 1LT,1,Litre,0,1
MILLAC_GOLD_LACTFREE_1L,MILLAC GOLD SINGLE LACTOSE FREE 1L,Cremes Fraiches,Nos,1,0,0,,23.0,1,1,Winners,MILLAC GOLD SINGLE LACTOSE FREE 1L,1,Litre,0,1
MILLAC_COOK_WHIPPING_CR1LT,MILLAC COOKING & WHIPPING CREAM 1LT,Cremes Fraiches,Nos,1,0,0,,269.0,1,1,Winners,MILLAC COOKING & WHIPPING CREAM 1LT,1,Litre,0,1
KOITA_COOKING_CREAM_UHT_200ML,KOITA COOKING CREAM UHT 200ML,Cremes Fraiches,Nos,1,0,0,,75.0,1,1,Winners,KOITA COOKING CREAM UHT 200ML,200,Millilitre,0,1
EVER_WHIP_VANILLA_CRM_1030G,EVER WHIP VANILLA CREAM 1030G,Cremes Fraiches,Nos,1,0,0,,30.9,1,1,Winners,EVER WHIP VANILLA CREAM 1030G,1030,Gram,0,1
TERRACINE_CUISSE_CONFITE___KG,TERRACINE CUISSE CONFITE,Conservesverrine,Nos,1,0,0,,1319.0,1,1,Winners,TERRACINE CUISSE CONFITE,,,0,1
SARADE_CONFIT_GCANARD_800G,SARADE CONFIT GESIERS DE CANARD 800G,Conservesverrine,Nos,1,0,0,,900.0,1,1,Winners,SARADE CONFIT GESIERS DE CANARD 800G,800,Gram,0,1
LARNAUDIE_GESIER_VOLEMINC385G,LARNAUDIE G?IERS DE VOLAILLE ?INC? 385 G,Conservesverrine,Nos,1,0,0,,299.0,1,1,Winners,LARNAUDIE G?IERS DE VOLAILLE ?INC? 385 G,385,Gram,0,1
LARNMOUSSE_OIEPORTO_BTE_200G,FOIE FIN D'OIE DE LARNAUDIE AU PORTO 200 G,Conservesverrine,Nos,1,0,0,,460.0,1,1,Winners,FOIE FIN D'OIE DE LARNAUDIE AU PORTO 200 G,200,Gram,0,1
LARNMOUSSE_CANARD_ARMAG_200G,LARNAUDIE MOUSSE DE CANARD ARMAGNAC 200G,Conservesverrine,Nos,1,0,0,,449.0,1,1,Winners,LARNAUDIE MOUSSE DE CANARD ARMAGNAC 200G,200,Gram,0,1
DELPEYRAT_TERCANMAGRET_160G,DELPEYRAT TERRINE DE CANARD MAGRET FUME 160G,Conservesverrine,Nos,1,0,0,,183.0,1,1,Winners,DELPEYRAT TERRINE DE CANARD MAGRET FUME 160G,160,Gram,0,1
DELPEYRAT_TERCAMPFOREST160G,DELPEYRAT TERRINE DE CAMPAGNE FORESTIERE 160G,Conservesverrine,Nos,1,0,0,,17.0,1,1,Winners,DELPEYRAT TERRINE DE CAMPAGNE FORESTIERE 160G,160,Gram,0,1
DELPBLOC_FGRAS_CANBTE_160G,DELPEYRAT BLOC DE FOIE GRAS DE CANARD BOITE 160G,Conservesverrine,Nos,1,0,0,,92.0,1,1,Winners,DELPEYRAT BLOC DE FOIE GRAS DE CANARD BOITE 160G,160,Gram,0,1
DPEYRAT_BLOC_FG_CANARD_120G,DELPEYRAT BLOCDE FOIE GRAS DE CANARD 120G,Conservesverrine,Nos,1,0,0,,52.0,1,1,Winners,DELPEYRAT BLOCDE FOIE GRAS DE CANARD 120G,120,Gram,0,1
TERRACINE_MFOIE__CANARD_120G,TERRACINE MOUSE DE FOIE DE CANARD 120G,Conservesverrine,Nos,1,0,0,,339.5,1,1,Winners,TERRACINE MOUSE DE FOIE DE CANARD 120G,120,Gram,0,1
LARNAUDIE_TERRINE_CAMP_P_180G,LARNAUDIE TERRINE DE CAMPAGNE P 180G,Conservesverrine,Nos,1,0,0,,259.0,1,1,Winners,LARNAUDIE TERRINE DE CAMPAGNE P 180G,180,Gram,0,1
LARNAUDIE_TERRINECAMP_NAT180G,LARNAUDIE TERRINE DE CAMPAGNE NATURE 180G,Conservesverrine,Nos,1,0,0,,104.5,1,1,Winners,LARNAUDIE TERRINE DE CAMPAGNE NATURE 180G,180,Gram,0,1
DELPEYRAT_MANCHONS_CAN_1350G,DELPEYRAT MANCHONS DE CANARD 1350G,Conservesverrine,Nos,1,0,0,,339.5,1,1,Winners,DELPEYRAT MANCHONS DE CANARD 1350G,1350,Gram,0,1
DELPEYRAT_CONFIT_CAN_4_5_CUIS,DELPEYRAT CONFIT DE CANARD 4-5 CUISSES 1350G,Conservesverrine,Nos,1,0,0,,95.0,1,1,Winners,DELPEYRAT CONFIT DE CANARD 4-5 CUISSES 1350G,1350,Gram,0,1
EVER_WHIP_ORIGINAL_CRM_1030G,EVER WHIPPING CREAM ORIGINAL 1030G,Cremes Fraiches,Nos,1,0,0,,50.0,1,1,Winners,EVER WHIPPING CREAM ORIGINAL 1030G,1030,Gram,0,1
EVER_WHIP_CHOCO_CRM_1000G,EVER WHIP CHOCOLATE NON DAIRY WHIPPING CREAM 1000G,Cremes Fraiches,Nos,1,0,0,,258.0,1,1,Winners,EVER WHIP CHOCOLATE NON DAIRY WHIPPING CREAM 1000G,1000,Gram,0,1
EMBORG_UHT_COOKING_CREAM_1L,EMBORG UHT COOKING CREAM 1L,Cremes Fraiches,Nos,1,0,0,,66.0,1,1,Winners,EMBORG UHT COOKING CREAM 1L,1,Litre,0,1
EMBORG_COOKWHIP_UHT_CREAM_1L,EMBORG COOKING & WHIPPING UHT CREAM 1L,Cremes Fraiches,Nos,1,0,0,,39.0,1,1,Winners,EMBORG COOKING & WHIPPING UHT CREAM 1L,1,Litre,0,1
EV_CRMSPECIAL_CUISSON_50CL,ELLE & VIRE CR?E SPECIALE CUISSON 50CL,Cremes Fraiches,Nos,1,0,0,,27.4,1,1,Winners,ELLE & VIRE CR?E SPECIALE CUISSON 50CL,,,0,1
EV_CRMSPCIAL_CUISSN_1L,ELLE & VIRE CR?E SPECIALE CUISSON 1L,Cremes Fraiches,Nos,1,0,0,,101.75,1,1,Winners,ELLE & VIRE CR?E SPECIALE CUISSON 1L,1,Litre,0,1
EV_CRM_CUISSN_15_1L,ELLE & VIRE CREME CUISSON 15% MATIERE GRASSE 1L,Cremes Fraiches,Nos,1,0,0,,89.0,1,1,Winners,ELLE & VIRE CREME CUISSON 15% MATIERE GRASSE 1L,1,Litre,0,1
EV_CREME_WHIPPING_20CL,ELLE & VIRE CREME WHIPPING 20CL,Cremes Fraiches,Nos,1,0,0,,230.0,1,1,Winners,ELLE & VIRE CREME WHIPPING 20CL,,,0,1
EV_CREME_WHIPPING_1L,ELLE & VIRE CREME WHIPPING 1L,Cremes Fraiches,Nos,1,0,0,,382.0,1,1,Winners,ELLE & VIRE CREME WHIPPING 1L,1,Litre,0,1
EV_CREME_LIGHT_12MG_20CL,ELLE & VIRE CREME LIGHT 12% MATIERE GRASSE 20CL,Cremes Fraiches,Nos,1,0,0,,24.0,1,1,Winners,ELLE & VIRE CREME LIGHT 12% MATIERE GRASSE 20CL,,,0,1
EV_CRSPECIALE_CUISSN_20CL,ELLE & VIRE CR?E SPECIALE CUISSON 20CL,Cremes Fraiches,Nos,1,0,0,,26.0,1,1,Winners,ELLE & VIRE CR?E SPECIALE CUISSON 20CL,,,0,1
EV_CRCHANTIL_BOMBE_EXL_250G,ELLE & VIRE CR?E CHANTILLY BOMBE EXTRA LEGERE 250G,Cremes Fraiches,Nos,1,0,0,,42.0,1,1,Winners,ELLE & VIRE CR?E CHANTILLY BOMBE EXTRA LEGERE 250G,250,Gram,0,1
EV_CHANTILLY_ENTBOMBE_250G,ELLE & VIRE CHANTILLY ENTIERE BOMBE 250G,Cremes Fraiches,Nos,1,0,0,,81.0,1,1,Winners,ELLE & VIRE CHANTILLY ENTIERE BOMBE 250G,250,Gram,0,1
CANDIA_CRM_CUISSN_LEG_200ML,CANDIA CR?E CUISSON LEGERE 200ML,Cremes Fraiches,Nos,1,0,0,,9.5,1,1,Winners,CANDIA CR?E CUISSON LEGERE 200ML,200,Millilitre,0,1
CANDIA_CRM_CUISSN_1L,CANDIA CREME CUISSON 1L,Cremes Fraiches,Nos,1,0,0,,84.0,1,1,Winners,CANDIA CREME CUISSON 1L,1,Litre,0,1
CANDIA_CREME_DESSERT_200ML,CANDIA CREME DESSERT 200ML,Cremes Fraiches,Nos,1,0,0,,33.5,1,1,Winners,CANDIA CREME DESSERT 200ML,200,Millilitre,0,1
CANDIA_CREME_DESSERT_1L,CANDIA CREME DESSERT 1L,Cremes Fraiches,Nos,1,0,0,,13.5,1,1,Winners,CANDIA CREME DESSERT 1L,1,Litre,0,1
ARLA_WHIPPING_CREAM_200ML,ARLA WHIPPING CREAM 200ML,Cremes Fraiches,Nos,1,0,0,,39.0,1,1,Winners,ARLA WHIPPING CREAM 200ML,200,Millilitre,0,1
ARLA_WHIPPING_CREAM_1L,ARLA WHIPPING CREAM 1L,Cremes Fraiches,Nos,1,0,0,,46.0,1,1,Winners,ARLA WHIPPING CREAM 1L,1,Litre,0,1
ARLA_PRO_WHIP_COOK_1L,ARLA PRO WHIP & COOK 1L,Cremes Fraiches,Nos,1,0,0,,39.0,1,1,Winners,ARLA PRO WHIP & COOK 1L,1,Litre,0,1
ANCHOR_XTRA_LIGHT_CCREAM_1L,ANCHOR EXTRA LIGHT COOKING CREAM 1L,Cremes Fraiches,Nos,1,0,0,,9.5,1,1,Winners,ANCHOR EXTRA LIGHT COOKING CREAM 1L,1,Litre,0,1
SPORT_BRA_DAME_REF_270,SPORT BRA DAME REF 270,Confection Femme,Nos,1,0,0,,445.0,1,1,Winners,SPORT BRA DAME REF 270,,,0,1
ROBE_DE_CHAMBRE_REFS_150,ROBE DE CHAMBRE REFS 150,Confection Femme,Nos,1,0,0,,240.0,1,1,Winners,ROBE DE CHAMBRE REFS 150,,,0,1
VETEMENT_ENFANT_REF_3065,VETEMENT ENFANT REF 3065,Confection Enfant,Nos,1,0,0,,600.0,1,1,Winners,VETEMENT ENFANT REF 3065,,,0,1
AMINA_GARLIC_CRUSHED_300G,AMINA GARLIC CRUSHED 300G,Condiments Et Sauces,Nos,1,0,0,,9.5,1,1,Winners,AMINA GARLIC CRUSHED 300G,300,Gram,0,1
EL_SUPREMO_ASS_MK_DK_CHCO_350G,EL SUPREMO ASS MK DK CHCO 350G,Chocolat,Nos,1,0,0,,476.0,1,1,Winners,EL SUPREMO ASS MK DK CHCO 350G,350,Gram,0,1
EL_SIG_GMT_ASS_PRAL_RED_256G,EL SIG GMT ASS PRAL RED 256G,Chocolat,Nos,1,0,0,,762.0,1,1,Winners,EL SIG GMT ASS PRAL RED 256G,256,Gram,0,1
EL_SIG_GMT_ASS_PRAL_BL_256G,EL SIG GMT ASS PRAL BL 256G,Chocolat,Nos,1,0,0,,762.0,1,1,Winners,EL SIG GMT ASS PRAL BL 256G,256,Gram,0,1
EL_RYL_MK_CTD_HZL_CRM_TIN_500G,EL RYL MK CTD HZL CRM TIN 500G,Chocolat,Nos,1,0,0,,435.5,1,1,Winners,EL RYL MK CTD HZL CRM TIN 500G,500,Gram,0,1
EL_RYL_MK_CTD_HZL_CRM_200G,EL RYL MK CTD HZL CRM 200G,Chocolat,Nos,1,0,0,,177.0,1,1,Winners,EL RYL MK CTD HZL CRM 200G,200,Gram,0,1
EL_NW_GMT_COL_ASS_PRA_SIL_365G,EL NW GMT COL ASS PRA SIL 365G,Chocolat,Nos,1,0,0,,850.0,1,1,Winners,EL NW GMT COL ASS PRA SIL 365G,365,Gram,0,1
EL_NW_GMT_COL_ASS_PRA_GLD_365G,EL NW GMT COL ASS PRA GLD 365G,Chocolat,Nos,1,0,0,,850.0,1,1,Winners,EL NW GMT COL ASS PRA GLD 365G,365,Gram,0,1
EL_LUX_COL_CHOCO_PRAL_RD__170G,EL LUX COL CHOCO PRAL RD 170G,Chocolat,Nos,1,0,0,,578.0,1,1,Winners,EL LUX COL CHOCO PRAL RD 170G,170,Gram,0,1
EL_LUX_COL_CHOCO_PRAL_GR_170G,EL LUX COL CHOCO PRAL GR 170G,Chocolat,Nos,1,0,0,,578.0,1,1,Winners,EL LUX COL CHOCO PRAL GR 170G,170,Gram,0,1
EL_LUX_COL_CHOCO_PRA_PCH_170G,EL LUX COL CHOCO PRA PCH 170G,Chocolat,Nos,1,0,0,,578.0,1,1,Winners,EL LUX COL CHOCO PRA PCH 170G,170,Gram,0,1
EL_LUX_COL_CHOC_PRALIN_WH_507G,EL LUX COL CHOC PRALIN WH 507G,Chocolat,Nos,1,0,0,,1000.0,1,1,Winners,EL LUX COL CHOC PRALIN WH 507G,507,Gram,0,1
EL_LUX_COL_CHOC_PRALIN_BL_507G,EL LUX COL CHOC PRALIN BL 507G,Chocolat,Nos,1,0,0,,1000.0,1,1,Winners,EL LUX COL CHOC PRALIN BL 507G,507,Gram,0,1
EL_HY_H_ASS_MK_DK_CHO_WT_200G,EL HY H ASS MK DK CHO WT 200G,Chocolat,Nos,1,0,0,,356.5,1,1,Winners,EL HY H ASS MK DK CHO WT 200G,200,Gram,0,1
EL_HY_H_ASS_MK_DK_CHO_WHT_156G,EL HY H ASS MK DK CHO WHT 156G,Chocolat,Nos,1,0,0,,299.0,1,1,Winners,EL HY H ASS MK DK CHO WHT 156G,156,Gram,0,1
EL_HY_H_ASS_MK_DK_CHO_RED_156G,EL HY H ASS MK DK CHO RED 156G,Chocolat,Nos,1,0,0,,299.0,1,1,Winners,EL HY H ASS MK DK CHO RED 156G,156,Gram,0,1
EL_HY_H_ASS_MK_DK_CHO_RD_200G,EL HY H ASS MK DK CHO RD 200G,Chocolat,Nos,1,0,0,,356.5,1,1,Winners,EL HY H ASS MK DK CHO RD 200G,200,Gram,0,1
EL_HARD_FANCY_MBON_PACK1000G,EL HARD FANCY MBON PACK1000G,Chocolat,Nos,1,0,0,,408.0,1,1,Winners,EL HARD FANCY MBON PACK1000G,1000,Gram,0,1
EL_GMT_MK_CHOC_ASST_FLNG_174G,EL GMT MK CHOC ASST FLNG 174G,Chocolat,Nos,1,0,0,,583.5,1,1,Winners,EL GMT MK CHOC ASST FLNG 174G,174,Gram,0,1
EL_GMT_COL_CHOCO__PRA_RBY_160G,EL GMT COL CHOCO PRA RBY 160G,Chocolat,Nos,1,0,0,,530.4,1,1,Winners,EL GMT COL CHOCO PRA RBY 160G,160,Gram,0,1
EL_DR_COL_ASS_MK_DK_CHOCO_350G,EL DR COL ASS MK DK CHOCO 350G,Chocolat,Nos,1,0,0,,476.0,1,1,Winners,EL DR COL ASS MK DK CHOCO 350G,350,Gram,0,1
CRUNCH_FESTIVE_FRIENDS_144G,CRUNCH FESTIVE FRIENDS 144G,Chocolat,Nos,1,0,0,,230.0,1,1,Winners,CRUNCH FESTIVE FRIENDS 144G,144,Gram,0,1
CADBURY_DAIRY_MILK_PS_CARA_80G,CADBURY DAIRY MILK PS CARAMEL 80G,Chocolat,Nos,1,0,0,,24.0,1,1,Winners,CADBURY DAIRY MILK PS CARAMEL 80G,80,Gram,0,1
CADBURY_DAIRY_MLK_CRUNCHIE_80G,CADBURY DAIRY MILK CRUNCHIE 80G,Chocolat,Nos,1,0,0,,126.0,1,1,Winners,CADBURY DAIRY MILK CRUNCHIE 80G,80,Gram,0,1
CADBURY_DAIRY_MILK_ASTROS_80G,CADBURY DAIRY MILK ASTROS 80G,Chocolat,Nos,1,0,0,,77.05,1,1,Winners,CADBURY DAIRY MILK ASTROS 80G,80,Gram,0,1
ALL_JOY_BIG_SQ_MUSTARD_500ML,ALL JOY BIG SQUEEZE MUSTARD 500ML,Condiments Et Sauces,Nos,1,0,0,,37.5,1,1,Winners,ALL JOY BIG SQUEEZE MUSTARD 500ML,500,Millilitre,0,1
ALL_JOY_BIG_SQHOT_DOG_500ML,ALL JOY BIG SQUEEZE HOT DOG 500ML,Condiments Et Sauces,Nos,1,0,0,,9.5,1,1,Winners,ALL JOY BIG SQUEEZE HOT DOG 500ML,500,Millilitre,0,1
AHMED_FOODS_MINT_SAUCE_300G,AHMED FOODS MINT SAUCE 300G,Condiments Et Sauces,Nos,1,0,0,,34.0,1,1,Winners,AHMED FOODS MINT SAUCE 300G,300,Gram,0,1
AHMED_FOODS_MANGO_CHIL_SC_300G,AHMED FOODS MANGO CHIL SC 300G,Condiments Et Sauces,Nos,1,0,0,,34.0,1,1,Winners,AHMED FOODS MANGO CHIL SC 300G,300,Gram,0,1
AHMED_FOODS_GR_CHILLI_SCE_300G,AHMED FOODS GR CHILLI SCE 300G,Condiments Et Sauces,Nos,1,0,0,,72.0,1,1,Winners,AHMED FOODS GR CHILLI SCE 300G,300,Gram,0,1
AHMED_FOODS_CORIANDER__SC_300G,AHMED FOODS CORIANDER SC 300G,Condiments Et Sauces,Nos,1,0,0,,75.0,1,1,Winners,AHMED FOODS CORIANDER SC 300G,300,Gram,0,1
AFANG_SOY_SCE_AM_AC_04_610ML,AFANG SOY SAUCE AMINO ACID 0 4 610ML,Condiments Et Sauces,Nos,1,0,0,,128.8,1,1,Winners,AFANG SOY SAUCE AMINO ACID 0 4 610ML,610,Millilitre,0,1
AFANG_SOY_SCE_AM_AC_02_610ML,AFANG SOY SAUCE AMINO ACID 0 2 610ML,Condiments Et Sauces,Nos,1,0,0,,66.0,1,1,Winners,AFANG SOY SAUCE AMINO ACID 0 2 610ML,610,Millilitre,0,1
AFANG_DRK_SOY_SCE_AA_04_610ML,AFANG DRK SOY SAUCE AMINO ACID 0 4 610ML,Condiments Et Sauces,Nos,1,0,0,,9.5,1,1,Winners,AFANG DRK SOY SAUCE AMINO ACID 0 4 610ML,610,Millilitre,0,1
AFANG_DRK_SOY_SCE_AA_02_610ML,AFANG DRK SOY SAUCE AMINO ACID 0 2 610ML,Condiments Et Sauces,Nos,1,0,0,,115.0,1,1,Winners,AFANG DRK SOY SAUCE AMINO ACID 0 2 610ML,610,Millilitre,0,1
PEPPADEW_TANGY__MILD_125ML,PEPPADEW TANGY MILD 125ML,Condiments Et Sauces,Nos,1,0,0,,99.0,1,1,Winners,PEPPADEW TANGY MILD 125ML,125,Millilitre,0,1
PEPPADEW_TANGY__HOT_125ML,PEPPADEW TANGY HOT 125ML,Condiments Et Sauces,Nos,1,0,0,,99.0,1,1,Winners,PEPPADEW TANGY HOT 125ML,125,Millilitre,0,1
NATURES__SHINE_PL_TOMAT_255KG,NATURES SHINE PL TOMAT 2.55KG,Condiments Et Sauces,Nos,1,0,0,,0.0,1,1,Winners,NATURES SHINE PL TOMAT 2.55KG,2.55,Kg,0,1
LIFE_THAI_CHILLI_SAUCE_360G,LIFE THAI CHILLI SAUCE 360G,Condiments Et Sauces,Nos,1,0,0,,9.5,1,1,Winners,LIFE THAI CHILLI SAUCE 360G,360,Gram,0,1
LIFE_SWEET_SOUR_SAUCE_250G,LIFE SWEET SOUR SAUCE 250G,Condiments Et Sauces,Nos,1,0,0,,230.0,1,1,Winners,LIFE SWEET SOUR SAUCE 250G,250,Gram,0,1
LIFE_PLUM_SAUCE_250G,LIFE PLUM SAUCE 250G,Condiments Et Sauces,Nos,1,0,0,,0.0,1,1,Winners,LIFE PLUM SAUCE 250G,250,Gram,0,1
LIFE_OYSTER_SAUCE_510G,LIFE OYSTER SAUCE 510G,Condiments Et Sauces,Nos,1,0,0,,49.84,1,1,Winners,LIFE OYSTER SAUCE 510G,510,Gram,0,1
LIFE_HOT_CHILLI_SAUCE_320G,LIFE HOT CHILLI SAUCE 320G,Condiments Et Sauces,Nos,1,0,0,,259.95,1,1,Winners,LIFE HOT CHILLI SAUCE 320G,320,Gram,0,1
LIFE_CHILLI_SAUCE_340G,LIFE CHILLI SAUCE 340G,Condiments Et Sauces,Nos,1,0,0,,75.0,1,1,Winners,LIFE CHILLI SAUCE 340G,340,Gram,0,1
LIFE_CHILLI_GARLIC_SAUCE_320G,LIFE CHILLI GARLIC SAUCE 320G,Condiments Et Sauces,Nos,1,0,0,,9.5,1,1,Winners,LIFE CHILLI GARLIC SAUCE 320G,320,Gram,0,1
LIFE_BBQ_SAUCE_250G,LIFE BBQ SAUCE 250G,Condiments Et Sauces,Nos,1,0,0,,0.0,1,1,Winners,LIFE BBQ SAUCE 250G,250,Gram,0,1
HEINZ_ORIGINAL_BBQ_SAUCE_570G,HEINZ ORIGINAL BBQ SAUCE 570G,Condiments Et Sauces,Nos,1,0,0,,32.0,1,1,Winners,HEINZ ORIGINAL BBQ SAUCE 570G,570,Gram,0,1
HEINZ_HICKORY_SMOKE_BBQ__580G,HEINZ HICKORY SMOKE BBQ 580G,Condiments Et Sauces,Nos,1,0,0,,143.75,1,1,Winners,HEINZ HICKORY SMOKE BBQ 580G,580,Gram,0,1
CO_CAPRES_CAPPUCCINES_120G,CASINO CAPRES CAPPUCCINES 120G,Condiments Et Sauces,Nos,1,0,0,,24.0,1,1,Winners,CASINO CAPRES CAPPUCCINES 120G,120,Gram,0,1
VETEMENT_ENFANT_REF_3015,VETEMENT ENFANT REF 3015,Confection Enfant,Nos,1,0,0,,500.0,1,1,Winners,VETEMENT ENFANT REF 3015,,,0,1
VETEMENT_ENFANT_REF_2080,VETEMENT ENFANT REF 2080,Confection Enfant,Nos,1,0,0,,16.0,1,1,Winners,VETEMENT ENFANT REF 2080,,,0,1
VETEMENT_ENFANT_REF_2025,VETEMENT ENFANT REF 2025,Confection Enfant,Nos,1,0,0,,355.0,1,1,Winners,VETEMENT ENFANT REF 2025,,,0,1
VETEMENT_ENFANT_REF_2005,VETEMENT ENFANT REF 2005,Confection Enfant,Nos,1,0,0,,325.0,1,1,Winners,VETEMENT ENFANT REF 2005,,,0,1
VETEMENT_ENFANT_REF_1085,VETEMENT ENFANT REF 1085,Confection Enfant,Nos,1,0,0,,290.0,1,1,Winners,VETEMENT ENFANT REF 1085,,,0,1
VETEMENT_REF_1070,VETEMENT ENFANT REF 1070,Confection Enfant,Nos,1,0,0,,275.0,1,1,Winners,VETEMENT ENFANT REF 1070,,,0,1
VETEMENT_ENFANT_REF_1050,VETEMENT ENFANT REF 1050,Confection Enfant,Nos,1,0,0,,9.5,1,1,Winners,VETEMENT ENFANT REF 1050,,,0,1
VETEMENT_ENFANT_REF_1025,VETEMENT ENFANT REF 1025,Confection Enfant,Nos,1,0,0,,200.0,1,1,Winners,VETEMENT ENFANT REF 1025,,,0,1
ROBE_DE_CHAMBRE_ASSORTED_REF_1,ROBE DE CHAMBRE ASSORTED REF 1,Confection Femme,Nos,1,0,0,,280.0,1,1,Winners,ROBE DE CHAMBRE ASSORTED REF 1,,,0,1
PYJAMA_DAME_REF_325,PYJAMA DAME REF 325,Confection Femme,Nos,1,0,0,,535.0,1,1,Winners,PYJAMA DAME REF 325,,,0,1
PYJAMA_DAME_REF_310,PYJAMA DAME REF 310,Confection Femme,Nos,1,0,0,,93.4,1,1,Winners,PYJAMA DAME REF 310,,,0,1
PASHMINA_WITH_DESIGN,PASHMINA WITH DESIGN,Confection Femme,Nos,1,0,0,,45.0,1,1,Winners,PASHMINA WITH DESIGN,,,0,1
PANTALON_DAME_REF_280,PANTALON DAME REF 280,Confection Femme,Nos,1,0,0,,465.0,1,1,Winners,PANTALON DAME REF 280,,,0,1
MAILLOT_PAMELA,MAILLOT PAMELA,Confection Femme,Nos,1,0,0,,1000.0,1,1,Winners,MAILLOT PAMELA,,,0,1
MAILLOT_NATATION_JANE,MAILLOT NATATION JANE,Confection Femme,Nos,1,0,0,,400.0,1,1,Winners,MAILLOT NATATION JANE,,,0,1
MAILLOT_NAT_LILY,MAILLOT NAT LILY,Confection Femme,Nos,1,0,0,,520.0,1,1,Winners,MAILLOT NAT LILY,,,0,1
BERE_COPPA_80G,BERE COPPA 80G,Charcuterie Preemballee,Nos,1,0,0,,160.0,1,1,Winners,BERE COPPA 80G,80,Gram,0,1
BELL_TR_JAMBON_CRU_ALLEGE_100G,BELL TRANCHE JAMBON CRU ALLEGE 100G,Charcuterie Preemballee,Nos,1,0,0,,32.88,1,1,Winners,BELL TRANCHE JAMBON CRU ALLEGE 100G,100,Gram,0,1
BELL_PROSCIUTTO_ITALIA_80G,BELL PROSCIUTTO ITALIA 80G,Charcuterie Preemballee,Nos,1,0,0,,175.0,1,1,Winners,BELL PROSCIUTTO ITALIA 80G,80,Gram,0,1
BELL_BARQ_APERO_SAUCPIST_100G,BELL BARQUETTE APERO SAUCISSON AUX PISTACHES 100G,Charcuterie Preemballee,Nos,1,0,0,,168.0,1,1,Winners,BELL BARQUETTE APERO SAUCISSON AUX PISTACHES 100G,100,Gram,0,1
JP_CHENET_ICE_BLANC_15L,JP CHENET ICE BLANC 1.5L,Champagnes Mousseux,Nos,1,0,0,,1159.95,1,1,Winners,JP CHENET ICE BLANC 1.5L,1.5,Litre,0,1
JP_CHENET_GOLD_MUSCAT_75CL,JP CHENET GOLD MUSCATE 75CL,Champagnes Mousseux,Nos,1,0,0,,230.0,1,1,Winners,JP CHENET GOLD MUSCATE 75CL,,,0,1
JP_CHENET_FA_LITCHI_75CL,JP CHENET FA LITCHI 75CL,Champagnes Mousseux,Nos,1,0,0,,550.0,1,1,Winners,JP CHENET FA LITCHI 75CL,,,0,1
JP_CHENET_FA_CASSIS_75CL,JP CHENET FA CASSIS 75CL,Champagnes Mousseux,Nos,1,0,0,,550.0,1,1,Winners,JP CHENET FA CASSIS 75CL,,,0,1
JC_LEROUX_75CLLA_CHANSON,J C LEROUX SPARKLING WINE LA CHANSON 750ML,Champagnes Mousseux,Nos,1,0,0,,96.5,1,1,Winners,J C LEROUX SPARKLING WINE LA CHANSON 750ML,750,Millilitre,0,1
JC_LE_ROUX_LE_DOMAINE_70CL,J C LE ROUX SPARKLING WINE LE DOMAINE 750ML,Champagnes Mousseux,Nos,1,0,0,,643.0,1,1,Winners,J C LE ROUX SPARKLING WINE LE DOMAINE 750ML,750,Millilitre,0,1
JC_LE_ROUX_LA_FLEURETTE_75CL,J C LE ROUX SPARKLING WINE LA FLEURETTE 750ML,Champagnes Mousseux,Nos,1,0,0,,100.0,1,1,Winners,J C LE ROUX SPARKLING WINE LA FLEURETTE 750ML,750,Millilitre,0,1
GRAHAM_BECK_BRUT_75CL_ROSE,GRAHAM BECK BRUT ROSE 75CL,Champagnes Mousseux,Nos,1,0,0,,90.0,1,1,Winners,GRAHAM BECK BRUT ROSE 75CL,,,0,1
GRAHAM_BECK_BRUT_NV_75CL,GRAHAM BECK BRUT N/V 75CL,Champagnes Mousseux,Nos,1,0,0,,1070.0,1,1,Winners,GRAHAM BECK BRUT N/V 75CL,,,0,1
GOSSIPS_75CL_WHITE,GOSSIPS SPARKLING WHITE 750ML,Champagnes Mousseux,Nos,1,0,0,,64.0,1,1,Winners,GOSSIPS SPARKLING WHITE 750ML,750,Millilitre,0,1
GOSSIPS_GRAPEFRUIT_ROSE_75CL,GOSSIPS GRAPEFRUIT SPARKLING ROSE 750ML,Champagnes Mousseux,Nos,1,0,0,,64.0,1,1,Winners,GOSSIPS GRAPEFRUIT SPARKLING ROSE 750ML,750,Millilitre,0,1
GORGEOUS_SPKLING_RS_WINE_700ML,GORGEOUS SPARKLING ROSE WINE 700ML,Champagnes Mousseux,Nos,1,0,0,,1122.0,1,1,Winners,GORGEOUS SPARKLING ROSE WINE 700ML,700,Millilitre,0,1
FRIZZANTE_PERLE_LIME_75CL,FRIZZANTE PERLE LIME-FRUIT BUBBLY ROSE 75CL,Champagnes Mousseux,Nos,1,0,0,,9.5,1,1,Winners,FRIZZANTE PERLE LIME-FRUIT BUBBLY ROSE 75CL,,,0,1
FRIZZANTE_GFRUIT_ROSE_75CL,FRIZZANTE PERLE GRAPEFRUIT ROSE 75CL,Champagnes Mousseux,Nos,1,0,0,,64.0,1,1,Winners,FRIZZANTE PERLE GRAPEFRUIT ROSE 75CL,,,0,1
DIVINE_SPK_BLC_LYCHEE_75CL,DIVINE SPARKLING WHITE LYCHEE WINE 75CL,Champagnes Mousseux,Nos,1,0,0,,402.0,1,1,Winners,DIVINE SPARKLING WHITE LYCHEE WINE 75CL,,,0,1
DIAMANT_ROSE_BLC_DE_NOI_75CL,DIAMANT ROSE BLANC DE NOIR 75CL,Champagnes Mousseux,Nos,1,0,0,,309.95,1,1,Winners,DIAMANT ROSE BLANC DE NOIR 75CL,,,0,1
DE_CRAMON_SWEET_75CL,DE CRAMON SWEET 75CL,Champagnes Mousseux,Nos,1,0,0,,156.0,1,1,Winners,DE CRAMON SWEET 75CL,,,0,1
DECRAMON_75CLROSE,DE CRAMON ROSE 75CL,Champagnes Mousseux,Nos,1,0,0,,226.0,1,1,Winners,DE CRAMON ROSE 75CL,,,0,1
CAVA_PATA_NEG_BRT_ROSE_75CL,CAVA PATA NEGRA BRUT ROSE 11.5% 750ML,Champagnes Mousseux,Nos,1,0,0,,1109.0,1,1,Winners,CAVA PATA NEGRA BRUT ROSE 11.5% 750ML,750,Millilitre,0,1
CAPINELLA_BRUT_70CL,CAPINELLA BRUT 70CL,Champagnes Mousseux,Nos,1,0,0,,64.0,1,1,Winners,CAPINELLA BRUT 70CL,,,0,1
CALVET_CEL_MOUS_BRUT_ROSE_75CL,CALVET CELEBRATION MOUSSEUX BRUT ROSE 750ML,Champagnes Mousseux,Nos,1,0,0,,765.0,1,1,Winners,CALVET CELEBRATION MOUSSEUX BRUT ROSE 750ML,750,Millilitre,0,1
BOTTEGA_PROSECCO_DOC_75CL,BOTTEGA PROSECCO 750ML,Champagnes Mousseux,Nos,1,0,0,,99.0,1,1,Winners,BOTTEGA PROSECCO 750ML,750,Millilitre,0,1
BOTTEGA_POETI_ROSE_75CL,BOTTEGA POETI ROSE 75CL,Champagnes Mousseux,Nos,1,0,0,,64.0,1,1,Winners,BOTTEGA POETI ROSE 75CL,,,0,1
BOTTEGA_GOLD_75CL,BOTTEGA GOLD 750ML,Champagnes Mousseux,Nos,1,0,0,,13.5,1,1,Winners,BOTTEGA GOLD 750ML,750,Millilitre,0,1
BG_ROSE_VIN_MOUSSEUX_C_R_75CL,BARTON & GUESTIER VIN MOUSSEUX ROSE CELLARS 750ML,Champagnes Mousseux,Nos,1,0,0,,809.95,1,1,Winners,BARTON & GUESTIER VIN MOUSSEUX ROSE CELLARS 750ML,750,Millilitre,0,1
BELL_BARQ_APERO_SAUCNOIS_100G,BELL BARQUETTE APERO SAUCISSON DE NOISETTE 100G,Charcuterie Preemballee,Nos,1,0,0,,168.0,1,1,Winners,BELL BARQUETTE APERO SAUCISSON DE NOISETTE 100G,100,Gram,0,1
BELL_BARQ_APER_SAUCCOMTE_100G,BELL BARQUETTE APERITIF SAUCISSON COMTE 100G,Charcuterie Preemballee,Nos,1,0,0,,168.0,1,1,Winners,BELL BARQUETTE APERITIF SAUCISSON COMTE 100G,100,Gram,0,1
BARO_SALAMI_TRANCHE_100G,BARO SALAMI TRANCHE 100G,Charcuterie Preemballee,Nos,1,0,0,,9.5,1,1,Winners,BARO SALAMI TRANCHE 100G,100,Gram,0,1
BARO_ROSETTE_TRANCHE_80G,BARO ROSETTE TRANCHE 80G,Charcuterie Preemballee,Nos,1,0,0,,9.5,1,1,Winners,BARO ROSETTE TRANCHE 80G,80,Gram,0,1
BARO_JAMBON_SERRANO_TR_100G,BARO JAMBON SERRANO TR 100G,Charcuterie Preemballee,Nos,1,0,0,,46.0,1,1,Winners,BARO JAMBON SERRANO TR 100G,100,Gram,0,1
BARO_CHORIZO_EXTTRANCHE_100G,BARO CHORIZO EXTRA TRANCHE 100G,Charcuterie Preemballee,Nos,1,0,0,,150.0,1,1,Winners,BARO CHORIZO EXTRA TRANCHE 100G,100,Gram,0,1
PROVINCE_SALAMDANOIS_10TR_85G,PROVINCE SALAMI DANOIS 10 TRANCHES 85G,Charcuterie Preemballee,Nos,1,0,0,,98.0,1,1,Winners,PROVINCE SALAMI DANOIS 10 TRANCHES 85G,85,Gram,0,1
JAMB_BAYONNE_IGP_6TFIN100G,JAMB BAYONNE IGP 6TRANCHE FINE 100G,Charcuterie Preemballee,Nos,1,0,0,,289.0,1,1,Winners,JAMB BAYONNE IGP 6TRANCHE FINE 100G,100,Gram,0,1
ISLA_DELICE_MORTAD_OLIVE_120G,ISLA DELICE MORTADELLE AUX OLIVES 120G,Charcuterie Preemballee,Nos,1,0,0,,155.0,1,1,Winners,ISLA DELICE MORTADELLE AUX OLIVES 120G,120,Gram,0,1
HPAYS_ROSETTE_BIO_16TR_90G,HAUT PAYS ROSETTE BIO 16TR 90G,Charcuterie Preemballee,Nos,1,0,0,,299.0,1,1,Winners,HAUT PAYS ROSETTE BIO 16TR 90G,90,Gram,0,1
CITTERIO_TFRESCO_ALTADIGE_70G,CITTERIO TFRESCO ALT.ADIGE 70G,Charcuterie Preemballee,Nos,1,0,0,,238.0,1,1,Winners,CITTERIO TFRESCO ALT.ADIGE 70G,70,Gram,0,1
CITTERIO_TFRESCO_COTTO_80G,CITTERIO TAGLIAFRESCO COTTO 80G,Charcuterie Preemballee,Nos,1,0,0,,221.0,1,1,Winners,CITTERIO TAGLIAFRESCO COTTO 80G,80,Gram,0,1
CITTERIO_FRESCO_JAMCOPPA_70G,CITTERIO FRESCO JAMBON COPPA 70G,Charcuterie Preemballee,Nos,1,0,0,,218.0,1,1,Winners,CITTERIO FRESCO JAMBON COPPA 70G,70,Gram,0,1
CO_SAUCISSON_PORC_AIL_VF_300G,CASINO SAUCISSON PORC AIL VF 300G,Charcuterie Preemballee,Nos,1,0,0,,239.0,1,1,Winners,CASINO SAUCISSON PORC AIL VF 300G,300,Gram,0,1
CO_SAUCISSON_AIL_FUM_VF_300G,CASINO SAUCISSON AIL FUME VF 300G,Charcuterie Preemballee,Nos,1,0,0,,239.0,1,1,Winners,CASINO SAUCISSON AIL FUME VF 300G,300,Gram,0,1
CO_SALAMI_DANOIS_FUM_20T_200G,CASINO SALAMI DANOIS FUME 20 TRANCHES 200G,Charcuterie Preemballee,Nos,1,0,0,,229.0,1,1,Winners,CASINO SALAMI DANOIS FUME 20 TRANCHES 200G,200,Gram,0,1
CO_JAMBON_BAYONNE_6TR_100G,CASINO JAMBON DE BAYONNE 6 TRANCHES 100G,Charcuterie Preemballee,Nos,1,0,0,,16.0,1,1,Winners,CASINO JAMBON DE BAYONNE 6 TRANCHES 100G,100,Gram,0,1
CO_CHORIZO_FORT_TRANCHE_100G,CASINO CHORIZO FORT TRANCHE 100G,Charcuterie Preemballee,Nos,1,0,0,,139.0,1,1,Winners,CASINO CHORIZO FORT TRANCHE 100G,100,Gram,0,1
CO_CHORIZO_DOUX_TRANCHE_100G,CASINO CHORIZO DOUX TRANCHE 100G,Charcuterie Preemballee,Nos,1,0,0,,139.0,1,1,Winners,CASINO CHORIZO DOUX TRANCHE 100G,100,Gram,0,1
CO_CHIFFONJBON_CRU_ITAL_80G,CASINO CHIFFONNADES DE JAMBON CRU ITAL 80G,Charcuterie Preemballee,Nos,1,0,0,,156.0,1,1,Winners,CASINO CHIFFONNADES DE JAMBON CRU ITAL 80G,80,Gram,0,1
CO_BACON_TRANCHE_150G,CASINO BACASINON TRANCHE 150G,Charcuterie Preemballee,Nos,1,0,0,,206.0,1,1,Winners,CASINO BACASINON TRANCHE 150G,150,Gram,0,1
AYOUTH_ANT_HAIRFALL_OIL_100ML,AYOUTH VEDA ANTI HAIRFALL OIL 100ML,Capillaires,Nos,1,0,0,,343.0,1,1,Winners,AYOUTH VEDA ANTI HAIRFALL OIL 100ML,100,Millilitre,0,1
FREEZ_PACK_M10,FREEZ PACK M 10,Camping,Nos,1,0,0,,144.0,1,1,Winners,FREEZ PACK M 10,,,0,1
BIOTECH_ZERO_BAR_DC_CARAM_50G,BIOTECH USA ZERO BAR DOUBLE CHOCO CARAMEL 50G,Cereales,Nos,1,0,0,,0.0,1,1,Winners,BIOTECH USA ZERO BAR DOUBLE CHOCO CARAMEL 50G,50,Gram,0,1
BIOTECH_PROTEIN_BAR_STRAW_70G,BIOTECH USA PROTEIN BAR STRAWBERRY 70G,Cereales,Nos,1,0,0,,118.0,1,1,Winners,BIOTECH USA PROTEIN BAR STRAWBERRY 70G,70,Gram,0,1
RAPSBERRY_VEG_CAKE_20X20,RAPSBERRY VEGETARIAN CAKE 20X20 MBAKE,Cake,Nos,1,0,0,,1899.95,1,1,Winners,RAPSBERRY VEGETARIAN CAKE 20X20 MBAKE,,,0,1
MASPAIN_VEG_1520_PERS,MASPAIN VEG 15-20 PERSONS,Cake,Nos,1,0,0,,469.0,1,1,Winners,MASPAIN VEG 15-20 PERSONS,,,0,1
MASPAIN_AMANDE,MASPAIN AMANDE,Cake,Nos,1,0,0,,9.5,1,1,Winners,MASPAIN AMANDE,,,0,1
MASPAIN_2025_PERS,MASPAIN 20-25 PERSONS,Cake,Nos,1,0,0,,659.0,1,1,Winners,MASPAIN 20-25 PERSONS,,,0,1
MASPAIN_1520_PERS,MASPAIN 15-20 PERSONS,Cake,Nos,1,0,0,,499.0,1,1,Winners,MASPAIN 15-20 PERSONS,,,0,1
MASPAIN_1015_PERS,MASPAIN 10-15 PERSONS,Cake,Nos,1,0,0,,9.5,1,1,Winners,MASPAIN 10-15 PERSONS,,,0,1
HUMMING_BIRD_CAKE_1015P,HUMMING BIRD CAKE 10-15 PERSONS,Cake,Nos,1,0,0,,62.0,1,1,Winners,HUMMING BIRD CAKE 10-15 PERSONS,,,0,1
BIOTECH_PROTEIN_BAR_PIST_70G,BIOTECH USA PROTEIN BAR PISTACHIO 70G,Cereales,Nos,1,0,0,,118.0,1,1,Winners,BIOTECH USA PROTEIN BAR PISTACHIO 70G,70,Gram,0,1
BIOTECH_PROTEIN_BAR_D_CHO_70G,BIOTECH USA PROTEIN BAR DOUBLE CHOCOLATE 70G,Cereales,Nos,1,0,0,,118.0,1,1,Winners,BIOTECH USA PROTEIN BAR DOUBLE CHOCOLATE 70G,70,Gram,0,1
BA_FIT_GRAIN_FLAKES_STRAW_250G,BA FIT GRAIN FLAKES STRAWBERRIES 250G,Cereales,Nos,1,0,0,,46.0,1,1,Winners,BA FIT GRAIN FLAKES STRAWBERRIES 250G,250,Gram,0,1
BA_ENERGY_BAR_SEEDS_HONEY_40G,BA ENERGY BAR SEEDS HONEY 40G,Cereales,Nos,1,0,0,,21.25,1,1,Winners,BA ENERGY BAR SEEDS HONEY 40G,40,Gram,0,1
BA_ENERGY_BAR_FOREST_FRTS_40G,BA ENERGY BAR FOREST FRUITS 40G,Cereales,Nos,1,0,0,,21.25,1,1,Winners,BA ENERGY BAR FOREST FRUITS 40G,40,Gram,0,1
BA_CRUNCHY_MUESLI_CRA_HON_300G,BA CRUNCHY MUESLI CRANBERRY HONEY 300G,Cereales,Nos,1,0,0,,75.0,1,1,Winners,BA CRUNCHY MUESLI CRANBERRY HONEY 300G,300,Gram,0,1
BA_CRMUESLI_5_TROPICAL_F_300G,BA CRUNCHY MUESLI 5 TROPICAL FRUITS 300G,Cereales,Nos,1,0,0,,30.65,1,1,Winners,BA CRUNCHY MUESLI 5 TROPICAL FRUITS 300G,300,Gram,0,1
BA_CRMUESLI_5_FOREST_FR_300G,BA CRUNCHY MUESLI 5 FOREST FRUITS 300G,Cereales,Nos,1,0,0,,12.0,1,1,Winners,BA CRUNCHY MUESLI 5 FOREST FRUITS 300G,300,Gram,0,1
ALPEN_NO_SUG_AD560G,ALPEN SWISS STYLE MUESLI NO ADDED SUGAR 560G,Cereales,Nos,1,0,0,,46.0,1,1,Winners,ALPEN SWISS STYLE MUESLI NO ADDED SUGAR 560G,560,Gram,0,1
ALPEN_ORIGINAL_375G,ALPEN MUESLI ORIGINAL 375G,Cereales,Nos,1,0,0,,14.5,1,1,Winners,ALPEN MUESLI ORIGINAL 375G,375,Gram,0,1
ALPEN_MUESLI_CHOCOLATE_550G,ALPEN MUESLI CHOCOLATE 550G,Cereales,Nos,1,0,0,,166.1,1,1,Winners,ALPEN MUESLI CHOCOLATE 550G,550,Gram,0,1
ALPEN_LIGHT_CHOC_FUDGE_5X19G,ALPEN LIGHT CHOCOLATE FUDGE X 5 19G,Cereales,Nos,1,0,0,,92.3,1,1,Winners,ALPEN LIGHT CHOCOLATE FUDGE X 5 19G,19,Gram,0,1
ALPEN_BARS_STRAWB_WI_YOG_5X29G,ALPEN BARS STRAWBERRY WITH YOGHURT X 5 29G,Cereales,Nos,1,0,0,,28.0,1,1,Winners,ALPEN BARS STRAWBERRY WITH YOGHURT X 5 29G,29,Gram,0,1
ALPEN_BARS_RASP_WITH_YOG_5X29G,ALPEN BARS RASPBERRY WITH YOGHURT X 5 29G,Cereales,Nos,1,0,0,,15.5,1,1,Winners,ALPEN BARS RASPBERRY WITH YOGHURT X 5 29G,29,Gram,0,1
ALPEN_BARS_LIGHT_JAFFA_5X19G,ALPEN BARS LIGHT JAFFA CAKE X 5 19G,Cereales,Nos,1,0,0,,92.3,1,1,Winners,ALPEN BARS LIGHT JAFFA CAKE X 5 19G,19,Gram,0,1
ALPEN_BARS_FRUIT_N_NUT_5_X_28G,ALPEN BARS FRUIT NUT X 5 28G,Cereales,Nos,1,0,0,,12.0,1,1,Winners,ALPEN BARS FRUIT NUT X 5 28G,28,Gram,0,1
ALPEN_BARS_FT__NUT_WICH_5X29G,ALPEN BARS FRUIT NUT WICH 5 X 29G,Cereales,Nos,1,0,0,,22.5,1,1,Winners,ALPEN BARS FRUIT NUT WICH 5 X 29G,29,Gram,0,1
ALPEN_550G,ALPEN 550G,Cereales,Nos,1,0,0,,39.0,1,1,Winners,ALPEN 550G,550,Gram,0,1
NESTUM_SUPER_IMMUNITY_PROMO_PK,NESTUM SUPER IMMUNITY PROMO PK,Cereales,Nos,1,0,0,,22.0,1,1,Winners,NESTUM SUPER IMMUNITY PROMO PK,,,0,1
NESTUM_SUP_DIGESTION_PROMO_PK,NESTUM SUP DIGESTION PROMO PK,Cereales,Nos,1,0,0,,328.0,1,1,Winners,NESTUM SUP DIGESTION PROMO PK,,,0,1
NESTUM_PROMO_PK_450GX2,NESTUM PROMO PK 450GX2,Cereales,Nos,1,0,0,,47.95,1,1,Winners,NESTUM PROMO PK 450GX2,450,Gram,0,1
NESTUM_MARIE_250GX_2_PROMO_PK,NESTUM MARIE 250GX 2 PROMO PK,Cereales,Nos,1,0,0,,180.0,1,1,Winners,NESTUM MARIE 250GX 2 PROMO PK,250,Gram,0,1
NEST_SWT_CONDENSED_MILK_PR_PK,NEST SWT CONDENSED MILK PR PK,Cereales,Nos,1,0,0,,9.5,1,1,Winners,NEST SWT CONDENSED MILK PR PK,,,0,1
FREEZ_PACK_M_30,FREEZ PACK M 30,Camping,Nos,1,0,0,,363.0,1,1,Winners,FREEZ PACK M 30,,,0,1
FREEZ_PACK_M_20,FREEZ PACK M 20,Camping,Nos,1,0,0,,258.0,1,1,Winners,FREEZ PACK M 20,,,0,1
AYOUTH_AHAIR_FALL_SHP_300ML,AYOUTH VEDA ANTI HAIR FALL SHAMPOOING 300ML,Capillaires,Nos,1,0,0,,268.0,1,1,Winners,AYOUTH VEDA ANTI HAIR FALL SHAMPOOING 300ML,300,Millilitre,0,1
AYOUTH_ANTI_DANDRUF_SHP_300ML,AYOUTH VEDA ANTI DANDRUFF SHAMPOOING 300ML,Capillaires,Nos,1,0,0,,33.0,1,1,Winners,AYOUTH VEDA ANTI DANDRUFF SHAMPOOING 300ML,300,Millilitre,0,1
AQUA_VERA_HERB_SHP_TEA_T_400ML,AQUA VERA HERBAL SHAMPOOING TEA TREE 400ML,Capillaires,Nos,1,0,0,,35.63,1,1,Winners,AQUA VERA HERBAL SHAMPOOING TEA TREE 400ML,400,Millilitre,0,1
AQUA_VERA_HERB_SHP_GARLI_400ML,AQUA VERA HERBAL SHAMPOOING GARLIC 400ML,Capillaires,Nos,1,0,0,,0.0,1,1,Winners,AQUA VERA HERBAL SHAMPOOING GARLIC 400ML,400,Millilitre,0,1
AQUA_VERA_HERB_SHP_COCO_400ML,AQUA VERA HERBAL SHAMPOOING COCO 400ML,Capillaires,Nos,1,0,0,,9.5,1,1,Winners,AQUA VERA HERBAL SHAMPOOING COCO 400ML,400,Millilitre,0,1
AQUA_VERA_HERB_SHP_ARGAN_400ML,AQUA VERA HERBAL SHAMPOOING ARGAN 400ML,Capillaires,Nos,1,0,0,,9.5,1,1,Winners,AQUA VERA HERBAL SHAMPOOING ARGAN 400ML,400,Millilitre,0,1
AQUA_VERA_3IN1_HERB_ASHP_400ML,AQUA VERA 3IN1 HERBAL APRES SHAMPOOING 400ML,Capillaires,Nos,1,0,0,,9.5,1,1,Winners,AQUA VERA 3IN1 HERBAL APRES SHAMPOOING 400ML,400,Millilitre,0,1
ALTEN_COL_NO5_CHAT_CLAIR,ALTEN COLORATION NO5 CHATAIN CLAIR,Capillaires,Nos,1,0,0,,139.0,1,1,Winners,ALTEN COLORATION NO5 CHATAIN CLAIR,,,0,1
ALTEN_COL_NO45_CHAT_CLR_ACAJOU,ALTEN COLORATION NO45 CHATAIN CLAIR ACAJOU,Capillaires,Nos,1,0,0,,139.0,1,1,Winners,ALTEN COLORATION NO45 CHATAIN CLAIR ACAJOU,,,0,1
ALTEN_COL_NO44_CHAT_ACAJOU,ALTEN COLORATION NO44 CHATAIN ACAJOU,Capillaires,Nos,1,0,0,,139.0,1,1,Winners,ALTEN COLORATION NO44 CHATAIN ACAJOU,,,0,1
ALTEN_COL_NO4_CHATAIN,ALTEN COLORATION NO4 CHATAIN,Capillaires,Nos,1,0,0,,60.0,1,1,Winners,ALTEN COLORATION NO4 CHATAIN,,,0,1
ALTEN_COL_NO25_CHAT_DORE,ALTEN COLORATION NO25 CHATAIN DORE,Capillaires,Nos,1,0,0,,139.0,1,1,Winners,ALTEN COLORATION NO25 CHATAIN DORE,,,0,1
ALTEN_COL_NO1_NOIR,ALTEN COLORATION NO1 NOIR,Capillaires,Nos,1,0,0,,60.0,1,1,Winners,ALTEN COLORATION NO1 NOIR,,,0,1
ALPECIN_SHP_DANDR_KILLER_250ML,ALPECIN DANDRUFF KILLER SHAMPOOING 250ML,Capillaires,Nos,1,0,0,,24.5,1,1,Winners,ALPECIN DANDRUFF KILLER SHAMPOOING 250ML,250,Millilitre,0,1
ALPECIN_SHP_DBLE_EF_200ML,ALPECIN CAFFEINE SHAMPOOING DOUBLE EFFECT 200ML,Capillaires,Nos,1,0,0,,395.0,1,1,Winners,ALPECIN CAFFEINE SHAMPOOING DOUBLE EFFECT 200ML,200,Millilitre,0,1
ALPECIN_SHP_CAFFEINE_C1_250ML,ALPECIN CAFFEINE SHAMPOOING C1 250ML,Capillaires,Nos,1,0,0,,375.0,1,1,Winners,ALPECIN CAFFEINE SHAMPOOING C1 250ML,250,Millilitre,0,1
ADDICT_ORG_OIL_YLANG__HS_250ML,ADDICT ORGANIC COCO OIL YLANG SPECIAL HAIR SKIN 250ML,Capillaires,Nos,1,0,0,,9.5,1,1,Winners,ADDICT ORGANIC COCO OIL YLANG SPECIAL HAIR SKIN 250ML,250,Millilitre,0,1
ADDICT_ORG__MINT_HS_250ML,ADDICT ORGANIC COCO OIL MINT SPECIAL HAIR SKIN 250ML,Capillaires,Nos,1,0,0,,24.0,1,1,Winners,ADDICT ORGANIC COCO OIL MINT SPECIAL HAIR SKIN 250ML,250,Millilitre,0,1
ADDICT_ORG_OIL_HIBISC_HS_250ML,ADDICT ORGANIC COCO OIL HIBISCIS SPECIAL HAIR SKIN 250ML,Capillaires,Nos,1,0,0,,33.84,1,1,Winners,ADDICT ORGANIC COCO OIL HIBISCIS SPECIAL HAIR SKIN 250ML,250,Millilitre,0,1
ADDICT_ORG_COCO_OIL_500ML,ADDICT ORGANIC COCO OIL 500ML,Capillaires,Nos,1,0,0,,319.0,1,1,Winners,ADDICT ORGANIC COCO OIL 500ML,500,Millilitre,0,1
ADDICT_ORG_COCO_OIL_250ML,ADDICT ORGANIC COCO OIL 250ML,Capillaires,Nos,1,0,0,,9.5,1,1,Winners,ADDICT ORGANIC COCO OIL 250ML,250,Millilitre,0,1
BE_NESP_CAFE_DX_ARABX16_848G,BEST ESPRESSO NESPRESSO CAFE DX ARABICA X16 84 8G,Cafes Chicorees,Nos,1,0,0,,260.0,1,1,Winners,BEST ESPRESSO NESPRESSO CAFE DX ARABICA X16 84 8G,8,Gram,0,1
BE_NESPCAFE_AU_LAIT_X_16_72G,BEST ESPRESSO NESPRESSO CAFE AU LAIT X 16 72G,Cafes Chicorees,Nos,1,0,0,,260.0,1,1,Winners,BEST ESPRESSO NESPRESSO CAFE AU LAIT X 16 72G,72,Gram,0,1
BE_NESPRESSO_CAFE_AMAN_X16_72G,BEST ESPRESSO NESPRESSO CAFE AMANDE X16 72G,Cafes Chicorees,Nos,1,0,0,,260.0,1,1,Winners,BEST ESPRESSO NESPRESSO CAFE AMANDE X16 72G,72,Gram,0,1
BULKHEAD_ROUND_WB_15W_WHITE,BULKHEAD ROUND WHITE BASE IP65 SP500V CLII 1 WATERPROOF 15W WHITE,Bricomaisonjardin,Nos,1,0,0,,479.0,1,1,Winners,BULKHEAD ROUND WHITE BASE IP65 SP500V CLII 1 WATERPROOF 15W WHITE,,,0,1
GRASS_RAKE_LEAF_HEAVY_DUTY,GRASS RAKE LEAF HEAVY DUTY,Brico Equipement,Nos,1,0,0,,72.0,1,1,Winners,GRASS RAKE LEAF HEAVY DUTY,,,0,1
GLOVE_MACON,GLOVE MACON,Brico Equipement,Nos,1,0,0,,75.0,1,1,Winners,GLOVE MACON,,,0,1
GARDEN_TAP_BRASS,GARDEN TAP BRASS,Brico Equipement,Nos,1,0,0,,103.0,1,1,Winners,GARDEN TAP BRASS,,,0,1
GARDEN_TAP,GARDEN TAP,Brico Equipement,Nos,1,0,0,,145.0,1,1,Winners,GARDEN TAP,,,0,1
FLOODLIGHT_LED_VALUE_30W_WHITE,FLOODLIGHT LED VALUE 30W WHITE,Brico Equipement,Nos,1,0,0,,658.0,1,1,Winners,FLOODLIGHT LED VALUE 30W WHITE,,,0,1
FLOODLIGHT_LED_G2_VALUE_30W_WM,FLOODLIGHT LED G2 VALUE 30W WARM,Brico Equipement,Nos,1,0,0,,658.0,1,1,Winners,FLOODLIGHT LED G2 VALUE 30W WARM,,,0,1
FLOOD_LIGHT_300W_SOLAR,FLOOD LIGHT 300W SOLAR,Brico Equipement,Nos,1,0,0,,2015.0,1,1,Winners,FLOOD LIGHT 300W SOLAR,,,0,1
FLOOD_LIGHT_200W,FLOOD LIGHT 200W,Brico Equipement,Nos,1,0,0,,1600.0,1,1,Winners,FLOOD LIGHT 200W,,,0,1
FLOOD_LIGHT_150W,FLOOD LIGHT 150W,Brico Equipement,Nos,1,0,0,,1285.0,1,1,Winners,FLOOD LIGHT 150W,,,0,1
FITTING_EXTENSION_FOR_SINK,FITTING EXTENSION FOR SINK,Brico Equipement,Nos,1,0,0,,185.0,1,1,Winners,FITTING EXTENSION FOR SINK,,,0,1
EXTENSION_SOCKET_3G_ORANGE,EXTENSION SOCKET 3G ORANGE,Brico Equipement,Nos,1,0,0,,350.0,1,1,Winners,EXTENSION SOCKET 3G ORANGE,3,Gram,0,1
E27_LED_CANDLE__4W_WARM,E27 LED CANDLE 4W WARM,Brico Equipement,Nos,1,0,0,,102.0,1,1,Winners,E27 LED CANDLE 4W WARM,27,Litre,0,1
CEILING_LAMP_ROUND_10W_WHITE,CEILING LAMP ROUND 10W WHITE,Brico Equipement,Nos,1,0,0,,723.0,1,1,Winners,CEILING LAMP ROUND 10W WHITE,,,0,1
BULKHEAD_ROUND_WB_15W_WARM,BULKHEAD ROUND WHITE BASE IP65 SP500V CLII WATERPROOF 15W WARM,Bricomaisonjardin,Nos,1,0,0,,479.0,1,1,Winners,BULKHEAD ROUND WHITE BASE IP65 SP500V CLII WATERPROOF 15W WARM,,,0,1
BULKHEAD_ROUND_BB_15W_WHITE,BULKHEAD ROUND BLACK BASE IP65 SP500V CLII WATERPROOF 15W WHITE,Bricomaisonjardin,Nos,1,0,0,,479.0,1,1,Winners,BULKHEAD ROUND BLACK BASE IP65 SP500V CLII WATERPROOF 15W WHITE,,,0,1
BULKHEAD_ROUND_BB_15W_WARM,BULKHEAD ROUND BLACK BASE IP65 SP500V CLII WATERPROOF 15W WARM,Bricomaisonjardin,Nos,1,0,0,,479.0,1,1,Winners,BULKHEAD ROUND BLACK BASE IP65 SP500V CLII WATERPROOF 15W WARM,,,0,1
BULKHEAD_ROUND_OB_15W_WARM,BULKHEAD OVALWHITE BASE IP65 SP500V CLII WATERPROOF 20W WARM,Bricomaisonjardin,Nos,1,0,0,,479.0,1,1,Winners,BULKHEAD OVALWHITE BASE IP65 SP500V CLII WATERPROOF 20W WARM,,,0,1
BRASS_TAP,BRASS TAP,Bricomaisonjardin,Nos,1,0,0,,250.0,1,1,Winners,BRASS TAP,,,0,1
BASIN_TAP_HEAVY_DUTY_6752,BASIN TAP HEAVY DUTY 6752,Bricomaisonjardin,Nos,1,0,0,,675.0,1,1,Winners,BASIN TAP HEAVY DUTY 6752,,,0,1
BASIN_MIXER_WITH_HOSE_BLK_160,BASIN MIXER WITH HOSE BLK 160,Bricomaisonjardin,Nos,1,0,0,,1545.0,1,1,Winners,BASIN MIXER WITH HOSE BLK 160,,,0,1
BALL_VALVE_HALF,BALL VALVE HALF,Bricomaisonjardin,Nos,1,0,0,,155.0,1,1,Winners,BALL VALVE HALF,,,0,1
BALL_VALVE_H_BRASS,BALL VALVE H BRASS,Bricomaisonjardin,Nos,1,0,0,,165.0,1,1,Winners,BALL VALVE H BRASS,,,0,1
AXE_WITH_RUBBER_HANDLE,AXE WITH RUBBER HANDLE,Bricomaisonjardin,Nos,1,0,0,,420.0,1,1,Winners,AXE WITH RUBBER HANDLE,,,0,1
ANGLE_VALVE_INOX,ANGLE VALVE INOX,Bricomaisonjardin,Nos,1,0,0,,215.0,1,1,Winners,ANGLE VALVE INOX,,,0,1
CANDLE_CINAMON_SET_3,CANDLE CINAMON SET 3,Cadeaux,Nos,1,0,0,,310.0,1,1,Winners,CANDLE CINAMON SET 3,,,0,1
CADRE_PHOTO_RESINE_MAURITIUS,CADRE PHOTO RESINE MAURITIUS,Cadeaux,Nos,1,0,0,,325.0,1,1,Winners,CADRE PHOTO RESINE MAURITIUS,,,0,1
BURN_CANDLE_MULTICOLOR_12CM,BURN CANDLE MULTICOLOR 12CM,Cadeaux,Nos,1,0,0,,48.0,1,1,Winners,BURN CANDLE MULTICOLOR 12CM,,,0,1
BRACELETS_ASSORTIS_B001,BRACELETS ASSORTIS B001,Cadeaux,Nos,1,0,0,,175.0,1,1,Winners,BRACELETS ASSORTIS B001,,,0,1
BOUGIE_BLANC_X25_700G,BOUGIE BLANC X25 700G,Cadeaux,Nos,1,0,0,,9.5,1,1,Winners,BOUGIE BLANC X25 700G,700,Gram,0,1
BOTTLE_OPENER_MAGNET_MAP,BOTTLE OPENER MAGNET MAP,Cadeaux,Nos,1,0,0,,85.0,1,1,Winners,BOTTLE OPENER MAGNET MAP,,,0,1
BOAT_SHELL,BOAT SHELL,Cadeaux,Nos,1,0,0,,200.0,1,1,Winners,BOAT SHELL,,,0,1
BOAT_PHOTO_FRAME,BOAT PHOTO FRAME,Cadeaux,Nos,1,0,0,,135.0,1,1,Winners,BOAT PHOTO FRAME,,,0,1
BIRTHDAY_CANDLE_X24__50026,BIRTHDAY CANDLE X24 50026,Cadeaux,Nos,1,0,0,,50.0,1,1,Winners,BIRTHDAY CANDLE X24 50026,,,0,1
BEER_MUG_FLAG,BEER MUG FLAG,Cadeaux,Nos,1,0,0,,280.0,1,1,Winners,BEER MUG FLAG,,,0,1
BEBE_MUPPET_28CM,BEBE MUPPET 28CM,Cadeaux,Nos,1,0,0,,695.0,1,1,Winners,BEBE MUPPET 28CM,,,0,1
BAMBOO_JEWEL_BOX_X_3PCS,BAMBOO JEWEL BOX X 3PCS,Cadeaux,Nos,1,0,0,,90.0,1,1,Winners,BAMBOO JEWEL BOX X 3PCS,,,0,1
BAMBOO_FAN,BAMBOO FAN,Cadeaux,Nos,1,0,0,,182.0,1,1,Winners,BAMBOO FAN,,,0,1
BAG_ECRUE_DODO_MAURITIUS,BAG ECRUE DODO MAURITIUS,Cadeaux,Nos,1,0,0,,590.0,1,1,Winners,BAG ECRUE DODO MAURITIUS,,,0,1
BAG_ECRUE_CANVAS_MAURITIUS,BAG ECRUE CANVAS MAURITIUS,Cadeaux,Nos,1,0,0,,700.0,1,1,Winners,BAG ECRUE CANVAS MAURITIUS,,,0,1
ASS_DODO_IN_B_NEST,ASS DODO IN B NEST,Cadeaux,Nos,1,0,0,,891.67,1,1,Winners,ASS DODO IN B NEST,,,0,1
ASHTRAY_MONKEY,ASHTRAY MONKEY,Cadeaux,Nos,1,0,0,,335.0,1,1,Winners,ASHTRAY MONKEY,,,0,1
ASHTRAY_DODO_RED_BLUE,ASHTRAY DODO RED BLUE,Cadeaux,Nos,1,0,0,,300.0,1,1,Winners,ASHTRAY DODO RED BLUE,,,0,1
ASHTRAY_DODO__FISH,ASHTRAY DODO FISH,Cadeaux,Nos,1,0,0,,245.0,1,1,Winners,ASHTRAY DODO FISH,,,0,1
ANCHOR_THERMOMETER,ANCHOR THERMOMETER,Cadeaux,Nos,1,0,0,,125.0,1,1,Winners,ANCHOR THERMOMETER,,,0,1
ALBUM_SMALL,ALBUM SMALL,Cadeaux,Nos,1,0,0,,245.0,1,1,Winners,ALBUM SMALL,,,0,1
ALBUM_MEDIUM,ALBUM MEDIUM,Cadeaux,Nos,1,0,0,,280.0,1,1,Winners,ALBUM MEDIUM,,,0,1
ALBUM_MD_SPECIAL_MIX,ALBUM MD SPECIAL MIX,Cadeaux,Nos,1,0,0,,615.0,1,1,Winners,ALBUM MD SPECIAL MIX,,,0,1
ALBUM_LARGE,ALBUM LARGE,Cadeaux,Nos,1,0,0,,465.0,1,1,Winners,ALBUM LARGE,,,0,1
24PCS_CANDLE_SET_CAKE_SERVER,24PCS CANDLE SET CAKE SERVER,Cadeaux,Nos,1,0,0,,32.0,1,1,Winners,24PCS CANDLE SET CAKE SERVER,,,0,1
BE_NESPRESS_CAFE_VAN_X_16_128G,BEST ESPRESSO NESPRESS CAFE VANILLE X 16 128G,Cafes Chicorees,Nos,1,0,0,,260.0,1,1,Winners,BEST ESPRESSO NESPRESS CAFE VANILLE X 16 128G,128,Gram,0,1
BELSLEEVE_MADAGASCAR_VAN_52G,BELMIO SLEEVE MADAGASCAR VANILLA,Cafes Chicorees,Nos,1,0,0,,80.0,1,1,Winners,BELMIO SLEEVE MADAGASCAR VANILLA,,,0,1
BELSLEEVE_ARABIC_CARDEMOM_52G,BELMIO SLEEVE ARABIC CARDEMOM,Cafes Chicorees,Nos,1,0,0,,80.0,1,1,Winners,BELMIO SLEEVE ARABIC CARDEMOM,,,0,1
BELSL_20_ESPBIO_ETHIO52G,BELMIO SLEEVE 2.0 ESPRESSO BIO ETHIOPIA,Cafes Chicorees,Nos,1,0,0,,80.0,1,1,Winners,BELMIO SLEEVE 2.0 ESPRESSO BIO ETHIOPIA,,,0,1
BELSL_20_ESPBIO_COLOM52G,BELMIO SLEEVE 2.0 ESPRESSO BIO COLOMBIA,Cafes Chicorees,Nos,1,0,0,,9.5,1,1,Winners,BELMIO SLEEVE 2.0 ESPRESSO BIO COLOMBIA,,,0,1
BEL20_LUNGO_FORTE_1X10_52G,BELMIO 2.0 LUNGO FORTE 1X10,Cafes Chicorees,Nos,1,0,0,,0.0,1,1,Winners,BELMIO 2.0 LUNGO FORTE 1X10,2.0,Litre,0,1
BEL20_ESPRESSO_FORTE_X10_50G,BELMIO 2.0 ESPRESSO FORTE 1X10,Cafes Chicorees,Nos,1,0,0,,74.5,1,1,Winners,BELMIO 2.0 ESPRESSO FORTE 1X10,,,0,1
BEL20_ESPDECAFFEINATO__52G,BELMIO 2.0 ESPRESSO DECAFFEINATO 1X10,Cafes Chicorees,Nos,1,0,0,,38.95,1,1,Winners,BELMIO 2.0 ESPRESSO DECAFFEINATO 1X10,,,0,1
BEL20_ESPRESALLEGRO_X10_50G,BELMIO 2.0 ESPRESSO ALLEGRO 1X10,Cafes Chicorees,Nos,1,0,0,,199.0,1,1,Winners,BELMIO 2.0 ESPRESSO ALLEGRO 1X10,,,0,1
AROMARA_NC_SPECIAL_BLEND_56G,AROMARA NC SPECIAL BLEND 56G,Cafes Chicorees,Nos,1,0,0,,200.0,1,1,Winners,AROMARA NC SPECIAL BLEND 56G,56,Gram,0,1
AROMARA_NC_LUNGO_56G,AROMARA NC LUNGO 56G,Cafes Chicorees,Nos,1,0,0,,200.0,1,1,Winners,AROMARA NC LUNGO 56G,56,Gram,0,1
AROMARA_NC_GRAND_CRU_56G,AROMARA NC GRAND CRU 56G,Cafes Chicorees,Nos,1,0,0,,200.0,1,1,Winners,AROMARA NC GRAND CRU 56G,56,Gram,0,1
AROM_FREEZE_DR_COFFEE_SP_100G,AROM FREEZE DR COFFEE SP 100G,Cafes Chicorees,Nos,1,0,0,,29.1,1,1,Winners,AROM FREEZE DR COFFEE SP 100G,100,Gram,0,1
AROM_FREEZE_DR_COFFEE_DEC_100G,AROM FREEZE DR COFFEE DEC 100G,Cafes Chicorees,Nos,1,0,0,,105.0,1,1,Winners,AROM FREEZE DR COFFEE DEC 100G,100,Gram,0,1
AROM_COFFEE_CAP_NC_DECAF_56G,AROM COFFEE CAP NC DECAF 56G,Cafes Chicorees,Nos,1,0,0,,200.0,1,1,Winners,AROM COFFEE CAP NC DECAF 56G,56,Gram,0,1
ACACIA_COF_GOURMET_BLEND_375G,ACACIA COF GOURMET BLEND 375G,Cafes Chicorees,Nos,1,0,0,,480.0,1,1,Winners,ACACIA COF GOURMET BLEND 375G,375,Gram,0,1
ACACIA_COF_ESPRESSO_BLEND_375G,ACACIA COF ESPRESSO BLEND 375G,Cafes Chicorees,Nos,1,0,0,,480.0,1,1,Winners,ACACIA COF ESPRESSO BLEND 375G,375,Gram,0,1
STARBUCKS_COLUMBIA_X_18_CAPS,STARBUCKS COLUMBIA X 18 CAPS,Cafes Chicorees,Nos,1,0,0,,159.0,1,1,Winners,STARBUCKS COLUMBIA X 18 CAPS,,,0,1
JACOBS_KRONUNG_INSTANT_95G,JACOBS KRONUNG INSTANT 95G,Cafes Chicorees,Nos,1,0,0,,30.0,1,1,Winners,JACOBS KRONUNG INSTANT 95G,95,Gram,0,1
JACOBS_GOLD_INSTANT_95G,JACOBS GOLD INSTANT 95G,Cafes Chicorees,Nos,1,0,0,,135.0,1,1,Winners,JACOBS GOLD INSTANT 95G,95,Gram,0,1
CO_CAPSESPRESSO_DK_X10_52G,CASINO CAPS.ESPRESSO DK X10 52G,Cafes Chicorees,Nos,1,0,0,,0.0,1,1,Winners,CASINO CAPS.ESPRESSO DK X10 52G,52,Gram,0,1
CO_CAFE_MARASCILIOR_250G,CASINO CAFE M.ARA.SCILIOR 250G,Cafes Chicorees,Nos,1,0,0,,0.0,1,1,Winners,CASINO CAFE M.ARA.SCILIOR 250G,250,Gram,0,1
APPETIKA_SYRUP_CASSIS_1L,APPETIKA SYRUP CASSIS 1LT,Boissons Sans Alcool,Nos,1,0,0,,9.5,1,1,Winners,APPETIKA SYRUP CASSIS 1LT,1,Litre,0,1
OATS_COOKIES_X_5PCS,OATS COOKIES X 5PCS,Biscuits,Nos,1,0,0,,330.0,1,1,Winners,OATS COOKIES X 5PCS,,,0,1
SB_FILET_DE_BOEUF_SA,SELECTION BOUCHER FILET DE BOEUF SA,Boucherie Ls,Nos,1,0,0,,1625.0,1,1,Winners,SELECTION BOUCHER FILET DE BOEUF SA,,,0,1
SB_FAUX_FILET_DE_BOEUF_AUS,SELECTION BOUCHER FAUX FILET DE BOEUF AUS,Boucherie Ls,Nos,1,0,0,,1230.0,1,1,Winners,SELECTION BOUCHER FAUX FILET DE BOEUF AUS,,,0,1
APOLLO_LAYER_CAKE_CHOCOLAT_16G,APOLLO LAYER CAKE CHOCOLAT 16G,Biscuiterie Sucree,Nos,1,0,0,,9.5,1,1,Winners,APOLLO LAYER CAKE CHOCOLAT 16G,16,Gram,0,1
ALL_IN_ASSORTED_BISCUIT_200G,ALL IN ASSORTED BISCUIT 200G,Biscuiterie Sucree,Nos,1,0,0,,50.0,1,1,Winners,ALL IN ASSORTED BISCUIT 200G,200,Gram,0,1
2_ZERO_DOUBLE_CHOCOLATE_60G,2 ZERO DOUBLE CHOCOLATE 60G,Biscuiterie Sucree,Nos,1,0,0,,16.0,1,1,Winners,2 ZERO DOUBLE CHOCOLATE 60G,60,Gram,0,1
2ZERO_CHOCO_SANDWICH_BICS_60G,2 ZERO CHOCO SANDWICH BISCUIT 60G,Biscuiterie Sucree,Nos,1,0,0,,9.5,1,1,Winners,2 ZERO CHOCO SANDWICH BISCUIT 60G,60,Gram,0,1
SEASONS_FESTIVE_GIFT_BOX_2021,SEASONS FESTIVE GIFT BOX 2021,Biscuiterie Sucree,Nos,1,0,0,,169.0,1,1,Winners,SEASONS FESTIVE GIFT BOX 2021,,,0,1
RDANSK_CHOCOCHIP_COOKIES_454G,ROYAL DANSK CHOCOCHIP COOKIES 454G,Biscuiterie Sucree,Nos,1,0,0,,309.5,1,1,Winners,ROYAL DANSK CHOCOCHIP COOKIES 454G,454,Gram,0,1
ROYDANSK_BUTTER_COOKIES_908G,ROYAL DANSK BUTTER COOKIES 908G,Biscuiterie Sucree,Nos,1,0,0,,44.0,1,1,Winners,ROYAL DANSK BUTTER COOKIES 908G,908,Gram,0,1
REDONDO_CHOCOLATE_300G,REDONDO CHOCOLATE 300G,Biscuiterie Sucree,Nos,1,0,0,,249.0,1,1,Winners,REDONDO CHOCOLATE 300G,300,Gram,0,1
LA_BRITISH_BUTCOOKIES_TN_340G,LA BRITISH BUTTER COOKIES TIN 340GMS,Biscuiterie Sucree,Nos,1,0,0,,420.0,1,1,Winners,LA BRITISH BUTTER COOKIES TIN 340GMS,340,Gram,0,1
FORCHY_XMAS_CAKE_P_BEURRE_300G,FORCHY XMAS CAKE PURE BEURRE 300G,Biscuiterie Sucree,Nos,1,0,0,,400.0,1,1,Winners,FORCHY XMAS CAKE PURE BEURRE 300G,300,Gram,0,1
FORCHY_CAKES_POMMES_250G,FORCHY CAKES POMMES 250G,Biscuiterie Sucree,Nos,1,0,0,,375.0,1,1,Winners,FORCHY CAKES POMMES 250G,250,Gram,0,1
FORCHY_CAKES_FRUIT_CAKES_275G,FORCHY CAKES FRUIT CAKES 275G,Biscuiterie Sucree,Nos,1,0,0,,375.0,1,1,Winners,FORCHY CAKES FRUIT CAKES 275G,275,Gram,0,1
DANFES_DULCE_BCOOKIES_T_340G,DANISTA FESTIVE DULCE BUTTER COOKIES 340G,Biscuiterie Sucree,Nos,1,0,0,,420.0,1,1,Winners,DANISTA FESTIVE DULCE BUTTER COOKIES 340G,340,Gram,0,1
DANIMA_BUTTER_COOKIES_300_G,DANIMA BUTTER COOKIES 300 G,Biscuiterie Sucree,Nos,1,0,0,,30.65,1,1,Winners,DANIMA BUTTER COOKIES 300 G,300,Gram,0,1
DANIMA_DEER_FES_BCOOKIES_340G,DANIMA BUTER COOKIES TIN 340GMS,Biscuiterie Sucree,Nos,1,0,0,,420.0,1,1,Winners,DANIMA BUTER COOKIES TIN 340GMS,340,Gram,0,1
DANESITA_CHOCOLAT_CHIP_CK_200G,DANESITA CHOCOLAT CHIP CK 200G,Biscuiterie Sucree,Nos,1,0,0,,123.0,1,1,Winners,DANESITA CHOCOLAT CHIP CK 200G,200,Gram,0,1
BUCHE_PATISSIERE_VAN_350G,BUCHE PATISSIERE VAN 350G,Biscuiterie Sucree,Nos,1,0,0,,400.0,1,1,Winners,BUCHE PATISSIERE VAN 350G,350,Gram,0,1
SAVANE_CAKE_TOUT_CHOC_310G,BROSSARD SAVANE CAKE TOUT CHOC 310G,Biscuiterie Sucree,Nos,1,0,0,,210.0,1,1,Winners,BROSSARD SAVANE CAKE TOUT CHOC 310G,310,Gram,0,1
BRITANNIA_TREAT_WAFERS_VAN_75G,BRITANNIA TREAT WAFERS VAN 75G,Biscuiterie Sucree,Nos,1,0,0,,30.65,1,1,Winners,BRITANNIA TREAT WAFERS VAN 75G,75,Gram,0,1
BRITANNIA_TREAT_WAFERS_ORA_75G,BRITANNIA TREAT WAFERS ORA 75G,Biscuiterie Sucree,Nos,1,0,0,,30.65,1,1,Winners,BRITANNIA TREAT WAFERS ORA 75G,75,Gram,0,1
BRITANNIA_TREAT_WAFERS_HAZ_75G,BRITANNIA TREAT WAFERS HAZ 75G,Biscuiterie Sucree,Nos,1,0,0,,0.0,1,1,Winners,BRITANNIA TREAT WAFERS HAZ 75G,75,Gram,0,1
BRITANNIA_TREAT_WAFERS_CHO_75G,BRITANNIA TREAT WAFERS CHO 75G,Biscuiterie Sucree,Nos,1,0,0,,33.5,1,1,Winners,BRITANNIA TREAT WAFERS CHO 75G,75,Gram,0,1
BRITANNIA_TREAT_WAF_STRAW_75G,BRITANNIA TREAT WAF STRAW 75G,Biscuiterie Sucree,Nos,1,0,0,,35.0,1,1,Winners,BRITANNIA TREAT WAF STRAW 75G,75,Gram,0,1
BRITANNIA_TREAT_KOOL_VANIL_40G,BRITANNIA TREAT KOOL VANIL 40G,Biscuiterie Sucree,Nos,1,0,0,,33.5,1,1,Winners,BRITANNIA TREAT KOOL VANIL 40G,40,Gram,0,1
BRITANNIA_TREAT_FUNKY_CHOC_40G,BRITANNIA TREAT FUNKY CHOC 40G,Biscuiterie Sucree,Nos,1,0,0,,33.5,1,1,Winners,BRITANNIA TREAT FUNKY CHOC 40G,40,Gram,0,1
SB_FAUX_FILET_DE_BOEUF_SA,SELECTION BOUCHER FAUX FILET DE BOEUF SA,Boucherie Ls,Nos,1,0,0,,990.0,1,1,Winners,SELECTION BOUCHER FAUX FILET DE BOEUF SA,,,0,1
SB_CUISSOT_DE_CERF_SANS_OS,SELECTION BOUCHER CUISSOT DE CERF SANS OS,Boucherie Ls,Nos,1,0,0,,0.0,1,1,Winners,SELECTION BOUCHER CUISSOT DE CERF SANS OS,,,0,1
SB_CUISSOT_DE_CERF_AVEC_OS,SELECTION BOUCHER CUISSOT DE CERF AVEC OS,Boucherie Ls,Nos,1,0,0,,0.0,1,1,Winners,SELECTION BOUCHER CUISSOT DE CERF AVEC OS,,,0,1
SB_COTE_DE_CERF,SELECTION BOUCHER COTE DE CERF,Boucherie Ls,Nos,1,0,0,,0.0,1,1,Winners,SELECTION BOUCHER COTE DE CERF,,,0,1
SB_CHEESEBURGER_DE_BOEUF,SELECTION BOUCHER CHEESEBURGER DE BOEUF,Boucherie Ls,Nos,1,0,0,,230.0,1,1,Winners,SELECTION BOUCHER CHEESEBURGER DE BOEUF,,,0,1
SB_CARRI_DE_CERF_SANS_OS,SELECTION BOUCHER CARRI DE CERF SANS OS,Boucherie Ls,Nos,1,0,0,,0.0,1,1,Winners,SELECTION BOUCHER CARRI DE CERF SANS OS,,,0,1
SB_CARRI_DE_CERF_AVEC_OS,SELECTION BOUCHER CARRI DE CERF AVEC OS,Boucherie Ls,Nos,1,0,0,,0.0,1,1,Winners,SELECTION BOUCHER CARRI DE CERF AVEC OS,,,0,1
SB_BURGER_DE_BOEUF,SELECTION BOUCHER BURGER DE BOEUF,Boucherie Ls,Nos,1,0,0,,80.0,1,1,Winners,SELECTION BOUCHER BURGER DE BOEUF,,,0,1
SB_BOEUF_EN_MORCEAUX_SA,SELECTION BOUCHER BOEUF EN MORCEAUX SA,Boucherie Ls,Nos,1,0,0,,635.0,1,1,Winners,SELECTION BOUCHER BOEUF EN MORCEAUX SA,,,0,1
SB_BOEUF_EN_MORCEAUX_AUS,SELECTION BOUCHER BOEUF EN MORCEAUX AUS,Boucherie Ls,Nos,1,0,0,,21.2,1,1,Winners,SELECTION BOUCHER BOEUF EN MORCEAUX AUS,,,0,1
SB_BEEF_RUMP_STEAK,SELECTION BOUCHER BEEF RUMP STEAK,Boucherie Ls,Nos,1,0,0,,594.8,1,1,Winners,SELECTION BOUCHER BEEF RUMP STEAK,,,0,1
PAN_OXTAIL_AUS_SVIDE,OXTAIL SOUS VIDE AUSTRALIA,Boucherie Ls,Nos,1,0,0,,1049.9,1,1,Winners,OXTAIL SOUS VIDE AUSTRALIA,,,0,1
PAN_LAMB_BLESS_LEG_TRANC_5060,LAMB BONELESS LEG TRANCHE,Boucherie Ls,Nos,1,0,0,,42.65,1,1,Winners,LAMB BONELESS LEG TRANCHE,,,0,1
PAN_FLANKSTEAK_AUS,FLANKSTEAK AUS,Boucherie Ls,Nos,1,0,0,,67.0,1,1,Winners,FLANKSTEAK AUS,,,0,1
PAN_BEEF_STRIPLOIN_2141_TRANCH,PAN BEEF STRIPLOIN TRANCHE,Boucherie Ls,Nos,1,0,0,,24.0,1,1,Winners,PAN BEEF STRIPLOIN TRANCHE,,,0,1
PAN_BEEF_FLANKSTEAK_2210_TRANC,PAN BEEF FLANKSTEAK TRANCHE,Boucherie Ls,Nos,1,0,0,,230.0,1,1,Winners,PAN BEEF FLANKSTEAK TRANCHE,,,0,1
PAN_BEEF_CUBEROLL_2240_TRANCHE,PAN BEEF CUBEROLL TRANCHE,Boucherie Ls,Nos,1,0,0,,44.5,1,1,Winners,PAN BEEF CUBEROLL TRANCHE,,,0,1
COLD_CHAIN_TOPSIDE,COLD CHAIN TOPSIDE,Boucherie Ls,Nos,1,0,0,,46.0,1,1,Winners,COLD CHAIN TOPSIDE,,,0,1
COLD_CHAIN_TENDERLOIN,COLD CHAIN TENDERLOIN,Boucherie Ls,Nos,1,0,0,,2229.0,1,1,Winners,COLD CHAIN TENDERLOIN,,,0,1
COLD_CHAIN_STRIPLOIN,COLD CHAIN STRIPLOIN,Boucherie Ls,Nos,1,0,0,,80.0,1,1,Winners,COLD CHAIN STRIPLOIN,,,0,1
COLD_CHAIN_RUMP,COLD CHAIN RUMP,Boucherie Ls,Nos,1,0,0,,44.5,1,1,Winners,COLD CHAIN RUMP,,,0,1
COLD_CHAIN_RIB_EYE,COLD CHAIN RIB EYE,Boucherie Ls,Nos,1,0,0,,42.0,1,1,Winners,COLD CHAIN RIB EYE,,,0,1
COLD_CHAIN_ONGLET_GR_A,COLD CHAIN ONGLET GRADE A,Boucherie Ls,Nos,1,0,0,,80.0,1,1,Winners,COLD CHAIN ONGLET GRADE A,,,0,1
MINI_NAPOLITAINE_X5PCS,MINI NAPOLITAINE X 5 PCS,Biscuits,Nos,1,0,0,,156.0,1,1,Winners,MINI NAPOLITAINE X 5 PCS,,,0,1
CHOCOLATE_COOKIES_X_5PCS,CHOCOLATE COOKIES X 5PCS,Biscuits,Nos,1,0,0,,9.5,1,1,Winners,CHOCOLATE COOKIES X 5PCS,,,0,1
APPETIKA_SYRUP_AMANDE_1L,APPETIKA SYRUP AMANDE 1LT,Boissons Sans Alcool,Nos,1,0,0,,9.5,1,1,Winners,APPETIKA SYRUP AMANDE 1LT,1,Litre,0,1
ALTAVIDA_SBERRY_N_MINT_250ML,ALTAVIDA STRAWBERRY & MINT 250ML,Boissons Sans Alcool,Nos,1,0,0,,49.0,1,1,Winners,ALTAVIDA STRAWBERRY & MINT 250ML,250,Millilitre,0,1
ALTAVIDA_ORIGINAL_250ML,ALTAVIDA ORIGINAL 250ML,Boissons Sans Alcool,Nos,1,0,0,,259.95,1,1,Winners,ALTAVIDA ORIGINAL 250ML,250,Millilitre,0,1
ALTAVIDA_MELON_N_CNUT_250ML,ALTAVIDA MELON & COCONUT 250ML,Boissons Sans Alcool,Nos,1,0,0,,230.0,1,1,Winners,ALTAVIDA MELON & COCONUT 250ML,250,Millilitre,0,1
7_UP_1LT_PET,7 UP PET 1LT,Boissons Sans Alcool,Nos,1,0,0,,64.0,1,1,Winners,7 UP PET 1LT,1,Litre,0,1
7_UP_DIET_05LT,7 UP DIET 500ML,Boissons Sans Alcool,Nos,1,0,0,,47.5,1,1,Winners,7 UP DIET 500ML,500,Millilitre,0,1
7_UP_DIET_15LT,7 UP DIET 1.5LT,Boissons Sans Alcool,Nos,1,0,0,,39.0,1,1,Winners,7 UP DIET 1.5LT,1.5,Litre,0,1
7_UP_500ML,7 UP 500ML,Boissons Sans Alcool,Nos,1,0,0,,39.0,1,1,Winners,7 UP 500ML,500,Millilitre,0,1
7_UP_2L,7 UP 2LT,Boissons Sans Alcool,Nos,1,0,0,,42.65,1,1,Winners,7 UP 2LT,2,Litre,0,1
7_UP_15L,7 UP 1.5L,Boissons Sans Alcool,Nos,1,0,0,,9.5,1,1,Winners,7 UP 1.5L,1.5,Litre,0,1
3_HORSE_DARK_MALTA_330ML_CAN,3 HORSES DARK CAN 330ML CAN,Boissons Sans Alcool,Nos,1,0,0,,9.5,1,1,Winners,3 HORSES DARK CAN 330ML CAN,330,Millilitre,0,1
3_HORSE_DARK_MALTA_330ML_PINT,3 HORSES DARK BOTTLE 330ML PINT,Boissons Sans Alcool,Nos,1,0,0,,175.0,1,1,Winners,3 HORSES DARK BOTTLE 330ML PINT,330,Millilitre,0,1
3_HORSES_CLEAR_MALTA_330ML_CAN,3 HORSES CLEAR ORIGINAL CAN 330ML,Boissons Sans Alcool,Nos,1,0,0,,30.0,1,1,Winners,3 HORSES CLEAR ORIGINAL CAN 330ML,330,Millilitre,0,1
TLJ_NECTAR_MULTIVITAMINE_1L,TOUS LES JOURS NECTAR MULTIVITAMINE 1LT,Boissons Sans Alcool,Nos,1,0,0,,99.0,1,1,Winners,TOUS LES JOURS NECTAR MULTIVITAMINE 1LT,1,Litre,0,1
BYOND_RICE_CHIPS_SAL_PA_70G,B YOND RICE CHIPS SALSA PAPRIKA 70G,Bien Etre Dietetique Bio,Nos,1,0,0,,74.5,1,1,Winners,B YOND RICE CHIPS SALSA PAPRIKA 70G,70,Gram,0,1
BYOND_RICE_CHIPS_HWA_SS_70G,B YOND RICE CHIPS HWAIIAN SS 70G,Bien Etre Dietetique Bio,Nos,1,0,0,,9.5,1,1,Winners,B YOND RICE CHIPS HWAIIAN SS 70G,70,Gram,0,1
BYOND_RICE_CHIPS_CHED_TC_70G,B YOND RICE CHIPS CHEDDAR TC 70G,Bien Etre Dietetique Bio,Nos,1,0,0,,14.5,1,1,Winners,B YOND RICE CHIPS CHEDDAR TC 70G,70,Gram,0,1
BYOND_RCAKE_100G_SUPER_SEEDS,B YOND RICE CAKE 100G SUPER SEEDS,Bien Etre Dietetique Bio,Nos,1,0,0,,159.0,1,1,Winners,B YOND RICE CAKE 100G SUPER SEEDS,100,Gram,0,1
BOSTEELS_BRY_KRM_TRIPEL_330ML,BOSTEELS BRY KARMELIET TRIPEL 330ML,Bieres Et Cidres,Nos,1,0,0,,270.0,1,1,Winners,BOSTEELS BRY KARMELIET TRIPEL 330ML,330,Millilitre,0,1
KGOLD_SOFTER_BUTTER_227G,KERRY GOLD SOFTER BUTTER 227G,Beurre,Nos,1,0,0,,47.95,1,1,Winners,KERRY GOLD SOFTER BUTTER 227G,227,Gram,0,1
KGOLD_SALTED_200G,KERRYGOLD SALTED BUTTER 200G,Beurre,Nos,1,0,0,,74.5,1,1,Winners,KERRYGOLD SALTED BUTTER 200G,200,Gram,0,1
KGOLD_BUTTER_GARLIC_100G,KERRYGOLD BUTTER GARLIC & HERB 100G,Beurre,Nos,1,0,0,,9.5,1,1,Winners,KERRYGOLD BUTTER GARLIC & HERB 100G,100,Gram,0,1
EV_BEURRIER_DOUX_250G,ELLE & VIRE BEURRIER DOUX 250G,Beurre,Nos,1,0,0,,36.85,1,1,Winners,ELLE & VIRE BEURRIER DOUX 250G,250,Gram,0,1
EV_BEURRIER_DEMI_SEL_250G,ELLE & VIRE BEURRIER DEMI SEL 250G,Beurre,Nos,1,0,0,,9.5,1,1,Winners,ELLE & VIRE BEURRIER DEMI SEL 250G,250,Gram,0,1
ERICA_UNSALTED_BUTTER_200G,ERICA UNSALTED BUTTER 200G,Beurre,Nos,1,0,0,,39.0,1,1,Winners,ERICA UNSALTED BUTTER 200G,200,Gram,0,1
ERICA_SALTED_BUTTER_200G,ERICA SALTED BUTTER 200G,Beurre,Nos,1,0,0,,9.5,1,1,Winners,ERICA SALTED BUTTER 200G,200,Gram,0,1
EMBORG_UNSALTBUTTER_82_200G,EMBORG UNSALTED BUTTER 82% 200G,Beurre,Nos,1,0,0,,169.0,1,1,Winners,EMBORG UNSALTED BUTTER 82% 200G,200,Gram,0,1
EMBORG_COOKBAKE_BUTTERY_200G,EMBORG COOK & BAKE BUTTERY 200G,Beurre,Nos,1,0,0,,77.05,1,1,Winners,EMBORG COOK & BAKE BUTTERY 200G,200,Gram,0,1
EV_TARTCUIS_60_12_SEL_200G,ELLE & VIRE BEURRE TARTINE & CUISSON 60% MATIERE GRASSE 1/2 SEL 200G,Beurre,Nos,1,0,0,,230.0,1,1,Winners,ELLE & VIRE BEURRE TARTINE & CUISSON 60% MATIERE GRASSE 1/2 SEL 200G,200,Gram,0,1
EV_TART_CUIS_60MG_DO_200G,ELLE & VIRE BEURRE TARTINE & CUISINE DOUX ALLEGEE 60% MATIERE GRASSE 200G,Beurre,Nos,1,0,0,,230.0,1,1,Winners,ELLE & VIRE BEURRE TARTINE & CUISINE DOUX ALLEGEE 60% MATIERE GRASSE 200G,200,Gram,0,1
EV_SPREAD_20_MG_DOUX_250G,ELLE & VIRE SPREAD 20% MATIERE GRASSE DOUX 250G,Beurre,Nos,1,0,0,,230.0,1,1,Winners,ELLE & VIRE SPREAD 20% MATIERE GRASSE DOUX 250G,250,Gram,0,1
EV_BEURRE_TENDSEL_PLQ_250G,ELLE & VIRE BEURRE TENDRE SEL PLAQUETTE 250G,Beurre,Nos,1,0,0,,250.0,1,1,Winners,ELLE & VIRE BEURRE TENDRE SEL PLAQUETTE 250G,250,Gram,0,1
EV_BEURRE_TENDDOUX_PLQ250G,ELLE & VIRE BEURRE TENDRE DOUX PLAQUETTE 250G,Beurre,Nos,1,0,0,,27.3,1,1,Winners,ELLE & VIRE BEURRE TENDRE DOUX PLAQUETTE 250G,250,Gram,0,1
EV_BEURRE_CLASSIQUE_DX_200G,ELLE & VIRE BEURRE CLASSIQUE DOUX 200G,Beurre,Nos,1,0,0,,81.0,1,1,Winners,ELLE & VIRE BEURRE CLASSIQUE DOUX 200G,200,Gram,0,1
EV_BEURRE_CLAS_DEMI_SEL_200G,ELLE & VIRE BEURRE CLASSIQUE DEMI SEL 200G,Beurre,Nos,1,0,0,,26.0,1,1,Winners,ELLE & VIRE BEURRE CLASSIQUE DEMI SEL 200G,200,Gram,0,1
BUTTERFLY_BUTTER_UNSALTED_200G,BUTTERFLY UNSALTED BUTTER 200G,Beurre,Nos,1,0,0,,64.0,1,1,Winners,BUTTERFLY UNSALTED BUTTER 200G,200,Gram,0,1
BUTTERFLY_BUTTER_SALTED_200G,BUTTERFLY SALTED BUTTER 200G,Beurre,Nos,1,0,0,,49.95,1,1,Winners,BUTTERFLY SALTED BUTTER 200G,200,Gram,0,1
BEURRIER_TENDRE_PRES_1_2S_250G,PRESIDENT BEURRE TENDRE DEMI SEL 250G,Beurre,Nos,1,0,0,,39.0,1,1,Winners,PRESIDENT BEURRE TENDRE DEMI SEL 250G,250,Gram,0,1
BEGA_BUTTER_UNSALTED_250G,BEGA UNSALTED BUTTER 250G,Beurre,Nos,1,0,0,,46.0,1,1,Winners,BEGA UNSALTED BUTTER 250G,250,Gram,0,1
BEGA_BUTTER_SALTED_250G,BEGA SALTED BUTTER 250G,Beurre,Nos,1,0,0,,26.0,1,1,Winners,BEGA SALTED BUTTER 250G,250,Gram,0,1
AUSTRALIAN_STAR_SALT_BUT_227G,AUSTRALIAN STAR SALTED BUTTER 227G,Beurre,Nos,1,0,0,,46.0,1,1,Winners,AUSTRALIAN STAR SALTED BUTTER 227G,227,Gram,0,1
ANCHOR_MINI_BUTTER_SALTED_7G,ANCHOR MINI SALTED BUTTER 7G,Beurre,Nos,1,0,0,,6.0,1,1,Winners,ANCHOR MINI SALTED BUTTER 7G,7,Gram,0,1
ANCHOR_BUTTER_UNSALTED_227G,ANCHOR UNSALTED BUTTER 227G,Beurre,Nos,1,0,0,,25.0,1,1,Winners,ANCHOR UNSALTED BUTTER 227G,227,Gram,0,1
ANCHOR_BUTTER_SALTED_227G,ANCHOR SALTED BUTTER 227G,Beurre,Nos,1,0,0,,9.5,1,1,Winners,ANCHOR SALTED BUTTER 227G,227,Gram,0,1
BLUE_MARLIN_CAN_330ML,BLUE MARLIN CAN 330ML,Bieres Et Cidres,Nos,1,0,0,,64.0,1,1,Winners,BLUE MARLIN CAN 330ML,330,Millilitre,0,1
BLUE_MARLIN_BEER_330ML_PINTS,BLUE MARLIN BEER PINTS 330ML,Bieres Et Cidres,Nos,1,0,0,,62.0,1,1,Winners,BLUE MARLIN BEER PINTS 330ML,330,Millilitre,0,1
BLUE_MARLIN_BEER_BTL_650ML,BLUE MARLIN BEER BTL 650ML,Bieres Et Cidres,Nos,1,0,0,,75.0,1,1,Winners,BLUE MARLIN BEER BTL 650ML,650,Millilitre,0,1
BLUE_MARLIN_500ML,BLUE MARLIN 500ML,Bieres Et Cidres,Nos,1,0,0,,63.93,1,1,Winners,BLUE MARLIN 500ML,500,Millilitre,0,1
BIRA_91_BEER_LAG_45_330ML_CAN,BIRA 91 BEER LAG 4.5 CAN 330ML,Bieres Et Cidres,Nos,1,0,0,,105.0,1,1,Winners,BIRA 91 BEER LAG 4.5 CAN 330ML,330,Millilitre,0,1
BELGRAVIA_GIN_TON_PREMIX_440ML,BELGRAVIA GIN TONIC PREMIX 440ML,Bieres Et Cidres,Nos,1,0,0,,134.95,1,1,Winners,BELGRAVIA GIN TONIC PREMIX 440ML,440,Millilitre,0,1
BELGRAVIA_GIN_TON_PREMIX_275ML,BELGRAVIA GIN TONIC PREMIX 275ML,Bieres Et Cidres,Nos,1,0,0,,89.0,1,1,Winners,BELGRAVIA GIN TONIC PREMIX 275ML,275,Millilitre,0,1
BELGRAVIA_GIN_PINK_TON_P_275ML,BELGRAVIA GIN PINK TONIC PREMIX 275ML,Bieres Et Cidres,Nos,1,0,0,,102.95,1,1,Winners,BELGRAVIA GIN PINK TONIC PREMIX 275ML,275,Millilitre,0,1
BELGRAVIA_GIN_DRY_LEM_P_440ML,BELGRAVIA GIN DRY LEMON PREMIX 440ML,Bieres Et Cidres,Nos,1,0,0,,134.95,1,1,Winners,BELGRAVIA GIN DRY LEMON PREMIX 440ML,440,Millilitre,0,1
BELGRAVIA_GIN_DRY_LEM_P_275ML,BELGRAVIA GIN DRY LEMON PREMIX 275ML,Bieres Et Cidres,Nos,1,0,0,,102.95,1,1,Winners,BELGRAVIA GIN DRY LEMON PREMIX 275ML,275,Millilitre,0,1
BELGRAVIA_GIN_DARK_CHRY_440ML,BELGRAVIA GIN DARK CHERRY 440ML,Bieres Et Cidres,Nos,1,0,0,,156.0,1,1,Winners,BELGRAVIA GIN DARK CHERRY 440ML,440,Millilitre,0,1
BELGRAVIA_GIN_DARK_CHRY_275ML,BELGRAVIA GIN DARK CHERRY 275ML,Bieres Et Cidres,Nos,1,0,0,,102.95,1,1,Winners,BELGRAVIA GIN DARK CHERRY 275ML,275,Millilitre,0,1
BELGRAVIA_GIN_BLUE_TON_P_275ML,BELGRAVIA GIN BLUE TONIC PREMIX 275ML,Bieres Et Cidres,Nos,1,0,0,,102.95,1,1,Winners,BELGRAVIA GIN BLUE TONIC PREMIX 275ML,275,Millilitre,0,1
BAVARIA_BEER_BLONDE_SUP_50CL,BAVARIA ALCOHOLIC BEER BLONDE SUPERIOR 50CL,Bieres Et Cidres,Nos,1,0,0,,68.0,1,1,Winners,BAVARIA ALCOHOLIC BEER BLONDE SUPERIOR 50CL,,,0,1
BAVARIA_BEER_86_RED_50CL,BAVARIA ALCOHOLIC BEER RED 50CL,Bieres Et Cidres,Nos,1,0,0,,208.0,1,1,Winners,BAVARIA ALCOHOLIC BEER RED 50CL,,,0,1
BACARDI_BREEZER_GP_FRUIT_275ML,BACARDI BREEZER GRAPEFRUIT 275ML,Bieres Et Cidres,Nos,1,0,0,,105.0,1,1,Winners,BACARDI BREEZER GRAPEFRUIT 275ML,275,Millilitre,0,1
AMSTEL_GREEN_50CL_CAN,AMSTEL GREEN 50CL CAN,Bieres Et Cidres,Nos,1,0,0,,76.0,1,1,Winners,AMSTEL GREEN 50CL CAN,,,0,1
CO_WHT_ALE_COLL_HOUB_33CL,LA COLLECTIVE DU HOUBLON WHITE ALE 33CL,Bieres Et Cidres,Nos,1,0,0,,180.0,1,1,Winners,LA COLLECTIVE DU HOUBLON WHITE ALE 33CL,,,0,1
CO_IPA_COLL_HOUB_6D_33CL,LA COLLECTIVE DU HOUBLON IPA 33CL,Bieres Et Cidres,Nos,1,0,0,,99.95,1,1,Winners,LA COLLECTIVE DU HOUBLON IPA 33CL,,,0,1
CO_GOLDEN_ALE_COLL_HOUB_33CL,LA COLLECTIVE DU HOUBLON GOLDEN ALE 33CL,Bieres Et Cidres,Nos,1,0,0,,99.95,1,1,Winners,LA COLLECTIVE DU HOUBLON GOLDEN ALE 33CL,,,0,1
CO_BLK_ALE_COLL_HOUB_6D_33CL,LA COLLECTIVE DU HOUBLON BLACK ALE 33CL,Bieres Et Cidres,Nos,1,0,0,,159.95,1,1,Winners,LA COLLECTIVE DU HOUBLON BLACK ALE 33CL,,,0,1
CO_B_DAVELGHEM_BLC_4D5_6X25CL,DAVELGHEM BIERE D'ABBAYE BLANCHE 6X25CL,Bieres Et Cidres,Nos,1,0,0,,199.95,1,1,Winners,DAVELGHEM BIERE D'ABBAYE BLANCHE 6X25CL,,,0,1
CO_BIERE_DAVELGHEM_6D6_6X25CL,DAVELGHEM BIERE 6X25CL,Bieres Et Cidres,Nos,1,0,0,,199.95,1,1,Winners,DAVELGHEM BIERE 6X25CL,,,0,1
BYOND_RCAKE_100G_QUINOASESAM,B YOND RICE CAKE 100G QUINOA SESAME,Bien Etre Dietetique Bio,Nos,1,0,0,,64.5,1,1,Winners,B YOND RICE CAKE 100G QUINOA SESAME,100,Gram,0,1
BYOND_RCAKE_100G_H_SEA_SALT,B YOND RICE CAKE 100G HAWAIIAN SEA SALT,Bien Etre Dietetique Bio,Nos,1,0,0,,64.5,1,1,Winners,B YOND RICE CAKE 100G HAWAIIAN SEA SALT,100,Gram,0,1
BYOND_RCAKE_100G_CHIAQUINOAA,B YOND RICE CAKE 100G CHIAQUINOA A,Bien Etre Dietetique Bio,Nos,1,0,0,,49.95,1,1,Winners,B YOND RICE CAKE 100G CHIAQUINOA A,100,Gram,0,1
ANGELS_NOUGATS_BISCUIT_GINGER,ANGELS NOUGATS BISCUIT GINGER 150G,Bien Etre Dietetique Bio,Nos,1,0,0,,326.0,1,1,Winners,ANGELS NOUGATS BISCUIT GINGER 150G,150,Gram,0,1
ALPRO_BIO_ORG_ALUNSWEET_1L,ALPRO BIO ORGANIC ALMOND UNSWEETENED 1L,Bien Etre Dietetique Bio,Nos,1,0,0,,61.95,1,1,Winners,ALPRO BIO ORGANIC ALMOND UNSWEETENED 1L,1,Litre,0,1
ACETO_ORGCR_BALS_VIN_MO_150ML,ACETO ORGANIC CREAM BALSAMIC VINEGAR MODENA 150ML,Bien Etre Dietetique Bio,Nos,1,0,0,,165.6,1,1,Winners,ACETO ORGANIC CREAM BALSAMIC VINEGAR MODENA 150ML,150,Millilitre,0,1
ACETO_ORG_CR_ACIDER_VIN_150ML,ACETO ORGANIC CREAM APPLE CIDER VINEGAR 150ML,Bien Etre Dietetique Bio,Nos,1,0,0,,100.1,1,1,Winners,ACETO ORGANIC CREAM APPLE CIDER VINEGAR 150ML,150,Millilitre,0,1
AASHIRVAAD_LOW_GI_ATTA_2KG,AASHIRVAAD LOW GLYCEMI INDEX ATTA 2KG,Bien Etre Dietetique Bio,Nos,1,0,0,,42.65,1,1,Winners,AASHIRVAAD LOW GLYCEMI INDEX ATTA 2KG,2,Kg,0,1
A_LOLIVIER_VIN_BORDEAUX_250ML,A LOLIVIER VINEGAR BORDEAUX 250ML,Bien Etre Dietetique Bio,Nos,1,0,0,,467.19,1,1,Winners,A LOLIVIER VINEGAR BORDEAUX 250ML,250,Millilitre,0,1
A_LOLIVIER_VINDE_XERES_250ML,A LOLIVIER VINDE XERES 250ML,Bien Etre Dietetique Bio,Nos,1,0,0,,445.63,1,1,Winners,A LOLIVIER VINDE XERES 250ML,250,Millilitre,0,1
A_LOLIVIER_VINA__VIN_BL_250ML,A LOLIVIER VINAIGRE VIN BLANC 250ML,Bien Etre Dietetique Bio,Nos,1,0,0,,89.95,1,1,Winners,A LOLIVIER VINAIGRE VIN BLANC 250ML,250,Millilitre,0,1
A_LOLIVIER_VINAIGRE_VIN_250ML,A LOLIVIER VINAIGRE VIN 250ML,Bien Etre Dietetique Bio,Nos,1,0,0,,125.0,1,1,Winners,A LOLIVIER VINAIGRE VIN 250ML,250,Millilitre,0,1
1881_BIO_CHIFFERINI_LISCI_500G,1881 BIO CHIFFERINI LISCI COQUILLETES 500G,Bien Etre Dietetique Bio,Nos,1,0,0,,89.95,1,1,Winners,1881 BIO CHIFFERINI LISCI COQUILLETES 500G,500,Gram,0,1
1881_BIO__SPAGETTI_500G,1881 BIO SPAGETTI 500G,Bien Etre Dietetique Bio,Nos,1,0,0,,89.95,1,1,Winners,1881 BIO SPAGETTI 500G,500,Gram,0,1
KUPIEC_SLIM_CORN_CAKES_NAT_84G,KUPIEC SLIM CORN CAKES NATURAL 84G,Bien Etre Dietetique Bio,Nos,1,0,0,,109.5,1,1,Winners,KUPIEC SLIM CORN CAKES NATURAL 84G,84,Gram,0,1
KUPIEC_RICE_CAKE_M_CHOC_CA_70G,KUPIEC 4X RICE CAKES MILK CHOC WITH CARAMEL 70G,Bien Etre Dietetique Bio,Nos,1,0,0,,109.5,1,1,Winners,KUPIEC 4X RICE CAKES MILK CHOC WITH CARAMEL 70G,70,Gram,0,1
KUPIEC_E_CAKES_DCHOC_RASP_64G,KUPIEC 4X RICE CAKES DARK CHOC WITH RASPBERRY 64G,Bien Etre Dietetique Bio,Nos,1,0,0,,46.0,1,1,Winners,KUPIEC 4X RICE CAKES DARK CHOC WITH RASPBERRY 64G,64,Gram,0,1
KUPIEC__CAKES_DARK_CHOC_OR_72G,KUPIEC 4X RICE CAKES DARK CHOC WITH ORANGE 72G,Bien Etre Dietetique Bio,Nos,1,0,0,,46.0,1,1,Winners,KUPIEC 4X RICE CAKES DARK CHOC WITH ORANGE 72G,72,Gram,0,1
CO_SAUCE_PROVENCALE_420G,CASINO SAUCE PROVENCALE 420G,Bien Etre Dietetique Bio,Nos,1,0,0,,0.0,1,1,Winners,CASINO SAUCE PROVENCALE 420G,420,Gram,0,1
CO_SAUCE_NAPOLITAINE_420G,CASINO SAUCE NAPOLITAINE 420G,Bien Etre Dietetique Bio,Nos,1,0,0,,0.0,1,1,Winners,CASINO SAUCE NAPOLITAINE 420G,420,Gram,0,1
PENCIL_CASE_BUTTERFLY,PENCIL CASE BUTTERFLY,Bagage,Nos,1,0,0,,60.0,1,1,Winners,PENCIL CASE BUTTERFLY,,,0,1
AYOUTH_PIM_ENEMY_FOAM_FW_150ML,AYOUTH VEDA PIMPLE ENEMY FOAMING FACE WASH 150ML,Beaute,Nos,1,0,0,,244.5,1,1,Winners,AYOUTH VEDA PIMPLE ENEMY FOAMING FACE WASH 150ML,150,Millilitre,0,1
GYEON_TIRE_APPLICATOR_PACK,GYEON TIRE APPLICATOR PACK,Auto Exterieur,Nos,1,0,0,,225.0,1,1,Winners,GYEON TIRE APPLICATOR PACK,,,0,1
GYEON_SOFTWPE,GYEON SOFTWPE,Auto Exterieur,Nos,1,0,0,,275.0,1,1,Winners,GYEON SOFTWPE,,,0,1
LITTLE_JOE_VANILLA,LITTLE JOE BLISTER A FRESHNER VANILLA,Auto Interieur,Nos,1,0,0,,155.0,1,1,Winners,LITTLE JOE BLISTER A FRESHNER VANILLA,,,0,1
LITTLE_JOE_OCEAN_BREEZE,LITTLE JOE BLISTER A FRESHNER OCEAN BREEZE,Auto Interieur,Nos,1,0,0,,30.0,1,1,Winners,LITTLE JOE BLISTER A FRESHNER OCEAN BREEZE,,,0,1
LITTLE_JOE_AMBER,LITTLE JOE BLISTER A IRFRESHNER AMBER,Auto Interieur,Nos,1,0,0,,155.0,1,1,Winners,LITTLE JOE BLISTER A IRFRESHNER AMBER,,,0,1
LITTLE_JOE_BLACK_VELVET,LITTLE JOE BLACK VELVET,Auto Interieur,Nos,1,0,0,,155.0,1,1,Winners,LITTLE JOE BLACK VELVET,,,0,1
GLADE_SPORT_NEW_CAR_REFILL_7ML,GLADE SPORT NEW CAR REFILL 7ML,Auto Interieur,Nos,1,0,0,,131.0,1,1,Winners,GLADE SPORT NEW CAR REFILL 7ML,7,Millilitre,0,1
CAR_UNIVERSAL_HOLDER_S011,CAR UNIVERSAL HOLDERS 011,Auto Interieur,Nos,1,0,0,,134.0,1,1,Winners,CAR UNIVERSAL HOLDERS 011,,,0,1
C_GUYS_ODOR_ELIMINATOR_4OZ,C GUYS BLACK FROST ODOR ELIMINATOR 4OZ,Auto Interieur,Nos,1,0,0,,395.0,1,1,Winners,C GUYS BLACK FROST ODOR ELIMINATOR 4OZ,,,0,1
AREXONS_GEL_TRY_ME_MARINE_OCEA,AREXONS GEL TRY ME MARINE OCEA,Auto Interieur,Nos,1,0,0,,96.5,1,1,Winners,AREXONS GEL TRY ME MARINE OCEA,,,0,1
AREXONS_GEL_TRY_ME_FRESH_AIR,AREXONS GEL TRY ME FRESH AIR,Auto Interieur,Nos,1,0,0,,200.0,1,1,Winners,AREXONS GEL TRY ME FRESH AIR,,,0,1
AREXONS_GEL_TRY_ME_BOUQUET,AREXONS GEL TRY ME BOUQUET,Auto Interieur,Nos,1,0,0,,67.0,1,1,Winners,AREXONS GEL TRY ME BOUQUET,,,0,1
AREXONS_AIRTECH_AIR_FRESHNER_A,AREXONS AIRTECH AIR FRESHNER A,Auto Interieur,Nos,1,0,0,,214.0,1,1,Winners,AREXONS AIRTECH AIR FRESHNER A,,,0,1
AREXONS_AIRFRESHNER_SPRAY,AREXONS AIRFRESHNER SPRAY,Auto Interieur,Nos,1,0,0,,200.0,1,1,Winners,AREXONS AIRFRESHNER SPRAY,,,0,1
CT_M801_PERFECT_CARPET_SET_BL,AKIRA M801 PERFECT CARPET SET BLACK,Auto Interieur,Nos,1,0,0,,1300.0,1,1,Winners,AKIRA M801 PERFECT CARPET SET BLACK,,,0,1
AIR_FRESHNER_GAD_CAR__6000,AREXONS AIR FRESHNER GAD CAR 6000,Auto Interieur,Nos,1,0,0,,159.0,1,1,Winners,AREXONS AIR FRESHNER GAD CAR 6000,,,0,1
AIR_FRESHNER_GAD_CAR__1420,AREXONS AIR FRESHNER GAD CAR 1420,Auto Interieur,Nos,1,0,0,,52.0,1,1,Winners,AREXONS AIR FRESHNER GAD CAR 1420,,,0,1
AER_TWIST_GEL_60MLRICH,AER TWIST GEL 60ML RICH IRISH COCKTAIL,Auto Interieur,Nos,1,0,0,,212.0,1,1,Winners,AER TWIST GEL 60ML RICH IRISH COCKTAIL,60,Millilitre,0,1
AER_TWIST_GEL_60ML_PETAL,AER TWIST GEL 60ML PETAL CRUSH PINK,Auto Interieur,Nos,1,0,0,,212.0,1,1,Winners,AER TWIST GEL 60ML PETAL CRUSH PINK,60,Millilitre,0,1
AER_TWIST_GEL_60ML_FRESH,AER TWIST GEL 60ML FRESH LUSH GREEN,Auto Interieur,Nos,1,0,0,,212.0,1,1,Winners,AER TWIST GEL 60ML FRESH LUSH GREEN,60,Millilitre,0,1
AER_TWIST_GEL_60MLCOOL,AER TWIST GEL 60ML COOL S BLUE,Auto Interieur,Nos,1,0,0,,212.0,1,1,Winners,AER TWIST GEL 60ML COOL S BLUE,60,Millilitre,0,1
AER_CLICK_REFILL_9ML_FRESH,AER CLICK REFILL 9ML FRESH L GREEN,Auto Interieur,Nos,1,0,0,,73.0,1,1,Winners,AER CLICK REFILL 9ML FRESH L GREEN,9,Millilitre,0,1
AER_CLICK_GEL_9ML_MUSK,AER CLICK GEL M C REF 9ML MUSK AFTER SMOKE,Auto Interieur,Nos,1,0,0,,9.5,1,1,Winners,AER CLICK GEL M C REF 9ML MUSK AFTER SMOKE,9,Millilitre,0,1
AER_CLICK_GEL_9ML_FRESH_LGREE,AER CLICK GEL M C REF 9ML FRESH LUSH GREEN,Auto Interieur,Nos,1,0,0,,116.0,1,1,Winners,AER CLICK GEL M C REF 9ML FRESH LUSH GREEN,9,Millilitre,0,1
AER_CLICK_GEL_9ML_COOL_S__BLUE,AER CLICK GEL M C REF 9ML COOL SURF BLUE,Auto Interieur,Nos,1,0,0,,35.2,1,1,Winners,AER CLICK GEL M C REF 9ML COOL SURF BLUE,9,Millilitre,0,1
AER_CLICK_GEL_9ML_BRIGHT,AER CLICK GEL M C REF 9ML BRIGHT TANGY DELIGHT,Auto Interieur,Nos,1,0,0,,116.0,1,1,Winners,AER CLICK GEL M C REF 9ML BRIGHT TANGY DELIGHT,9,Millilitre,0,1
GYEON_TIRE_CLEANER,GYEON Q2M TIRE CLEANER 500ML,Auto Exterieur,Nos,1,0,0,,470.0,1,1,Winners,GYEON Q2M TIRE CLEANER 500ML,500,Millilitre,0,1
GYEON_IRON_WHEEL_CLEANER,GYEON IRON WHEEL CLEANER,Auto Exterieur,Nos,1,0,0,,675.0,1,1,Winners,GYEON IRON WHEEL CLEANER,,,0,1
GYEON_FOAM_1000ML,GYEON FOAM 1000ML,Auto Exterieur,Nos,1,0,0,,820.0,1,1,Winners,GYEON FOAM 1000ML,1000,Millilitre,0,1
C_GUYS_STIFFY_BRUSH_BLUE,CHEMICAL GUYS STIFFY BRUSH BLUE,Auto Exterieur,Nos,1,0,0,,718.0,1,1,Winners,CHEMICAL GUYS STIFFY BRUSH BLUE,,,0,1
C_GUYS_MICROFIBER_PACK_BLUE,CHEMICAL GUYS MICROFIBER PACK BLUE,Auto Exterieur,Nos,1,0,0,,495.0,1,1,Winners,CHEMICAL GUYS MICROFIBER PACK BLUE,,,0,1
AYOUTH__PIM_ENEMY_FW_GEL_150ML,AYOUTH VEDA PIMPLE ENEMY FACE WASH GEL150ML,Beaute,Nos,1,0,0,,9.5,1,1,Winners,AYOUTH VEDA PIMPLE ENEMY FACE WASH GEL150ML,150,Millilitre,0,1
AYOUTH_PIMPLE_ENEM_CONT_CR_60G,AYOUTH VEDA PIMPLE ENEMY CONTROL CREAM 60G,Beaute,Nos,1,0,0,,188.0,1,1,Winners,AYOUTH VEDA PIMPLE ENEMY CONTROL CREAM 60G,60,Gram,0,1
AYOUTH_OATS_FACE_SER_MASK_20G,AYOUTH VEDA OATS SILK HONEY FACE SERUM SHEET MASK 20G,Beaute,Nos,1,0,0,,80.0,1,1,Winners,AYOUTH VEDA OATS SILK HONEY FACE SERUM SHEET MASK 20G,20,Gram,0,1
AYOUTH_LICOR_FACE_SER_MASK_20G,AYOUTH VEDA LICORICE MULBERRY FACE SERUM SHEET MASK 20G,Beaute,Nos,1,0,0,,80.0,1,1,Winners,AYOUTH VEDA LICORICE MULBERRY FACE SERUM SHEET MASK 20G,20,Gram,0,1
AYOUTH__FRUIT_POW_FW_GEL_150ML,AYOUTH VEDA FRUIT POWER FACE WASH GEL 150ML,Beaute,Nos,1,0,0,,246.0,1,1,Winners,AYOUTH VEDA FRUIT POWER FACE WASH GEL 150ML,150,Millilitre,0,1
AYOUTH_FIRMING_TONING_CR_100G,AYOUTH VEDA FIRMING TONING CREAM 100G,Beaute,Nos,1,0,0,,653.0,1,1,Winners,AYOUTH VEDA FIRMING TONING CREAM 100G,100,Gram,0,1
AYOUTH_DETOX__CHARC_FW_150ML,AYOUTH VEDA DETOX CHARCOAL FACE WASH 150ML,Beaute,Nos,1,0,0,,9.5,1,1,Winners,AYOUTH VEDA DETOX CHARCOAL FACE WASH 150ML,150,Millilitre,0,1
AYOUTH__CHAR_FACE_SER_MASK_20G,AYOUTH VEDA CHARCOAL COFFEE FACE SERUM SHEET MASK 20G,Beaute,Nos,1,0,0,,33.84,1,1,Winners,AYOUTH VEDA CHARCOAL COFFEE FACE SERUM SHEET MASK 20G,20,Gram,0,1
AYOUTH_AACNE_FACE_SER_MASK_20G,AYOUTH VEDA ANTI ACNE FACE SERUM SHEET MASK 20G,Beaute,Nos,1,0,0,,80.0,1,1,Winners,AYOUTH VEDA ANTI ACNE FACE SERUM SHEET MASK 20G,20,Gram,0,1
AYOUTH__ALOE_VERA_GEL_150ML,AYOUTH VEDA ALOE VERA GEL 150ML,Beaute,Nos,1,0,0,,60.0,1,1,Winners,AYOUTH VEDA ALOE VERA GEL 150ML,150,Millilitre,0,1
ARKO_NEM_PREBIOT_RICE_MLK_60ML,ARKO NEM PREBIOTIC RICE MILK 60ML,Beaute,Nos,1,0,0,,100.0,1,1,Winners,ARKO NEM PREBIOTIC RICE MILK 60ML,60,Millilitre,0,1
ARKO_NEM_PREBIOT_OAT_MILK_60ML,ARKO NEM PREBIOTIC OAT MILK 60ML,Beaute,Nos,1,0,0,,108.95,1,1,Winners,ARKO NEM PREBIOTIC OAT MILK 60ML,60,Millilitre,0,1
ARKO_NEM_PREBIO_ALMND_MLK_60ML,ARKO NEM PREBIOTIC ALMOND MILK 60ML,Beaute,Nos,1,0,0,,108.95,1,1,Winners,ARKO NEM PREBIOTIC ALMOND MILK 60ML,60,Millilitre,0,1
ARKO_NEM_INTENSE_HYDRATAT_60ML,ARKO NEM INTENSE HYDRATATION 60ML,Beaute,Nos,1,0,0,,108.95,1,1,Winners,ARKO NEM INTENSE HYDRATATION 60ML,60,Millilitre,0,1
ARKO_NEM_CREAM_SOFT_TOUCH_60ML,ARKO NEM CREAM SOFT TOUCH 60ML,Beaute,Nos,1,0,0,,108.95,1,1,Winners,ARKO NEM CREAM SOFT TOUCH 60ML,60,Millilitre,0,1
ARKO_NEM_CREAM_OLIVE_OIL_60ML,ARKO NEM CREAM OLIVE OIL 60ML,Beaute,Nos,1,0,0,,26.0,1,1,Winners,ARKO NEM CREAM OLIVE OIL 60ML,60,Millilitre,0,1
ARKO_CLASSIC_NATURAL_CRM_150ML,ARKO CLASSIC NATURAL CREAM 150ML,Beaute,Nos,1,0,0,,12.0,1,1,Winners,ARKO CLASSIC NATURAL CREAM 150ML,150,Millilitre,0,1
ALL_GOOD_SS_SPORT_LOT_SPF30,ALL GOOD SUNSCREEN SPORT LOTION SPF30,Beaute,Nos,1,0,0,,679.0,1,1,Winners,ALL GOOD SUNSCREEN SPORT LOTION SPF30,,,0,1
ALL_GOOD_SS_SPRT_BUT_SPF50_STK,ALL GOOD SUNSCREEN SPORT BUTTER SPF50 STICK,Beaute,Nos,1,0,0,,679.0,1,1,Winners,ALL GOOD SUNSCREEN SPORT BUTTER SPF50 STICK,,,0,1
ALL_GOOD_SS_KIDS_LOT_SPF30,ALL GOOD SUNSCREEN KIDS LOTION SPF30,Beaute,Nos,1,0,0,,679.0,1,1,Winners,ALL GOOD SUNSCREEN KIDS LOTION SPF30,,,0,1
ALL_GOOD_SS_KIDS_BUT_SPF50_STK,ALL GOOD SUNSCREEN KIDS BUT SPF50 STICK,Beaute,Nos,1,0,0,,383.73,1,1,Winners,ALL GOOD SUNSCREEN KIDS BUT SPF50 STICK,,,0,1
PENCIL_CASE_BOX,PENCIL CASE BOX,Bagage,Nos,1,0,0,,155.0,1,1,Winners,PENCIL CASE BOX,,,0,1
PENCIL_CASE_ANIMAL_83,PENCIL CASE ANIMAL 83,Bagage,Nos,1,0,0,,140.0,1,1,Winners,PENCIL CASE ANIMAL 83,,,0,1
PENCIL_CASE_ANIMAL_82,PENCIL CASE ANIMAL 82,Bagage,Nos,1,0,0,,160.0,1,1,Winners,PENCIL CASE ANIMAL 82,,,0,1
PENCIL_CASE_9647,PENCIL CASE 9647,Bagage,Nos,1,0,0,,165.0,1,1,Winners,PENCIL CASE 9647,,,0,1
PENCIL_CASE_6330,PENCIL CASE 6330,Bagage,Nos,1,0,0,,68.0,1,1,Winners,PENCIL CASE 6330,,,0,1
PENCIL_CASE_6198,PENCIL CASE 6198,Bagage,Nos,1,0,0,,25.0,1,1,Winners,PENCIL CASE 6198,,,0,1
PENCIL_CASE_6084,PENCIL CASE 6084,Bagage,Nos,1,0,0,,72.0,1,1,Winners,PENCIL CASE 6084,,,0,1
PENCIL_CASE_6027,PENCIL CASE 6027,Bagage,Nos,1,0,0,,145.0,1,1,Winners,PENCIL CASE 6027,,,0,1
PENCIL_CASE_6025,PENCIL CASE 6025,Bagage,Nos,1,0,0,,145.0,1,1,Winners,PENCIL CASE 6025,,,0,1
PENCIL_CASE_392,PENCIL CASE 392,Bagage,Nos,1,0,0,,160.0,1,1,Winners,PENCIL CASE 392,,,0,1
PENCIL_CASE_2369,PENCIL CASE 2369,Bagage,Nos,1,0,0,,53.0,1,1,Winners,PENCIL CASE 2369,,,0,1
PENCIL_CASE_2203,PENCIL CASE 2203,Bagage,Nos,1,0,0,,155.0,1,1,Winners,PENCIL CASE 2203,,,0,1
PENCIL_CASE_2008,PENCIL CASE 2008,Bagage,Nos,1,0,0,,92.0,1,1,Winners,PENCIL CASE 2008,,,0,1
NEW_LUNCH_BAG_W_SILVER_TEETH,NEW LUNCH BAG WITH SILVER TEETH,Bagage,Nos,1,0,0,,390.0,1,1,Winners,NEW LUNCH BAG WITH SILVER TEETH,,,0,1
PENCIL_CASE_M_G_PINEAPPLE69410,M G PENCIL CASE PINEAPPLE APBN3731,Bagage,Nos,1,0,0,,230.0,1,1,Winners,M G PENCIL CASE PINEAPPLE APBN3731,,,0,1
PENCIL_CASE_M_G_HAPPY_HAWAI_AB,M G PENCIL CASE HAPPY HAWAI AB,Bagage,Nos,1,0,0,,240.0,1,1,Winners,M G PENCIL CASE HAPPY HAWAI AB,,,0,1
LUNCH_BAG_W_NORMAL_ZIPPER,LUNCH BAG WITH NORMAL ZIPPER,Bagage,Nos,1,0,0,,360.0,1,1,Winners,LUNCH BAG WITH NORMAL ZIPPER,,,0,1
LNL_LUNCH_BAG_2P_SET_RED,LOCK N LOCK LUNCH BAG 2P RED HPL752DR,Bagage,Nos,1,0,0,,789.0,1,1,Winners,LOCK N LOCK LUNCH BAG 2P RED HPL752DR,,,0,1
LNL_LUNCH_BAG_2P_SET_GRAY,LOCK N LOCK LUNCH BAG 2P GRAY HPL752DG,Bagage,Nos,1,0,0,,789.0,1,1,Winners,LOCK N LOCK LUNCH BAG 2P GRAY HPL752DG,,,0,1
ISOTHERM_LUNCH_BAG,ISOTHERM LUNCH BAG,Bagage,Nos,1,0,0,,485.0,1,1,Winners,ISOTHERM LUNCH BAG,,,0,1
HELIX_OXF_GEO_PENCIL_CASE_ORA,HELIX OXF GEO PENCIL CASE ORA,Bagage,Nos,1,0,0,,330.0,1,1,Winners,HELIX OXF GEO PENCIL CASE ORA,,,0,1
HELIX_OXF_GEO_PENCIL_CASE_GRN,HELIX OXF GEO PENCIL CASE GRN,Bagage,Nos,1,0,0,,330.0,1,1,Winners,HELIX OXF GEO PENCIL CASE GRN,,,0,1
CONCEPT_LUNCH_BAG__4ASST,CONCEPT LUNCH BAG 4ASST,Bagage,Nos,1,0,0,,699.0,1,1,Winners,CONCEPT LUNCH BAG 4ASST,,,0,1
CONCEPT_ADULT_LUNCH_BAG_4_ASS,CONCEPT ADULT LUNCH BAG 4 ASS,Bagage,Nos,1,0,0,,965.0,1,1,Winners,CONCEPT ADULT LUNCH BAG 4 ASS,,,0,1
CAMBRIDGE_SCOTCH_WHISKY_15LT,CAMBRIDGE SCOTCH WHISKY 1.5LT,Alcools De Grains,Nos,1,0,0,,68.0,1,1,Winners,CAMBRIDGE SCOTCH WHISKY 1.5LT,1.5,Litre,0,1
BUSHMILLS_ORIGINAL_75CL,BUSHMILLS ORIGINAL IRISH WHISKY 750ML,Alcools De Grains,Nos,1,0,0,,2995.0,1,1,Winners,BUSHMILLS ORIGINAL IRISH WHISKY 750ML,750,Millilitre,0,1
BOMBAY_SAPPHIRE_SUNSET_700ML,BOMBAY SAPPHIRE SUNSET 700ML,Alcools De Grains,Nos,1,0,0,,1200.0,1,1,Winners,BOMBAY SAPPHIRE SUNSET 700ML,700,Millilitre,0,1
BOMBAY_SAPPHIRE_P_CRU_700ML,BOMBAY SAPPHIRE PREMIER CRU 700ML,Alcools De Grains,Nos,1,0,0,,2138.0,1,1,Winners,BOMBAY SAPPHIRE PREMIER CRU 700ML,700,Millilitre,0,1
BOMBAY_SAPHIRE_GIN_70CL,BOMBAY SAPPHIRE GIN 700ML,Alcools De Grains,Nos,1,0,0,,1072.0,1,1,Winners,BOMBAY SAPPHIRE GIN 700ML,700,Millilitre,0,1
STAR_OF_BOMBAY_750ML,BOMBAY GIN STAR OF BOMBAY 700ML,Alcools De Grains,Nos,1,0,0,,1800.0,1,1,Winners,BOMBAY GIN STAR OF BOMBAY 700ML,700,Millilitre,0,1
BOMBAY_BRAMBLE_750ML,BOMBAY GIN BRAMBLE 750ML,Alcools De Grains,Nos,1,0,0,,1600.0,1,1,Winners,BOMBAY GIN BRAMBLE 750ML,750,Millilitre,0,1
BLACK_WHITE_SCOT_WHISKY_1L,BLACK WHITE SCOTCH WHISKY 1LT,Alcools De Grains,Nos,1,0,0,,1659.95,1,1,Winners,BLACK WHITE SCOTCH WHISKY 1LT,1,Litre,0,1
BICKENS_PINK_GIN_GRPFRT_700ML,BICKENS PINK GIN GRPFRT 700ML,Alcools De Grains,Nos,1,0,0,,779.95,1,1,Winners,BICKENS PINK GIN GRPFRT 700ML,700,Millilitre,0,1
BICKENS_GIN_700ML,BICKENS GIN 700ML,Alcools De Grains,Nos,1,0,0,,779.95,1,1,Winners,BICKENS GIN 700ML,700,Millilitre,0,1
BEEFEATER_PINK_GIN_700ML,BEEFEATER PINK GIN 700ML,Alcools De Grains,Nos,1,0,0,,1059.95,1,1,Winners,BEEFEATER PINK GIN 700ML,700,Millilitre,0,1
GIN_BEEFEATER_70CL,BEEFEATER GIN 7028ML,Alcools De Grains,Nos,1,0,0,,999.95,1,1,Winners,BEEFEATER GIN 7028ML,7028,Millilitre,0,1
BARRISTER_PINK_GIN_700ML,BARRISTER PINK GIN 700ML,Alcools De Grains,Nos,1,0,0,,869.95,1,1,Winners,BARRISTER PINK GIN 700ML,700,Millilitre,0,1
BARRISTER_ORANGE_GIN_700ML,BARRISTER ORANGE GIN 700ML,Alcools De Grains,Nos,1,0,0,,63.93,1,1,Winners,BARRISTER ORANGE GIN 700ML,700,Millilitre,0,1
BARRISTER_DRY_GIN_70CL,BARRISTER DRY GIN 70CL,Alcools De Grains,Nos,1,0,0,,869.95,1,1,Winners,BARRISTER DRY GIN 70CL,,,0,1
BARRISTER_BLUE_GIN_70CL,BARRISTER BLUE GIN 70CL,Alcools De Grains,Nos,1,0,0,,869.95,1,1,Winners,BARRISTER BLUE GIN 70CL,,,0,1
BALLANTINES_FINEST_700ML,BALLANTINES FINEST 700ML,Alcools De Grains,Nos,1,0,0,,2379.95,1,1,Winners,BALLANTINES FINEST 700ML,700,Millilitre,0,1
BALLANTINES_FINEST_1LT,BALLANTINES FINEST 1LT,Alcools De Grains,Nos,1,0,0,,35.63,1,1,Winners,BALLANTINES FINEST 1LT,1,Litre,0,1
BALLANTINES_7YR_B_FINISH_70CL,BALLANTINES 7 YEARS OLD BOURBON FINISH SCOTCH WHISKY 700ML,Alcools De Grains,Nos,1,0,0,,9.5,1,1,Winners,BALLANTINES 7 YEARS OLD BOURBON FINISH SCOTCH WHISKY 700ML,700,Millilitre,0,1
BAINS_CAPE_MOUNTAIN_750ML,BAINS CAPE MOUNTAIN WHISKY 750ML,Alcools De Grains,Nos,1,0,0,,2818.0,1,1,Winners,BAINS CAPE MOUNTAIN WHISKY 750ML,750,Millilitre,0,1
ANTIQUITY_BLUE_428_MONO_75CL,ANTIQUITY BLUE WHISKY 42.7% 750ML,Alcools De Grains,Nos,1,0,0,,1879.0,1,1,Winners,ANTIQUITY BLUE WHISKY 42.7% 750ML,750,Millilitre,0,1
ANTIDOTE_ROSE_GIN_700ML,ANTIDOTE ROSE GIN 700ML,Alcools De Grains,Nos,1,0,0,,159.0,1,1,Winners,ANTIDOTE ROSE GIN 700ML,700,Millilitre,0,1
ANTIDOTE_GIN_700ML,ANTIDOTE GIN 700ML,Alcools De Grains,Nos,1,0,0,,955.0,1,1,Winners,ANTIDOTE GIN 700ML,700,Millilitre,0,1
ANTIDOTE_CITRON_GIN_700ML,ANTIDOTE CITRON GIN 700ML,Alcools De Grains,Nos,1,0,0,,1025.0,1,1,Winners,ANTIDOTE CITRON GIN 700ML,700,Millilitre,0,1
ABSOLUT_VODKA_ORIGINAL_70CL,ABSOLUT VODKA ORIGINAL 700ML,Alcools De Grains,Nos,1,0,0,,1905.0,1,1,Winners,ABSOLUT VODKA ORIGINAL 700ML,700,Millilitre,0,1
RCHAMAREL_LIQR_MAN_50CL,CHAMAREL LIQUEUR MANDARIN 500ML,Alcools Et Spiritueux,Nos,1,0,0,,740.0,1,1,Winners,CHAMAREL LIQUEUR MANDARIN 500ML,500,Millilitre,0,1
RCHAMAREL_LIQR_COFF_50CL,CHAMAREL LIQUEUR COFFEE 500ML,Alcools Et Spiritueux,Nos,1,0,0,,740.0,1,1,Winners,CHAMAREL LIQUEUR COFFEE 500ML,500,Millilitre,0,1
CHAKA_TOILET_BRUSH_WITH_HOLDER,PITTIE CHAKAACHAK GLIDE TOILET BRUSH WITH HOLDER,Amenagement Maison,Nos,1,0,0,,111.9,1,1,Winners,PITTIE CHAKAACHAK GLIDE TOILET BRUSH WITH HOLDER,,,0,1
MARTINI_DRY_75CL,MARTINI EXTRA DRY 750ML,Aperitifs,Nos,1,0,0,,745.0,1,1,Winners,MARTINI EXTRA DRY 750ML,750,Millilitre,0,1
MARTINI_BIANCO_75CL,MARTINI BIANCO 750ML,Aperitifs,Nos,1,0,0,,9.5,1,1,Winners,MARTINI BIANCO 750ML,750,Millilitre,0,1
HENNESSY_VSOP_700ML,HENNESSY VSOP COGNAC 700ML,Aperitifs,Nos,1,0,0,,6443.0,1,1,Winners,HENNESSY VSOP COGNAC 700ML,700,Millilitre,0,1
HENNESSY_COGNAC_700ML,HENNESSY COGNAC 700ML,Aperitifs,Nos,1,0,0,,3653.0,1,1,Winners,HENNESSY COGNAC 700ML,700,Millilitre,0,1
FORTELLI_VERMOUTH_ROUGE_1L,FORTELI VERMOUTH ROUGE 16% 1LT,Aperitifs,Nos,1,0,0,,859.95,1,1,Winners,FORTELI VERMOUTH ROUGE 16% 1LT,1,Litre,0,1
EUREKAVIN_ROUGE_75CL,EUREKA-VIN ROUGE 75CL,Aperitifs,Nos,1,0,0,,9.5,1,1,Winners,EUREKA-VIN ROUGE 75CL,,,0,1
EUREKAVIN_BLANC_75CL,EUREKA-VIN BLANC 75CL,Aperitifs,Nos,1,0,0,,230.0,1,1,Winners,EUREKA-VIN BLANC 75CL,,,0,1
EUREKA_EXTRA_SPECIAL_70CL,EUREKA EXTRA SPECIAL 70CL,Aperitifs,Nos,1,0,0,,163.0,1,1,Winners,EUREKA EXTRA SPECIAL 70CL,,,0,1
J_GARCIA_D_SIMON_SANGRIA_750ML,DON SIMON SANGRIA 7% 750ML,Aperitifs,Nos,1,0,0,,448.0,1,1,Winners,DON SIMON SANGRIA 7% 750ML,750,Millilitre,0,1
DIVINE_TROPLYCHEE_WINE_50CL,DIVINE TROPICAL LYCHEE WINE 50CL,Aperitifs,Nos,1,0,0,,259.95,1,1,Winners,DIVINE TROPICAL LYCHEE WINE 50CL,,,0,1
DIVINE_PINEAPPLE_WINE_50CL,DIVINE PINEAPPLE WINE 50CL,Aperitifs,Nos,1,0,0,,259.95,1,1,Winners,DIVINE PINEAPPLE WINE 50CL,,,0,1
DEMANDIS_PISANG_700ML,DEMANDIS LIQUEUR PISANG 20% 700ML,Aperitifs,Nos,1,0,0,,499.95,1,1,Winners,DEMANDIS LIQUEUR PISANG 20% 700ML,700,Millilitre,0,1
DEMANDIS_CURACAO_TRIPLE_S_70CL,DEMANDIS LIQUEUR CURACAO TRIPLE SEC 20% 700ML,Aperitifs,Nos,1,0,0,,499.95,1,1,Winners,DEMANDIS LIQUEUR CURACAO TRIPLE SEC 20% 700ML,700,Millilitre,0,1
DEMANDIS_AMARETTO_700ML,DEMANDIS LIQUEUR AMARETTO 20% 700ML,Aperitifs,Nos,1,0,0,,499.95,1,1,Winners,DEMANDIS LIQUEUR AMARETTO 20% 700ML,700,Millilitre,0,1
DELICE_DE_PECHE_70CL,DELICE DE PECHE 70CL,Aperitifs,Nos,1,0,0,,156.0,1,1,Winners,DELICE DE PECHE 70CL,,,0,1
OXENHAM_LITCHI_APERITIF_75CL,DELICE DE LITCHI 70CL,Aperitifs,Nos,1,0,0,,186.0,1,1,Winners,DELICE DE LITCHI 70CL,,,0,1
DELICE_DE_CAFE_70CL,DELICE DE CAFE 70CL,Aperitifs,Nos,1,0,0,,186.0,1,1,Winners,DELICE DE CAFE 70CL,,,0,1
CINZANO_TO_SPTZ_SPUMANTE_75CL,CINZANO TO SPRITZ SPUMANTE 75CL,Aperitifs,Nos,1,0,0,,760.0,1,1,Winners,CINZANO TO SPRITZ SPUMANTE 75CL,,,0,1
CAPE_MARULA_LIQUEUR_500ML,CAPE MARULA CREAM LIQUEUR 500ML,Aperitifs,Nos,1,0,0,,99.95,1,1,Winners,CAPE MARULA CREAM LIQUEUR 500ML,500,Millilitre,0,1
CAMPARI_75CL,CAMPARI 750ML,Aperitifs,Nos,1,0,0,,1150.0,1,1,Winners,CAMPARI 750ML,750,Millilitre,0,1
ARISTOCRAT_BRANDY_428_75CL,ARISTOCRAT BRANDY 42.8% 750ML,Aperitifs,Nos,1,0,0,,1528.0,1,1,Winners,ARISTOCRAT BRANDY 42.8% 750ML,750,Millilitre,0,1
ARCANE_ARRANGE_VAN_D_ILES_70CL,ARCANE ARRANGE VANILLE D ILES 70CL,Aperitifs,Nos,1,0,0,,1275.0,1,1,Winners,ARCANE ARRANGE VANILLE D ILES 70CL,,,0,1
ARCANE_ARRANGE_BAN_FLAMBE_70CL,ARCANE ARRANGE BANANE FLAMBEE 70CL,Aperitifs,Nos,1,0,0,,1275.0,1,1,Winners,ARCANE ARRANGE BANANE FLAMBEE 70CL,,,0,1
ARCANE_ARRANGE_ANAN_ROTI_70CL,ARCANE ARRANGE ANANAS ROTI 70CL,Aperitifs,Nos,1,0,0,,1275.0,1,1,Winners,ARCANE ARRANGE ANANAS ROTI 70CL,,,0,1
APEROL_70CL,APEROL 70CL,Aperitifs,Nos,1,0,0,,57.0,1,1,Winners,APEROL 70CL,,,0,1
LUMINARC_PURE_BOX_RECT_82,LUMINARC PURE BOX RECT 82,Articles Menagers,Nos,1,0,0,,490.0,1,1,Winners,LUMINARC PURE BOX RECT 82,82,Litre,0,1
LUMINARC_PURE_BOX_RECT_38,LUMINARC PURE BOX RECT 38,Articles Menagers,Nos,1,0,0,,350.0,1,1,Winners,LUMINARC PURE BOX RECT 38,38,Litre,0,1
LUMINARC_PURE_BOX_RECT_197,LUMINARC PURE BOX RECT 197,Articles Menagers,Nos,1,0,0,,730.0,1,1,Winners,LUMINARC PURE BOX RECT 197,197,Litre,0,1
LUMINARC_PURE_BOX_RECT_122,LUMINARC PURE BOX RECT 122,Articles Menagers,Nos,1,0,0,,500.0,1,1,Winners,LUMINARC PURE BOX RECT 122,122,Litre,0,1
LUMINARC_PURE_BOX_CARRE_76,LUMINARC PURE BOX CARRE 76,Articles Menagers,Nos,1,0,0,,450.0,1,1,Winners,LUMINARC PURE BOX CARRE 76,76,Litre,0,1
LUMINARC_PURE_BOX_CARRE_38,LUMINARC PURE BOX CARRE 38,Articles Menagers,Nos,1,0,0,,330.0,1,1,Winners,LUMINARC PURE BOX CARRE 38,38,Litre,0,1
LUMINARC_PURE_BOX_CARRE_122,LUMINARC PURE BOX CARRE 122,Articles Menagers,Nos,1,0,0,,475.0,1,1,Winners,LUMINARC PURE BOX CARRE 122,122,Litre,0,1
LUMINARC_KEEP_N_BOX_ROND_88,LUMINARC KEEP N BOX ROND 88,Articles Menagers,Nos,1,0,0,,315.0,1,1,Winners,LUMINARC KEEP N BOX ROND 88,88,Litre,0,1
LUMINARC_KEEP_N_BOX_ROND_63,LUMINARC KEEP N BOX ROND 63,Articles Menagers,Nos,1,0,0,,280.0,1,1,Winners,LUMINARC KEEP N BOX ROND 63,63,Litre,0,1
LUMINARC_KEEP_N_BOX_ROND_39,LUMINARC KEEP N BOX ROND 39,Articles Menagers,Nos,1,0,0,,250.0,1,1,Winners,LUMINARC KEEP N BOX ROND 39,39,Litre,0,1
LUMINARC_KEEP_N_BOX_RECT_82,LUMINARC KEEP N BOX RECT 82,Articles Menagers,Nos,1,0,0,,350.0,1,1,Winners,LUMINARC KEEP N BOX RECT 82,82,Litre,0,1
LUMINARC_KEEP_N_BOX_RECT_37,LUMINARC KEEP N BOX RECT 37,Articles Menagers,Nos,1,0,0,,265.0,1,1,Winners,LUMINARC KEEP N BOX RECT 37,37,Litre,0,1
LUMINARC_KEEP_N_BOX_RECT_189,LUMINARC KEEP N BOX RECT 189,Articles Menagers,Nos,1,0,0,,475.0,1,1,Winners,LUMINARC KEEP N BOX RECT 189,189,Litre,0,1
LUMINARC_KEEP_N_BOX_RECT_116,LUMINARC KEEP N BOX RECT 116,Articles Menagers,Nos,1,0,0,,400.0,1,1,Winners,LUMINARC KEEP N BOX RECT 116,116,Litre,0,1
LUMINARC_KEEP_N_BOX_CARRE_72,LUMINARC KEEP N BOX CARRE 72,Articles Menagers,Nos,1,0,0,,315.0,1,1,Winners,LUMINARC KEEP N BOX CARRE 72,72,Litre,0,1
LUMINARC_KEEP_N_BOX_CARRE_36,LUMINARC KEEP N BOX CARRE 36,Articles Menagers,Nos,1,0,0,,265.0,1,1,Winners,LUMINARC KEEP N BOX CARRE 36,36,Litre,0,1
LUMINARC_KEEP_N_BOX_CARRE_117,LUMINARC KEEP N BOX CARRE 117,Articles Menagers,Nos,1,0,0,,380.0,1,1,Winners,LUMINARC KEEP N BOX CARRE 117,117,Litre,0,1
LUMINARC_JAR_CLUB_0L5,LUMINARC JAR CLUB 0L5,Articles Menagers,Nos,1,0,0,,350.0,1,1,Winners,LUMINARC JAR CLUB 0L5,0,Litre,0,1
LUMINARC_JAR_BOUCHON_VISSE_2L,LUMINARC JAR BOUCHON VISSE 2L,Articles Menagers,Nos,1,0,0,,450.0,1,1,Winners,LUMINARC JAR BOUCHON VISSE 2L,2,Litre,0,1
LUMINARC_JAR_BOUCHON_VISSE_1L,LUMINARC JAR BOUCHON VISSE 1L,Articles Menagers,Nos,1,0,0,,325.0,1,1,Winners,LUMINARC JAR BOUCHON VISSE 1L,1,Litre,0,1
LUMINARC_JAR_2L_REF_493,LUMINARC JAR 2L REF 493,Articles Menagers,Nos,1,0,0,,515.0,1,1,Winners,LUMINARC JAR 2L REF 493,2,Litre,0,1
LUMINARC_JAR_1L_REF_491,LUMINARC JAR 1L REF 491,Articles Menagers,Nos,1,0,0,,400.0,1,1,Winners,LUMINARC JAR 1L REF 491,1,Litre,0,1
LUMINARC_JAR_1L_511,LUMINARC JAR 1L 511,Articles Menagers,Nos,1,0,0,,375.0,1,1,Winners,LUMINARC JAR 1L 511,1,Litre,0,1
LUMINARC_JAR_0L5_REF_490,LUMINARC JAR 0L5 REF 490,Articles Menagers,Nos,1,0,0,,350.0,1,1,Winners,LUMINARC JAR 0L5 REF 490,0,Litre,0,1
LUMINARC_JAR_0L5_510,LUMINARC JAR 0L5 510,Articles Menagers,Nos,1,0,0,,330.0,1,1,Winners,LUMINARC JAR 0L5 510,0,Litre,0,1
LINK_WATER_PUMP_QB_60,LINK WATER PUMP QB 60,Amenagement Maison,Nos,1,0,0,,3015.0,1,1,Winners,LINK WATER PUMP QB 60,60,Litre,0,1
LINK_TOILET_PRESS_ONLY_BLACK,LINK TOILET PRESS ONLY BLACK,Amenagement Maison,Nos,1,0,0,,330.0,1,1,Winners,LINK TOILET PRESS ONLY BLACK,,,0,1
LINK_TOILET_PRESS_INOX_W_HOSE,LINK TOILET PRESS INOX WITH HOSE,Amenagement Maison,Nos,1,0,0,,550.0,1,1,Winners,LINK TOILET PRESS INOX WITH HOSE,,,0,1
LINK_TOILET_PRESS_BLACK_W_HOSE,LINK TOILET PRESS BLACK WITH HOSE,Amenagement Maison,Nos,1,0,0,,650.0,1,1,Winners,LINK TOILET PRESS BLACK WITH HOSE,,,0,1
HEALTH_SCALE_BATH_130_KG,HEALTH SCALE BATH 130 KG,Amenagement Maison,Nos,1,0,0,,415.0,1,1,Winners,HEALTH SCALE BATH 130 KG,130,Kg,0,1
FLEXIBLE_HOSE_12P_HEAVY_DUTY,FLEXIBLE HOSE 12P HEAVY DUTY,Amenagement Maison,Nos,1,0,0,,66.0,1,1,Winners,FLEXIBLE HOSE 12P HEAVY DUTY,,,0,1
FLEXIBLE_HOSE_10P_HEAVY_DUTY,FLEXIBLE HOSE 10P HEAVY DUTY,Amenagement Maison,Nos,1,0,0,,70.0,1,1,Winners,FLEXIBLE HOSE 10P HEAVY DUTY,,,0,1
ALUMINIUM_LADDER_6_STEPS,ALUMINIUM LADDER 6 STEPS,Amenagement Maison,Nos,1,0,0,,3600.0,1,1,Winners,ALUMINIUM LADDER 6 STEPS,,,0,1
SPARKLE_SOAP_BOX,ALL TIME SPARKLE SOAP BOX,Amenagement Maison,Nos,1,0,0,,59.0,1,1,Winners,ALL TIME SPARKLE SOAP BOX,,,0,1
SHOWER_TRAY_HOLDER_SINGLE,SHOWER TRAY HOLDER SINGLE,Amenagement Maison,Nos,1,0,0,,345.0,1,1,Winners,SHOWER TRAY HOLDER SINGLE,,,0,1
SHOWER_TRAY_HOLDER_DOUBLE,SHOWER TRAY HOLDER DOUBLE,Amenagement Maison,Nos,1,0,0,,99.95,1,1,Winners,SHOWER TRAY HOLDER DOUBLE,,,0,1
SHOWER_TAP_ANGL_VALVE_REF_9000,SHOWER TAP ANGL VALVE REF 9000,Amenagement Maison,Nos,1,0,0,,645.0,1,1,Winners,SHOWER TAP ANGL VALVE REF 9000,,,0,1
SHOWER_TAP_8009,SHOWER TAP 8009,Amenagement Maison,Nos,1,0,0,,500.0,1,1,Winners,SHOWER TAP 8009,,,0,1
SHOWER_MIXER_HOSE_B_H_DUTY_460,SHOWER MIXER HOSE B H DUTY 460,Amenagement Maison,Nos,1,0,0,,2700.0,1,1,Winners,SHOWER MIXER HOSE B H DUTY 460,,,0,1
SHOWER_MIX_HOSE_CHROME_HD403,SHOWER MIX HOSE CHROME HD403,Amenagement Maison,Nos,1,0,0,,2420.0,1,1,Winners,SHOWER MIX HOSE CHROME HD403,,,0,1
SHOWER_HOSE_12_M_HEAVY_DUTY,SHOWER HOSE 1.2 M HEAVY DUTY,Amenagement Maison,Nos,1,0,0,,68.0,1,1,Winners,SHOWER HOSE 1.2 M HEAVY DUTY,,,0,1
SHOWER_HOSE_12_BLACK,SHOWER HOSE 1.2 BLACK,Amenagement Maison,Nos,1,0,0,,190.0,1,1,Winners,SHOWER HOSE 1.2 BLACK,,,0,1
SHOWER_HEAD_WITH_HOSE_REF_230,SHOWER HEAD WITH HOSE REF 230,Amenagement Maison,Nos,1,0,0,,500.0,1,1,Winners,SHOWER HEAD WITH HOSE REF 230,,,0,1
SHOWER_HEAD_ONLY_SQUARE,SHOWER HEAD ONLY SQUARE,Amenagement Maison,Nos,1,0,0,,415.0,1,1,Winners,SHOWER HEAD ONLY SQUARE,,,0,1
SHOWER_HEAD_HOSE_BLACK_REF_420,SHOWER HEAD HOSE BLACK REF 420,Amenagement Maison,Nos,1,0,0,,405.0,1,1,Winners,SHOWER HEAD HOSE BLACK REF 420,,,0,1
PIPE_FOR_KITCHEN_100MM,PIPE FOR KITCHEN 100MM,Amenagement Maison,Nos,1,0,0,,135.0,1,1,Winners,PIPE FOR KITCHEN 100MM,,,0,1
PAINT_ROLLER_TELESCOPIC_3M,PAINT ROLLER TELESCOPIC 3M,Amenagement Maison,Nos,1,0,0,,270.0,1,1,Winners,PAINT ROLLER TELESCOPIC 3M,,,0,1
PAINT_ROLLER_REFILL_9INCH,PAINT ROLLER REFILL 9INCH,Amenagement Maison,Nos,1,0,0,,90.0,1,1,Winners,PAINT ROLLER REFILL 9INCH,,,0,1
PAINT_ROLLER_9INCH,PAINT ROLLER 9INCH,Amenagement Maison,Nos,1,0,0,,180.0,1,1,Winners,PAINT ROLLER 9INCH,,,0,1
COCONUT_LIQUEUR_50CL,CHAMAREL LIQUEUR COCONUT 500ML,Alcools Et Spiritueux,Nos,1,0,0,,740.0,1,1,Winners,CHAMAREL LIQUEUR COCONUT 500ML,500,Millilitre,0,1
CHAMAREL_COFFRET_TROP_5X50CL,CHAMAREL COFFRET TROPICAL 5X50CL,Alcools Et Spiritueux,Nos,1,0,0,,750.0,1,1,Winners,CHAMAREL COFFRET TROPICAL 5X50CL,,,0,1
BOTTEGA_PISTACCHIO_LIQ_500ML,BOTTEGA PISTACCHIO LIQUEUER 500ML,Alcools Et Spiritueux,Nos,1,0,0,,659.95,1,1,Winners,BOTTEGA PISTACCHIO LIQUEUER 500ML,500,Millilitre,0,1
BOTTEGA_NERO_LIQ_500ML,BOTTEGA NERO LIQUEUR 500ML,Alcools Et Spiritueux,Nos,1,0,0,,659.95,1,1,Winners,BOTTEGA NERO LIQUEUR 500ML,500,Millilitre,0,1
BOTTEGA_LIMONCINO_LIQ_500ML,BOTTEGA LIMONCINO LIQUEUR 500ML,Alcools Et Spiritueux,Nos,1,0,0,,90.0,1,1,Winners,BOTTEGA LIMONCINO LIQUEUR 500ML,500,Millilitre,0,1
BLACK_HORSE_70CL,BLACK HORSE 700ML,Alcools Et Spiritueux,Nos,1,0,0,,315.0,1,1,Winners,BLACK HORSE 700ML,700,Millilitre,0,1
BLACK_HORSE_350ML,BLACK HORSE 350ML,Alcools Et Spiritueux,Nos,1,0,0,,65.0,1,1,Winners,BLACK HORSE 350ML,350,Millilitre,0,1
BLACK_HORSE_1000ML,BLACK HORSE 1L,Alcools Et Spiritueux,Nos,1,0,0,,510.0,1,1,Winners,BLACK HORSE 1L,1,Litre,0,1
BEACH_HOUSE_PINK_SPICED_70CL,BEACH HOUSE PINK SPICED 70CL,Alcools Et Spiritueux,Nos,1,0,0,,1380.0,1,1,Winners,BEACH HOUSE PINK SPICED 70CL,,,0,1
LIQUEUR_CURACAO_BLEU_700ML,BARDINET CURACAO BLEU LIQUEUR 700ML,Alcools Et Spiritueux,Nos,1,0,0,,573.0,1,1,Winners,BARDINET CURACAO BLEU LIQUEUR 700ML,700,Millilitre,0,1
LIQUEUR_CURACAO_BLANC_700ML,BARDINET CURACAO BLANC LIQUEUR 700ML,Alcools Et Spiritueux,Nos,1,0,0,,695.0,1,1,Winners,BARDINET CURACAO BLANC LIQUEUR 700ML,700,Millilitre,0,1
CREME_DE_PECHE_700ML,BARDINET CR?E DE PECHE 700ML,Alcools Et Spiritueux,Nos,1,0,0,,548.0,1,1,Winners,BARDINET CR?E DE PECHE 700ML,700,Millilitre,0,1
CREME_DE_CACAO_700ML,BARDINET CR?E DE CACAO 700ML,Alcools Et Spiritueux,Nos,1,0,0,,595.0,1,1,Winners,BARDINET CR?E DE CACAO 700ML,700,Millilitre,0,1
BAILEYS_ORIGINAL_70CL,BAILEYS ORIGINAL 70CL,Alcools Et Spiritueux,Nos,1,0,0,,68.0,1,1,Winners,BAILEYS ORIGINAL 70CL,,,0,1
BACARDI_RHUM_75CLWHITE,BACARDI RHUM WHITE 700ML,Alcools Et Spiritueux,Nos,1,0,0,,330.0,1,1,Winners,BACARDI RHUM WHITE 700ML,700,Millilitre,0,1
BACARDI_MOJITO_70CL,BACARDI MOJITO 700ML,Alcools Et Spiritueux,Nos,1,0,0,,220.0,1,1,Winners,BACARDI MOJITO 700ML,700,Millilitre,0,1
BACARDI_BLACK_75CL,BACARDI CARTA NEGRA 700ML,Alcools Et Spiritueux,Nos,1,0,0,,1015.0,1,1,Winners,BACARDI CARTA NEGRA 700ML,700,Millilitre,0,1
CROQ_GOURMET_AD_CAT_FISH_600G,CROQUE GOURMET ADULT CAT FISH 600G,Aliments Pour Animaux,Nos,1,0,0,,13.5,1,1,Winners,CROQUE GOURMET ADULT CAT FISH 600G,600,Gram,0,1
CROQUE_GOURM_AD_CAT_FISH_15KG,CROQUE GOURMET ADULT CAT FISH 1 5KG,Aliments Pour Animaux,Nos,1,0,0,,345.0,1,1,Winners,CROQUE GOURMET ADULT CAT FISH 1 5KG,5,Kg,0,1
CROQUE_ADULT_DOG_LAMB_3KG,CROQUE ADULT DOG LAMB 3KG,Aliments Pour Animaux,Nos,1,0,0,,9.5,1,1,Winners,CROQUE ADULT DOG LAMB 3KG,3,Kg,0,1
CROQUE_ADULT_DOG_LAMB_15KG,CROQUE ADULT DOG LAMB 15KG,Aliments Pour Animaux,Nos,1,0,0,,1990.0,1,1,Winners,CROQUE ADULT DOG LAMB 15KG,15,Kg,0,1
BEST_FOOD_500G_PETIT_MILLET__A,BEST FOOD PETIT MILLET 500GMS,Aliments Pour Animaux,Nos,1,0,0,,44.5,1,1,Winners,BEST FOOD PETIT MILLET 500GMS,500,Gram,0,1
BEENO_SUP_DOGGY_DOUGHNUTS_500G,BEENO SUPREME DOGGY DOUGHNUTS 500G,Aliments Pour Animaux,Nos,1,0,0,,405.0,1,1,Winners,BEENO SUPREME DOGGY DOUGHNUTS 500G,500,Gram,0,1
BEENO_SUPREME_CR_TREATS_500G,BEENO SUPREME CREAMY TREATS 500G,Aliments Pour Animaux,Nos,1,0,0,,405.0,1,1,Winners,BEENO SUPREME CREAMY TREATS 500G,500,Gram,0,1
BEENO_S_BISC_STEAK_FL_300G,BEENO SMALL BISCUITS STEAK FLAVOURED 300G,Aliments Pour Animaux,Nos,1,0,0,,24.0,1,1,Winners,BEENO SMALL BISCUITS STEAK FLAVOURED 300G,300,Gram,0,1
BEENO_S_BIS_ORIG_PEAN_BUT_1KG,BEENO SMALL BISCUITS PEANUT BUTTER 1KG,Aliments Pour Animaux,Nos,1,0,0,,425.0,1,1,Winners,BEENO SMALL BISCUITS PEANUT BUTTER 1KG,1,Kg,0,1
BEENO_S_BIS_MARROWBON_300G,BEENO SMALL BISCUITS MARROWBONE 300G,Aliments Pour Animaux,Nos,1,0,0,,145.0,1,1,Winners,BEENO SMALL BISCUITS MARROWBONE 300G,300,Gram,0,1
BEENO_S_BISCUIT_STEAK_1KG,BEENO SMALL BISCUIT STEAK 1KG,Aliments Pour Animaux,Nos,1,0,0,,425.0,1,1,Winners,BEENO SMALL BISCUIT STEAK 1KG,1,Kg,0,1
BEENO_ROLLIES_SHAPES_LAM_120G,BEENO ROLLIES SHAPES LAMB 120G,Aliments Pour Animaux,Nos,1,0,0,,135.0,1,1,Winners,BEENO ROLLIES SHAPES LAMB 120G,120,Gram,0,1
BEENO_ROLLIES_SHAPES_CHIC_120G,BEENO ROLLIES SHAPES CHICKEN 120G,Aliments Pour Animaux,Nos,1,0,0,,230.0,1,1,Winners,BEENO ROLLIES SHAPES CHICKEN 120G,120,Gram,0,1
BEENO_ROLLIES_SHAP_TURKEY_120G,BEENO ROLLIES SHAPE TURKEY 120G,Aliments Pour Animaux,Nos,1,0,0,,220.0,1,1,Winners,BEENO ROLLIES SHAPE TURKEY 120G,120,Gram,0,1
BEENO_ROLLIES_SHAPE_STEAK_120G,BEENO ROLLIES SHAPE STEAK 120G,Aliments Pour Animaux,Nos,1,0,0,,46.9,1,1,Winners,BEENO ROLLIES SHAPE STEAK 120G,120,Gram,0,1
BEENO_ROLLIES_SHAP_SM_BAC_120G,BEENO ROLLIES SHAPE SMOKED BACON 120G,Aliments Pour Animaux,Nos,1,0,0,,17.0,1,1,Winners,BEENO ROLLIES SHAPE SMOKED BACON 120G,120,Gram,0,1
BEENO_M_BIS_STEAK_MOMENTS_1KG,BEENO MEDIUM BISCUITS STEAK MOMENTS 1KG,Aliments Pour Animaux,Nos,1,0,0,,425.0,1,1,Winners,BEENO MEDIUM BISCUITS STEAK MOMENTS 1KG,1,Kg,0,1
BEENO_M_BIS_MARROWBONE_ABC_1KG,BEENO MEDIUM BISCUITS MARROWBONE ABC 1KG,Aliments Pour Animaux,Nos,1,0,0,,425.0,1,1,Winners,BEENO MEDIUM BISCUITS MARROWBONE ABC 1KG,1,Kg,0,1
BEENO_MMAPLE_BAC_F_SWIRL_320G,BEENO MALLOWS MAPLE BACON FLAVOUR SWIRL 320G,Aliments Pour Animaux,Nos,1,0,0,,320.0,1,1,Winners,BEENO MALLOWS MAPLE BACON FLAVOUR SWIRL 320G,320,Gram,0,1
BEENO_L_BIS_ORIG_PEAN_BUT_300G,BEENO LARGE BISCUITS ORIGINAL PEANUT BUTTER 300G,Aliments Pour Animaux,Nos,1,0,0,,21.25,1,1,Winners,BEENO LARGE BISCUITS ORIGINAL PEANUT BUTTER 300G,300,Gram,0,1
BEENO_L_BIS_MARROWBONE_FL_1KG,BEENO LARGE BISCUITS MARROWBONE FLAVOURED 1KG,Aliments Pour Animaux,Nos,1,0,0,,425.0,1,1,Winners,BEENO LARGE BISCUITS MARROWBONE FLAVOURED 1KG,1,Kg,0,1
BEENO_FLATTIES_SHAPES_STK_120G,BEENO FLATTIES SHAPES WITH STEAK 120G,Aliments Pour Animaux,Nos,1,0,0,,17.0,1,1,Winners,BEENO FLATTIES SHAPES WITH STEAK 120G,120,Gram,0,1
BEENO_FLATTIES_SHAPES_S_BA_20G,BEENO FLATTIES 120G,Aliments Pour Animaux,Nos,1,0,0,,102.5,1,1,Winners,BEENO FLATTIES 120G,120,Gram,0,1
ARCANE_EXTRAROMA_70CL,ARCANE EXTRAROMA 70CL,Alcools Et Spiritueux,Nos,1,0,0,,2040.0,1,1,Winners,ARCANE EXTRAROMA 70CL,,,0,1
AMARULA_CREAM_70CL,AMARULA CREAM LIQUEUR 700ML,Alcools Et Spiritueux,Nos,1,0,0,,47.95,1,1,Winners,AMARULA CREAM LIQUEUR 700ML,700,Millilitre,0,1
AFRICAN_SECRET_AMARULA_75CL,AFRICAN SECRET AMARULA 75CL,Alcools Et Spiritueux,Nos,1,0,0,,9.5,1,1,Winners,AFRICAN SECRET AMARULA 75CL,,,0,1
BEENO_FLATTIES_SHAPES_LAM_120G,BEENO FLATTIES WITH LAMB 120G,Aliments Pour Animaux,Nos,1,0,0,,17.0,1,1,Winners,BEENO FLATTIES WITH LAMB 120G,120,Gram,0,1
BEENO_FLATTIES_SHAPES_CH_120G,BEENO SHAPES CRISPY CHICKEN FLAVOUR MEATY TREATS 120G,Aliments Pour Animaux,Nos,1,0,0,,230.0,1,1,Winners,BEENO SHAPES CRISPY CHICKEN FLAVOUR MEATY TREATS 120G,120,Gram,0,1
BLEDINE_250G_BISCUIT_LAIT,BLEDINA BLEDINE BISCUIT ET LAIT 250G,Aliments Pour Enfants,Nos,1,0,0,,95.0,1,1,Winners,BLEDINA BLEDINE BISCUIT ET LAIT 250G,250,Gram,0,1
BLEDINE_250G_BANANELAIT,BLEDINA BLEDINE BANANE ET LAIT 250G,Aliments Pour Enfants,Nos,1,0,0,,84.95,1,1,Winners,BLEDINA BLEDINE BANANE ET LAIT 250G,250,Gram,0,1
BLEDILAIT_CR_900G_VITAFER_FR,BLEDINA BLEDILAIT CROISSANCE VITAFER 900G,Aliments Pour Enfants,Nos,1,0,0,,30.0,1,1,Winners,BLEDINA BLEDILAIT CROISSANCE VITAFER 900G,900,Gram,0,1
BLEDILAIT_CR_400G_VITAFER_FR,BLEDINA BLEDILAIT CROISSANCE VITAFER 400G,Aliments Pour Enfants,Nos,1,0,0,,229.53,1,1,Winners,BLEDINA BLEDILAIT CROISSANCE VITAFER 400G,400,Gram,0,1
BLEDILAIT_CR_350G_VITAFER,BLEDINA BLEDILAIT CROISSANCE VITAFER 350G,Aliments Pour Enfants,Nos,1,0,0,,189.01,1,1,Winners,BLEDINA BLEDILAIT CROISSANCE VITAFER 350G,350,Gram,0,1
BCHEF_PETITS_SPAGH_BOLO_230G,BLEDINA BLEDICHEF PETITS SPAGHETTI BOLOGNAISE 230G,Aliments Pour Enfants,Nos,1,0,0,,31.39,1,1,Winners,BLEDINA BLEDICHEF PETITS SPAGHETTI BOLOGNAISE 230G,230,Gram,0,1
BLEDI_JUNIOR_800G,BLEDINA BLEDI JUNIOR LAIT CROISSANCE 3 A 7 ANS 800G,Aliments Pour Enfants,Nos,1,0,0,,9.5,1,1,Winners,BLEDINA BLEDI JUNIOR LAIT CROISSANCE 3 A 7 ANS 800G,800,Gram,0,1
BLEDI_JUNIOR_400G_3_A7_ANS,BLEDINA BLEDI JUNIOR LAIT CROISSANCE 3 A 7 ANS 400G,Aliments Pour Enfants,Nos,1,0,0,,9.5,1,1,Winners,BLEDINA BLEDI JUNIOR LAIT CROISSANCE 3 A 7 ANS 400G,400,Gram,0,1
BLEDISCUIT_BOUDOIR_120G,BLEDINA BISCUIT MON 1ER BOUDOIR 120G,Aliments Pour Enfants,Nos,1,0,0,,40.0,1,1,Winners,BLEDINA BISCUIT MON 1ER BOUDOIR 120G,120,Gram,0,1
PETITSOIF_BEBISOL_FLEUR_DORAN,BEBISOL PETITSOIF FLEUR D ORANGER X 10,Aliments Pour Enfants,Nos,1,0,0,,95.0,1,1,Winners,BEBISOL PETITSOIF FLEUR D ORANGER X 10,,,0,1
BMM_PRERICE_RUSKS_ORG_B_C_36G,BABY M MUM PREMIUM RICE RUSKS ORG B C 36G,Aliments Pour Enfants,Nos,1,0,0,,46.9,1,1,Winners,BABY M MUM PREMIUM RICE RUSKS ORG B C 36G,36,Gram,0,1
BMM_PREMIUM_RICE_RUSKS_BA_36G,BABY M MUM PREMIUM RICE RUSKS BA 36G,Aliments Pour Enfants,Nos,1,0,0,,23.0,1,1,Winners,BABY M MUM PREMIUM RICE RUSKS BA 36G,36,Gram,0,1
BMM_PREMIUM_RICE_RUSKS_AP_36G,BABY M MUM PREMIUM RICE RUSKS A.P 36G,Aliments Pour Enfants,Nos,1,0,0,,56.0,1,1,Winners,BABY M MUM PREMIUM RICE RUSKS A.P 36G,36,Gram,0,1
NUTAPTAMIL_PREM_PROSYNEO_400G,APTAMIL PREMUIM+ PROSYNEO 400G,Aliments Pour Enfants,Nos,1,0,0,,39.5,1,1,Winners,APTAMIL PREMUIM+ PROSYNEO 400G,400,Gram,0,1
APTAMIL_PREMIUM_NO2_900G,APTAMIL PREMIUM+ NO2 900G,Aliments Pour Enfants,Nos,1,0,0,,15.5,1,1,Winners,APTAMIL PREMIUM+ NO2 900G,900,Gram,0,1
NUTRICIA_APTAMIL_PREMIUM_900,APTAMIL NUTRICIA PREMIUM+ 900G,Aliments Pour Enfants,Nos,1,0,0,,30.65,1,1,Winners,APTAMIL NUTRICIA PREMIUM+ 900G,900,Gram,0,1
NUTRICIA_APTAMIL_PREMIUM_400G,APTAMIL NUTRICIA PREMIUM+ 400G,Aliments Pour Enfants,Nos,1,0,0,,24.0,1,1,Winners,APTAMIL NUTRICIA PREMIUM+ 400G,400,Gram,0,1
NUTRICIA_APTAMIL_PRE_400G_NO_2,APTAMIL NUTRICIA PREMIUM NO 2 400G,Aliments Pour Enfants,Nos,1,0,0,,38.31,1,1,Winners,APTAMIL NUTRICIA PREMIUM NO 2 400G,400,Gram,0,1
APTAMIL_CONFPLUS_2EME_AGE400G,APTAMIL CONFORT PLUS 2EME AGE 400G,Aliments Pour Enfants,Nos,1,0,0,,102.5,1,1,Winners,APTAMIL CONFORT PLUS 2EME AGE 400G,400,Gram,0,1
APTAMIL_CONF_1ER_AGE_400G,APTAMIL CONFORT 1ER AGE 400G,Aliments Pour Enfants,Nos,1,0,0,,75.0,1,1,Winners,APTAMIL CONFORT 1ER AGE 400G,400,Gram,0,1
APTAKID_3_A_7_YRS_800G,APTAKID 3 A 7 YEARS 800G,Aliments Pour Enfants,Nos,1,0,0,,72.0,1,1,Winners,APTAKID 3 A 7 YEARS 800G,800,Gram,0,1
NUTRICIA_AP_JUN_PRE_PL_400GN03,APTAJUNIOR PREMIUM+ NO 3 400G,Aliments Pour Enfants,Nos,1,0,0,,66.0,1,1,Winners,APTAJUNIOR PREMIUM+ NO 3 400G,400,Gram,0,1
APTAJUNIOR_PREMIUM_900G_NO3,APTAJUNIOR PREMIUM NO 3 900G,Aliments Pour Enfants,Nos,1,0,0,,25.75,1,1,Winners,APTAJUNIOR PREMIUM NO 3 900G,900,Gram,0,1
ANCHOR_PEDIA_PRO_3_GUMP_700G,ANCHOR PEDIA PRO 3+ GUMP 700G,Aliments Pour Enfants,Nos,1,0,0,,23.8,1,1,Winners,ANCHOR PEDIA PRO 3+ GUMP 700G,700,Gram,0,1
ANCHOR_PEDIA_PRO_1_700G,ANCHOR PEDIA PRO 1+ 700G,Aliments Pour Enfants,Nos,1,0,0,,23.8,1,1,Winners,ANCHOR PEDIA PRO 1+ 700G,700,Gram,0,1
