Item Code,Price List,Price List Rate,Currency
TI_VERGER_MANGO_PUREE_500G,Standard Selling,34.95,MUR
SUMERU_GRATED_COCONUTS_200G,Standard Selling,47.95,MUR
SB_FZ_TROPICAL_FRUIT_MIX_1KG,Standard Selling,114.5,MUR
SB_FZ_BLUEBERRY_1KG,Standard Selling,64.5,MUR
SB_FZ_BERRY_MIX_1KG,Standard Selling,114.5,MUR
PINGUIN_STRAWBERRIES_1KG,Standard Selling,64.5,MUR
PINGUIN_MANGO_CHUNKS_1KG,Standard Selling,14.5,MUR
PINGUIN_FRUIT_OF_FOREST_1KG,Standard Selling,9.5,MUR
PINGUIN_BLUEBERRIES_1KG,Standard Selling,49.0,MUR
EMBORG_STRAWBERRIES_450G,Standard Selling,14.5,MUR
EMBORG_RASPBERRIES_300G,Standard Selling,66.0,MUR
EMBORG_BLUEBERRIES_400G,Standard Selling,25.75,MUR
BAY_BROAD_BEANS,Standard Selling,349.5,MUR
BAY_BRAZIL_NUTS,Standard Selling,2159.5,MUR
BAY_BLACKCURRANTS_DRIED,Standard Selling,2229.5,MUR
BAY_BLACK_SEED,Standard Selling,559.5,MUR
BAY_BLACK_PEPPER_WHOLE_ORG,Standard Selling,1449.5,MUR
BAY_BLACK_PEPPER_WHOLE,Standard Selling,979.5,MUR
BAY_BLACK_PEPPER_CRUSHED,Standard Selling,799.5,MUR
BAY_BLACK_EYE_BEANS,Standard Selling,299.5,MUR
BAY_BIRYANI_MASALA_POWDER,Standard Selling,499.5,MUR
BAY_BASIL,Standard Selling,409.5,MUR
BAY_BARLEY,Standard Selling,199.5,MUR
BAY_APRICOT_DRIED_ORGANIC,Standard Selling,889.5,MUR
BAY_APRICOT_DRIED_JUMBO,Standard Selling,829.5,MUR
BAY_ALMONDS_SALTED_JUMBO,Standard Selling,959.5,MUR
BAY_ALMOND_SLIVERED,Standard Selling,1039.5,MUR
BAY_ALMOND_SLICED,Standard Selling,869.5,MUR
BAY_ALMOND_POWDER,Standard Selling,809.5,MUR
BAY_ALMOND_ORGANIC,Standard Selling,1919.5,MUR
BAY_ALMOND_JUMBO,Standard Selling,919.5,MUR
BAY_ALMOND_ROAST_UNSALT_MED,Standard Selling,899.5,MUR
BAY_ALMOND_CHOPPED,Standard Selling,759.5,MUR
POIRE_BCHRETIEN_SACHET1KG_SKC,Standard Selling,79.9,MUR
POIRE_BCHRETIEN_PUN_750G_SKC,Standard Selling,64.9,MUR
POIRE_BCHRETIEN_PUN_750G_RFF,Standard Selling,79.9,MUR
POIRE_BON_CHRETIEN_PREPACK,Standard Selling,125.9,MUR
POIRE_BEUBOSCH_SACHET_750G_RFF,Standard Selling,89.9,MUR
POIRE_BEURRE_BOSCH_PUN_RFF,Standard Selling,69.9,MUR
POIRE_BEURRE_BOSCH_PREPACK,Standard Selling,119.9,MUR
POIRE_BEURRE_BOSCH_BAR,Standard Selling,125.9,MUR
POIRE_BEURRE_BOSCH_70_90_96_45,Standard Selling,121.9,MUR
POIRE__BON_CHRETIEN_60_70,Standard Selling,145.9,MUR
PECHE_PLAT_PUN_750G_RFF,Standard Selling,109.9,MUR
PAMPLEMOUSSE_LOCAL_PCS,Standard Selling,69.95,MUR
ORANGE_CARACARA_X_3_SURAT,Standard Selling,89.95,MUR
ORANGE_CARA_CARA_FILLET_1KG,Standard Selling,9.5,MUR
MINEOLAS_FILLET,Standard Selling,64.9,MUR
MELON_PIEL_DE_SAPO,Standard Selling,221.9,MUR
MELON_JAUNE_CUBE,Standard Selling,319.9,MUR
MAURIGAP_POMELO,Standard Selling,44.9,MUR
MANGUE_EPLUCHE,Standard Selling,9.5,MUR
LIMES_PREPACK,Standard Selling,315.9,MUR
J_D_MEDINE_WATERMELON,Standard Selling,54.0,MUR
FIGS_PUNNET_160G_SKC,Standard Selling,164.95,MUR
CITRONS_LOCAL,Standard Selling,69.9,MUR
ATOZ_GRENADINE_X_4,Standard Selling,44.9,MUR
CO_ST_FELICIEN_180G,Standard Selling,195.0,MUR
CO_POINTE_BRIE_200G,Standard Selling,179.0,MUR
WS_RACLETTE_EN_TRANCHE,Standard Selling,899.0,MUR
WS_EMMENTAL_ENTREMONT_TRANCHE,Standard Selling,759.0,MUR
CHESS_SET,Standard Selling,315.0,MUR
PB_MME_LOIK_SAUMCIB_150G,Standard Selling,230.0,MUR
PB_MME_LOIK_AFH_150G,Standard Selling,26.0,MUR
PB_FBLANC_NATURE_500G,Standard Selling,81.0,MUR
BRAINY_QUIZ_CONTEST,Standard Selling,580.0,MUR
BALL_75,Standard Selling,31.5,MUR
BALL_6CM,Standard Selling,27.0,MUR
ART_KNIFE,Standard Selling,117.0,MUR
THINKING_KITS_3D_PUZZLES_DINO,Standard Selling,427.0,MUR
SOLAR_SYSTEM_MOBILE_MAKING_KIT,Standard Selling,470.0,MUR
MAKE_YOUR_OWN_HEADBANDS,Standard Selling,520.0,MUR
LITTLE_CRAFT_LANTERN_PAINT_KIT,Standard Selling,249.0,MUR
LIGHT_N_SOUND_ART_PAD,Standard Selling,770.0,MUR
KIDZLABS_TRAFFIC_LIGHT,Standard Selling,589.0,MUR
KIDZLABS_MOUSETRAP_RACER,Standard Selling,540.0,MUR
KIDZLABS_MATH_MAGIC,Standard Selling,535.0,MUR
KIDZLABS_DINO_SKULL,Standard Selling,594.0,MUR
KIDZLAB_MOTORISED_BARRIER_GATE,Standard Selling,789.0,MUR
KIDZLABS_COLOUR_LAB_MIXER,Standard Selling,551.0,MUR
GROW_YOUR_CRYSTAL_GEODES,Standard Selling,589.0,MUR
GREEN_SCIENCE_SOLAR_SYSTEM,Standard Selling,918.0,MUR
GREEN_SCIENCE_ROBOT_ROVER,Standard Selling,837.0,MUR
GREEN_SCIENCE_HYBRID_CRABOT,Standard Selling,859.0,MUR
GIANT_MAGNETIC_COMPASS,Standard Selling,405.0,MUR
FRENCH_KNITTING_FOX_DOLL,Standard Selling,432.0,MUR
FLASHING_EMERGENCY_LIGHT,Standard Selling,545.0,MUR
CLEAN_WATER_SCIENCE,Standard Selling,535.0,MUR
3IN1_MINI_SOLAR_ROBOT,Standard Selling,848.0,MUR
MEZE_BRAALOUMI_MINTLACVEG,Standard Selling,1449.0,MUR
MEZE_BRAAILOUMI_PLAINLACVEG,Standard Selling,1449.0,MUR
MEZE_BRAAIL_CHILLI_LACVEG,Standard Selling,1449.0,MUR
MEZE_BRAAIL_CAJUNLACVEG,Standard Selling,1449.0,MUR
FRICO_MILD_EDAM_BALL_BLC,Standard Selling,10.0,MUR
EMMENTAL_ENTREMONT_TRAN,Standard Selling,669.0,MUR
ARLA_WHITE_MILD_CHEDDAR,Standard Selling,159.0,MUR
ARLA_EMMENTAL,Standard Selling,87.9,MUR
ARLA_COLOURED_MILD_CHEDDAR,Standard Selling,829.0,MUR
CHUTES_FROMAGES_KG,Standard Selling,439.0,MUR
CO_CAMEMBERT_250G,Standard Selling,239.0,MUR
CO_CARRE_230G,Standard Selling,229.0,MUR
CO_COULOMMIERS_350G,Standard Selling,299.0,MUR
CO_SAINT_PAULIN_340G,Standard Selling,319.0,MUR
CO_ROQUEFORT_150G,Standard Selling,269.0,MUR
CO_REBLOCHON_LAITIER_240G,Standard Selling,349.0,MUR
CO_PARMESAN_PTE_24M_200G,Standard Selling,105.0,MUR
CO_OSSAU_IRATY_200G,Standard Selling,299.0,MUR
CO_NEUFCHATEL_AOP_200G,Standard Selling,289.0,MUR
CO_MOZZARELLA_RAPEE_150G,Standard Selling,179.0,MUR
APERIVRAIS_SAVPROV_100G,Standard Selling,224.0,MUR
CO_EMMENTAL_RAPE_3X70G,Standard Selling,219.0,MUR
CO_CHEVRE_FRAIS_200G,Standard Selling,42.0,MUR
CO_CAMEMB_LAIT_CRU_22MG_250G,Standard Selling,90.0,MUR
CO_BUCHE_STE_MAURE_200G,Standard Selling,249.0,MUR
CO_BRIQUE_BREBIS_150G,Standard Selling,315.0,MUR
CO_BRIQUE_AU_LAIT_VACHE_200G,Standard Selling,32.5,MUR
CO_BLEU_AUVERG125G,Standard Selling,114.9,MUR
CO_BIO_MASCARPONE_250G,Standard Selling,279.0,MUR
CO_BEAUFORT_200G,Standard Selling,126.0,MUR
NF_ALMOND_COCO_ENGY_BALL_200G,Standard Selling,264.95,MUR
HILAL_AJWA_DATES_250G,Standard Selling,23.0,MUR
HEBA_NOURI_DATTE_BQUET_500G,Standard Selling,64.43,MUR
DATTE_MARWA_NAT_500G_ALG,Standard Selling,179.95,MUR
DATTE_LA_PALME_BAKARI_500G_ALG,Standard Selling,154.95,MUR
DATTE_DN_NAT_BAR_ALGERIE_500G,Standard Selling,144.9,MUR
BF_MINI_FIGUES_SECHEES_500G,Standard Selling,49.0,MUR
BF_FIGUES_SECHES_PULLED_500G,Standard Selling,66.0,MUR
BF_FIGUES_SECHES_LERIDA_500G,Standard Selling,29.1,MUR
BF_FIGUES_MOELLEUSE_250G,Standard Selling,9.5,MUR
BF_ABRICOT_SEC_DENOYAUTE_500G,Standard Selling,9.5,MUR
BF_ABRICOT_SEC_DENOYAUTE_250G,Standard Selling,9.5,MUR
BAY_DATTE_MAJDOUL_500G,Standard Selling,159.0,MUR
BAY_DATTE_AJWA_ZIP_POUCH_150G,Standard Selling,334.95,MUR
VEG_ME_KARAS_MEDJ_DATES_200G,Standard Selling,109.9,MUR
RFF_FIGS_PUNNET,Standard Selling,234.01,MUR
NOURI_DATTE_200G,Standard Selling,33.9,MUR
BAY_DATTE_SAGAI_ZIP_PCH_400G,Standard Selling,239.95,MUR
BAY_DATTE_SAFAWI_ZIP_PCH_400G,Standard Selling,279.95,MUR
BAY_DATTE_MABROOM_PCH_400G,Standard Selling,399.95,MUR
BAY_DATTE_DEGLET_NOUR_500G,Standard Selling,109.95,MUR
BAY_DATTE_DEGLET_NOUR_250G,Standard Selling,54.95,MUR
BAY_DATTE_AJWA_ZIP_POUCH_400G,Standard Selling,379.95,MUR
BABY_FIGS_160G_SKC,Standard Selling,114.9,MUR
VIANDES_ET_ABATS_SURGELES,Standard Selling,415.0,MUR
WS_POTATO_CHIPS_1KG,Standard Selling,259.95,MUR
NOWACO_FRENCH_FRIES_1KG,Standard Selling,9.5,MUR
MC_CAIN_TRADITION_1080G,Standard Selling,9.5,MUR
MC_CAIN_STEAK_HOUSE_1080G,Standard Selling,9.5,MUR
MC_CAIN_GOLDEN_FRIES_1080G,Standard Selling,259.95,MUR
MC_CAIN_COUNTRY_POTATOES_780G,Standard Selling,9.5,MUR
LUTOSA_FRENCH_FRIES_1KG,Standard Selling,103.0,MUR
LP_POMMES_RISSOLEE_1KG,Standard Selling,175.0,MUR
LP_FRITES_MICRO_ONDABLE_130G,Standard Selling,38.1,MUR
LP_FRITES_AU_FOUR_6MG_1KG,Standard Selling,54.0,MUR
LP_FRITES_25KG,Standard Selling,55.95,MUR
LP_DEMI_LUNE_AU_FOUR_1KG,Standard Selling,26.0,MUR
FINDUS_RPERIGORD_CREPES_600G,Standard Selling,220.0,MUR
FINDUS_GRENAILLE_450G,Standard Selling,16.0,MUR
AVIKO_SWEET_FRIES_450G,Standard Selling,25.75,MUR
AVIKO_SUPER_CRUNCH_750G,Standard Selling,26.0,MUR
AVIKO_SHOESTRING_FRIES_1000G,Standard Selling,9.5,MUR
AVIKO_POMMES_FRITES_1KG,Standard Selling,26.0,MUR
AVIKO_CRINKLE_CUT_1KG,Standard Selling,20.0,MUR
AMERICANA_FRENCH_FRIES_1KG,Standard Selling,9.5,MUR
PANDAN_CHIFFON_CAKE,Standard Selling,37.0,MUR
PANDAN_CAKE_EXQUI,Standard Selling,32.4,MUR
MINI_TARTELETE_X_4,Standard Selling,16.0,MUR
CO_AILLADOU_AFH_250G,Standard Selling,269.0,MUR
CAPRICE_DES_DIEUX_125G,Standard Selling,215.0,MUR
APERIVSAVITALI_100G,Standard Selling,224.0,MUR
MINI_PATISSERIE_X_6PCS,Standard Selling,27.4,MUR
MINI_GENOISE_X_4_PCS,Standard Selling,243.9,MUR
MINI_ECLAIR_CHOUX_X4,Standard Selling,103.0,MUR
MINI_CAKE_X_4,Standard Selling,9.5,MUR
GENOISE_VANILLE_2025PERS,Standard Selling,579.0,MUR
ASSORTED_PATISSERIE_X_4PCS,Standard Selling,64.0,MUR
ASSORTED_MIGNARDISE_X_9_PCS,Standard Selling,9.5,MUR
ASSORTED_GENOISE_X_3_PCS,Standard Selling,79.0,MUR
GENOISE_VANILLE_1520_PERS,Standard Selling,479.0,MUR
GENOISE_VANILLE_1015PERS,Standard Selling,103.0,MUR
GENOISE_AU_FRUIT_2025_PERS,Standard Selling,30.0,MUR
GENOISE_AU_FRUIT_1520_PERS,Standard Selling,25.0,MUR
GENOISE_AU_FRUIT_1015_PERS,Standard Selling,9.5,MUR
GENOISE_AU_CHOCO_2025_PERS,Standard Selling,559.0,MUR
GENOISE_AU_CHOCO_1520_PERS,Standard Selling,75.0,MUR
GENOISE_AU_CHOCO_1015_PERS,Standard Selling,9.5,MUR
GATEAU_TOUT_CHOCO_20_25PERS,Standard Selling,1109.0,MUR
GATEAU_TOUT_CHOCO_15__20PERS,Standard Selling,799.0,MUR
GATEAU_TOUT_CHOCO_10__15PERS,Standard Selling,76.0,MUR
FORET_NOIRE_2025_PERS,Standard Selling,62.0,MUR
GENOISE_VEGETARIEN_2025_PERS,Standard Selling,1485.0,MUR
GENOISE_VEGETARIEN_1520_PERS,Standard Selling,549.0,MUR
GENOISE_VEGETARIEN_1015PERS,Standard Selling,50.0,MUR
CHOCOLATE_VEG_CAKE_20X20,Standard Selling,590.0,MUR
DIONE_ICREAM_PREMVAN3X80ML,Standard Selling,9.0,MUR
DIONE_ICREAM_PISTACHIO_4X90ML,Standard Selling,39.0,MUR
DIONE_ICREAM_PVANSC475ML,Standard Selling,350.0,MUR
DIONE_ICREAM_PCHOHCR475ML,Standard Selling,47.95,MUR
DIONE_ICREAM_CARAMEL_3X90ML,Standard Selling,285.0,MUR
DAIRYMAID_PK_BINGO_CHOC12X70ML,Standard Selling,165.59,MUR
DAIRYMAID_ORANGE_MAID,Standard Selling,23.0,MUR
DAIRYMAID_OLE_KING_SIZE_90ML,Standard Selling,230.0,MUR
DAIRYMAID_MASTER_TEE_65ML,Standard Selling,230.0,MUR
DAIRYMAID_MAGIC_CONE_4_X_100G,Standard Selling,99.0,MUR
DAIRYMAID_KING_CONE_CHOC_110ML,Standard Selling,90.0,MUR
DAIRYMAID_K_CONE_VAN_110ML,Standard Selling,32.4,MUR
DAIRYMAID_ID_VAN_NOIS_18L,Standard Selling,99.0,MUR
DAIRYMAID_ID_PISTACHIO_18L,Standard Selling,120.07,MUR
DAIRYMAID_ID_MAST_TEE_18L,Standard Selling,62.5,MUR
DAIRYMAID_ID_KULFI_18L,Standard Selling,99.0,MUR
DAIRYMAID_ID_CHBROWNIE_18L,Standard Selling,73.0,MUR
DAIRYMAID_ID_BBERRY_CHE_18L,Standard Selling,339.5,MUR
DAIRYMAID_CHOCSTICK_70ML,Standard Selling,12.0,MUR
CADBURY_CARAMEL_PINT_480ML,Standard Selling,258.0,MUR
BOUNTY_ICREAM_INCLUSION_X6,Standard Selling,9.5,MUR
BJ_COOKIES_DOUGH_100ML,Standard Selling,18.0,MUR
BJ_COOKIE_DOUGH_465ML,Standard Selling,12.25,MUR
BJ_CHOCO_FUDGE_BR_465ML,Standard Selling,9.5,MUR
BJ_CHOCO_BROWN_100ML,Standard Selling,62.5,MUR
TWOOD_HAIR_STRAIGHTENER_TFL031,Standard Selling,925.0,MUR
RW_FOREVER_SHARP_HAIR_CLIPPER,Standard Selling,2990.0,MUR
FORET_NOIRE_1520_PER,Standard Selling,10.0,MUR
FORET_NOIRE_10_15_PERS,Standard Selling,103.0,MUR
CHOCOLAT_SPLASH_SPONGE_CAKE,Standard Selling,50.0,MUR
PRO_AIR_2200_DRYER_2200W_D5210,Standard Selling,2349.0,MUR
POWER_DRY_2000_HAIRDRYER_D3010,Standard Selling,2149.0,MUR
HYDRALUXE_HAIRDRYER_AC8901,Standard Selling,3890.0,MUR
GRAPHITE_SERIES_GROOMER_PG2000,Standard Selling,2299.0,MUR
ALWAYS_DUO_PK_MAXI_FRESH_X16,Standard Selling,33.84,MUR
ALWAYS_MAXI_SUPER_PLUS_X_9_T3,Standard Selling,9.5,MUR
ALWAYS_MAXI_EXTRA_LONG_X8,Standard Selling,220.0,MUR
ALWAYS_ALLDAY_LINERS_SINGLEX16,Standard Selling,39.0,MUR
ALWAYS_DI_PAD_M4_LNG_PLUS_X16,Standard Selling,60.0,MUR
ALWAYS_DISC_MEDIUM_X9_CULOTTES,Standard Selling,49.0,MUR
ALWAYS_DISCREET_LINER_28,Standard Selling,24.0,MUR
ALWAYS_DISC_LARGEX10_CULOTTES,Standard Selling,27.4,MUR
ALTESSE_PREMIUM_2_PLY_6_ROLLS,Standard Selling,9.5,MUR
ALTESSE_PREMIUM_F_PK_2PLY_24_R,Standard Selling,14.0,MUR
ALTESSE__LUXIA_3_PLY_9_ROLLS,Standard Selling,24.0,MUR
ALTESSE_KITCHEN_TOWEL_LUXIA_X2,Standard Selling,20.0,MUR
ALTES_KITCHEN_TOWEL_COMPACT_X2,Standard Selling,14.5,MUR
ALTESSE_FACIAL_3PLY_70_SHEETS,Standard Selling,47.5,MUR
ALTESSE_FACIAL_2PLY_200_SHEETS,Standard Selling,25.0,MUR
ALTESSE_FACIAL_2PLY_100_SHEETS,Standard Selling,220.0,MUR
ALTESSE_COMPACT_2_PLY_6_ROLLS,Standard Selling,24.0,MUR
AIWIBI_BABY_DIAPERS_SM_60,Standard Selling,12.0,MUR
AIWIBI_BABY_DIAPERS_M_54,Standard Selling,74.5,MUR
ECLAT_BRILL_STRAIGHTENER_S6308,Standard Selling,2849.0,MUR
COCONUT_SMOOTH_WAND_CI5901,Standard Selling,2349.0,MUR
AIWIBI_BABY_DIAPERS_L_48,Standard Selling,115.0,MUR
AAB_BABY_WIPES_X_150,Standard Selling,75.0,MUR
AAB_ADULT_DIAPERS_XXL_X10,Standard Selling,22.0,MUR
ADIDAS_GD_AFTER_SPORT_M_250ML,Standard Selling,26.0,MUR
ADIDAS_GD_ACTIVE_START_M_250ML,Standard Selling,26.0,MUR
ADIDAS_EDT_DYNA_PULSE_M_100ML,Standard Selling,30.65,MUR
ADIDAS_DEO_H_DYNAMIC_PUL_150ML,Standard Selling,234.01,MUR
ADIDAS_DEO_AFTER_SPORT_M_150ML,Standard Selling,9.5,MUR
ADIDAS_VICTORY_LEAGUE_M_150ML,Standard Selling,9.5,MUR
AAB_ADULT_DIAPERS_X_LARGE_X10,Standard Selling,159.0,MUR
AAB_ADULT_DIAPERS_MEDIUM_X_10,Standard Selling,169.84,MUR
AAB_ADULT_DIAPERS_LARGE_X_10,Standard Selling,101.75,MUR
ADIDAS_BODY_TEAM_FORC_M_150ML,Standard Selling,12.0,MUR
ADIDAS_BODY_PURE_GAME_M_150ML,Standard Selling,99.0,MUR
ADIDAS_DEO_H_ICE_DIVE_150ML,Standard Selling,9.5,MUR
ADIDAS_BILLE_PRO_INVIS_W_50ML,Standard Selling,9.5,MUR
ADIDAS_BILLE_POWR_BOOST_W_50ML,Standard Selling,10.0,MUR
ADIDAS_APERS_C_D_FRES_M_150ML,Standard Selling,180.0,MUR
ADIDAS_DEO_POW_BOOSTER_M_150ML,Standard Selling,82.5,MUR
ADIDAS_DEO_ENDURANCE_M_150ML,Standard Selling,60.0,MUR
ADIDAS_DEO_FEM_CLIMACOOL_150ML,Standard Selling,99.0,MUR
ACTIVE_MOUTHRINS_SOFT_M_750ML,Standard Selling,126.0,MUR
ACTIVE_MOUTHRINS_GREEN_M_750ML,Standard Selling,5.2,MUR
365_JRS_EDC_500ML_NATURELLE,Standard Selling,15.0,MUR
365_JRS_EDC_250ML_NATURELLE,Standard Selling,140.0,MUR
365_JRS_EDC_250ML_NATURELL_SPR,Standard Selling,47.95,MUR
365_JRS_EDC_125ML_NATURELLE,Standard Selling,9.5,MUR
365_JRS_EDC_100ML_NATURELL_SPR,Standard Selling,230.0,MUR
PREMIUM_CAR_WASH_1_82LTS,Standard Selling,385.0,MUR
ABRO_D_BOARD_POLISH_VANILLA,Standard Selling,155.0,MUR
ABRO_D_BOARD_POLISH_STRAWBERRY,Standard Selling,155.0,MUR
ABRO_CLEAN_ALL_FOAM_CLEANER_LI,Standard Selling,170.0,MUR
ABRO_PREM_CAR_WASH_32OZ,Standard Selling,238.0,MUR
ABRO_PREM_LIW_WAX_473ML,Standard Selling,305.0,MUR
ABRO_LEMON_PROTECT_ALL_10_OZ,Standard Selling,255.0,MUR
LEATHER__VINYL_CLEANER,Standard Selling,290.0,MUR
HEADLIGHT_RESTORATION_POLISH,Standard Selling,180.0,MUR
ABRO_GLASS_CLEANER_PUMP_SPRAY,Standard Selling,192.0,MUR
ABRO_FOAMING_TIRE_CLEANER,Standard Selling,235.0,MUR
ABRO_DASHBOARD_POLISH_4_REFS,Standard Selling,155.0,MUR
ABRO_DASH_BOARD_POLISH_LEMON,Standard Selling,155.0,MUR
ABRO_CLEANING_CLOTH,Standard Selling,65.0,MUR
ABRO_CHAMOIS_CLOTH_S17X13P,Standard Selling,150.0,MUR
ABRO_CHAMOIS_CLOTH_LARGE,Standard Selling,65.0,MUR
ABRO_CAR_WAX_SILICONIZED,Standard Selling,235.0,MUR
ABRO_AIRFRESHNER_SINGLE_8REF,Standard Selling,16.0,MUR
ARMAR_ALL_WHEEL_TIRE_CLEANER,Standard Selling,399.0,MUR
ARMAR_ALL_SPEED_WAX_500_ML,Standard Selling,371.0,MUR
ARMAR_ALL_SHIELD_TIRE_GLAZE_50,Standard Selling,329.0,MUR
ARMAR_ALL_PROTECTANT_GLOSS__FI,Standard Selling,225.0,MUR
ARMAR_ALL_COCKPIT_SHINE_NEW_CA,Standard Selling,232.0,MUR
ARMAR_ALL_COCKPIT_SHINE_LEMON,Standard Selling,232.0,MUR
365_JOURS_ASHAVE_100ML_MUSK,Standard Selling,9.5,MUR
365_JOURS_AP_RAS_100ML_TABAC,Standard Selling,63.5,MUR
365_JOURS_AP_RAS_100ML_LAVEND,Standard Selling,16.0,MUR
ESPUNA_CHORIZO_DOUX_200G,Standard Selling,46.0,MUR
ESPUNA_CANITAS_X6_F_DOLOT60G,Standard Selling,101.9,MUR
ELPOZO_TAPAS_MJAMBON_SAU120G,Standard Selling,246.0,MUR
ELPOZO_SAUCISSON_EXTRA_80G,Standard Selling,9.5,MUR
ELPOZO_FUETEC_IBERIQUE_150G,Standard Selling,49.5,MUR
ELPOZO_FUETEC_170G,Standard Selling,9.5,MUR
ELPOZO_FOUET_CASERO_170G,Standard Selling,174.0,MUR
ELPOZO_CHORIZO_SENTFORT_200G,Standard Selling,126.0,MUR
ELPOZO_CHORIZO_SENTDOUX_200G,Standard Selling,210.0,MUR
EL_POZO_FUETEC_TRUFFE_150G,Standard Selling,23.5,MUR
EL_POZO_FUETEC_MEDITERR150G,Standard Selling,25.0,MUR
CITTERIO_BASTONCINI_SPICY_60G,Standard Selling,187.5,MUR
CITTERIO_BASTONCINI_SALAME_80G,Standard Selling,282.0,MUR
CIDF_SAUCISSE_CHINOISE_TRADFR,Standard Selling,650.0,MUR
BERE_SAUCISSON_CACCIATORE_150G,Standard Selling,248.0,MUR
BERE_SALAMINI_SNACK_CLASS_85G,Standard Selling,136.0,MUR
AUVERNOU_MINI_SNACK_PIM_75G,Standard Selling,116.0,MUR
AOSTE_SAUCISSON_GAUL_250G,Standard Selling,18.8,MUR
SAUCISSON_SEC_PUR_PORC_200G,Standard Selling,309.0,MUR
ESPUNA_SAUCMONT_KICO_100G,Standard Selling,79.0,MUR
CO_MINI_BAT_SCISSON_SEC_100G,Standard Selling,179.0,MUR
CO_SAUCISSE_DROITE_250G,Standard Selling,250.0,MUR
NOTIX_SHAMPOO,Standard Selling,330.0,MUR
NOTIX_POWDER,Standard Selling,327.0,MUR
MULTI_VS_RABBITS_RODDENT_50ML,Standard Selling,355.0,MUR
MULTI_V_PARROT_N_PARAKEET_20ML,Standard Selling,235.0,MUR
LACTOL_PUPPY_MILK,Standard Selling,540.0,MUR
LACTOL_KITEN_MILK,Standard Selling,540.0,MUR
FRONTLINE_DOG_XL_40_T_60KG,Standard Selling,570.0,MUR
FRONTLINE_CAT_PIPETTES,Standard Selling,485.0,MUR
FRESH_BREATH_SPRAY,Standard Selling,335.0,MUR
EYE_CLEANER,Standard Selling,405.0,MUR
EAR_CLEANER,Standard Selling,370.0,MUR
DRY_SHAMPOO_SPRAY_DOG_N_CAT,Standard Selling,385.0,MUR
CAMPING_BISTRO_3,Standard Selling,3083.0,MUR
CALM_ANTI_ANXIETY_SUPPLEMENT,Standard Selling,312.0,MUR
BOL_NATURAL_OIL_BAS_SP_ON_3ML,Standard Selling,267.0,MUR
BOL_NATURAL_FLEA_N_TICK_SPRAY,Standard Selling,330.0,MUR
BOL_ANTI_MICROBIAL_SKIN_SPRAY,Standard Selling,255.0,MUR
BOL_ALLERGY_N_ITCH_RELIEF_SHMP,Standard Selling,405.0,MUR
BEA_SOOTHING_SHAMPOO,Standard Selling,390.0,MUR
BEA_SHMP_SOFT_UNIVERSAL_250ML,Standard Selling,50.0,MUR
BEA_SHAMPOO_BLACK_COAT_250ML,Standard Selling,285.0,MUR
BEA_SHMP_ANTIITCH_DOG_250ML,Standard Selling,290.0,MUR
BEA_LONG_COAT_SHAMPOO_250ML,Standard Selling,90.0,MUR
ANTISEPTIC_SKIN_CARE,Standard Selling,400.0,MUR
ANTI_DANDRUFF_DOG_SHAMPOO,Standard Selling,30.65,MUR
POOL_ACID_5LTS_P3,Standard Selling,391.0,MUR
CERNOL_SCP_ST_CHLORINE_PIL,Standard Selling,810.0,MUR
CERNOCHLOR_A_HTH_5KG,Standard Selling,1765.0,MUR
LA_SALLE_DE_BAIN,Standard Selling,80.0,MUR
CONFECTION_HOMME,Standard Selling,370.0,MUR
CO_MINI_CHORIZO_75G,Standard Selling,230.0,MUR
CO_CHORIZO_FORT_225G,Standard Selling,209.0,MUR
CO_CHORIZO_DOUX_225G,Standard Selling,47.95,MUR
DANETTE_LIEGEOIS_VANIL_4X100G,Standard Selling,299.0,MUR
DANETTE_LIEGEOIS_CHOCO_4X100G,Standard Selling,299.0,MUR
CO_TIRAMISU_SPECUL_2X100G,Standard Selling,229.0,MUR
CO_TIRAMISU_FRAMB_2X100G,Standard Selling,299.0,MUR
CO_TIRAMISU_2X80G,Standard Selling,315.0,MUR
CO_SOJA_SUR_LIT_FRAISES_4X100G,Standard Selling,379.0,MUR
CO_RIZ_LAIT_VANILLE_4X115G,Standard Selling,369.0,MUR
CO_PROFITEROLES_CHOCO_2X90G,Standard Selling,265.0,MUR
CO_PANA_COTTA_MANGPASS2X120G,Standard Selling,249.0,MUR
GRANA_TORTELLINI_RISPIN_250G,Standard Selling,36.0,MUR
MAILLOT_FLAVIA,Standard Selling,1290.0,MUR
FIGO_FISH_BALLS_1KG,Standard Selling,350.0,MUR
FIGO_CHEESE_SEAFOOD_TOFU_500G,Standard Selling,230.0,MUR
DODO_FISH_LONG_500G,Standard Selling,420.0,MUR
DODO_FISH_CHEESE_TOFU_500G,Standard Selling,82.5,MUR
DODO_FISH_BALLS_1KG,Standard Selling,9.5,MUR
DODO_FISH_BALL_500G,Standard Selling,9.5,MUR
DODO_FISH_ASS_HOT_POT_500G,Standard Selling,230.0,MUR
DODO__FISH_BALL_200G,Standard Selling,9.5,MUR
DEWFRESH_FISH_LONG_500G,Standard Selling,49.95,MUR
DEWFRESH_FISH_BALL_200G,Standard Selling,9.5,MUR
DEWFRESH_FISH_BALL_1KG,Standard Selling,220.0,MUR
DFOOD_WANTAN_CHICKEN_X15,Standard Selling,230.0,MUR
DFOOD_VEGSHAO_MAI_X15,Standard Selling,315.0,MUR
DFOOD_VEG_NIOUK_YEN_300G,Standard Selling,159.0,MUR
DFOOD_SHRIMP_SHAO_MAI_X15,Standard Selling,9.5,MUR
DFOOD_S_JCHICSAO_MAI_X15,Standard Selling,230.0,MUR
DFOOD_S_JCHICNIOUKYEN_X15,Standard Selling,9.5,MUR
DFOOD_CHICKSHAO_MAI_750G,Standard Selling,9.5,MUR
DFOOD_CHICKNYOUK_YEN_750G,Standard Selling,72.0,MUR
DFOOD_BOUL_BOEUF_X15,Standard Selling,230.0,MUR
CHOKO_LOCO_DUMPVEG_450G,Standard Selling,9.5,MUR
CHOKO_LOCO_DUMPSHRIMPS_450G,Standard Selling,9.5,MUR
CHOKO_LOCO_DUMPSALTFISH_450G,Standard Selling,51.0,MUR
CHOKO_LOCO_DUMPCHICKEN_450G,Standard Selling,42.65,MUR
BOBO_FISH_LONG__500G,Standard Selling,49.95,MUR
LADY_NIGHT_DRESS_REF_8002,Standard Selling,16.0,MUR
HAREN_BATH_TOW_70_X_140_WHITE,Standard Selling,499.0,MUR
HAREN_BATH_TOW_70_X_140_TURQ,Standard Selling,390.0,MUR
HAREN_BATH_TOW_70_X_140_DGREY,Standard Selling,390.0,MUR
HAREN_BATH_TOW_70_X_140_DGREEN,Standard Selling,390.0,MUR
FACE_TOWEL_30X30CM_PK_5,Standard Selling,35.63,MUR
CAM_SHEAR_BEACH_TOW_90X160_WH,Standard Selling,629.0,MUR
CAM_SH_BEACH_TOW_APL_90X160_WH,Standard Selling,765.0,MUR
BIKINI_BANDEAU,Standard Selling,915.0,MUR
BAVIK_GUEST_TOW_40_X70_MIX_COL,Standard Selling,35.63,MUR
BAVIK_BATH_TOW_70X140_MIX_COL,Standard Selling,35.63,MUR
BATH_TOWEL_70X140CM_500,Standard Selling,74.0,MUR
BATH_TOWEL_70X140CM_425,Standard Selling,68.0,MUR
BATH_TOWEL_70X140CM_310,Standard Selling,120.0,MUR
10S_HAND_TOWEL_30CMX30CM,Standard Selling,28.0,MUR
10S_BATH_TOWEL70_CMX140CM,Standard Selling,9.5,MUR
TEXPERT_NS_30_X_30CM,Standard Selling,50.0,MUR
TEXPERT_MC_40_X_60CM,Standard Selling,50.0,MUR
TEXPERT_MC_40_X_40CM,Standard Selling,60.0,MUR
TEXPERT_KT_50_X_70CM,Standard Selling,80.0,MUR
GRANA_TORTELLINI_BASILI_250G,Standard Selling,323.0,MUR
GRANA_RAVTOMMOZZ_250G,Standard Selling,323.0,MUR
GRANA_RAV_4_CHEES_250G,Standard Selling,323.0,MUR
GRANA_GNOCCHI_400G,Standard Selling,61.95,MUR
EGGS_NOODLES_TASTY_MEAL_500G,Standard Selling,35.0,MUR
COCO_SNACK_GINGER_BALL_X15,Standard Selling,144.0,MUR
COCO_SNACK_BOUCHON_POULET_X15,Standard Selling,220.0,MUR
BERT_TOMATO_MOZZABASI_250G,Standard Selling,32.5,MUR
BERT_TAGLIATELLE_300G,Standard Selling,42.0,MUR
BERT_RICOTTA_SPINACH_250G,Standard Selling,49.0,MUR
BERT_MUSHROOMS_250G,Standard Selling,30.65,MUR
BERT_FOUR_CHEESESE_250G,Standard Selling,30.65,MUR
BERT_FETTUCINE_NESTS_300G,Standard Selling,74.5,MUR
BERT_AUBERGINESPARMESA_250G,Standard Selling,77.05,MUR
SODEBO_FUSILI_SAUMON_CIT_280G,Standard Selling,369.0,MUR
RANDY_FEUILLET_JAMBCH_280G,Standard Selling,399.0,MUR
GRANA_TAGIATELLE_250G,Standard Selling,32.5,MUR
GRANA_SPAGHETTI_250G,Standard Selling,166.0,MUR
FRUIT_DE_MER_PROVENCAL_200G,Standard Selling,389.0,MUR
RANDY_FEUILL_CHEVEPIN_240G,Standard Selling,339.0,MUR
CO_TAGLIATELLE_350G,Standard Selling,259.0,MUR
CO_RAVIOLI_FROMAGE_300G,Standard Selling,32.5,MUR
CO_PATE_FEUILLETE_230G,Standard Selling,529.0,MUR
CO_GRATIN_ENDIVES_JAMBON_280G,Standard Selling,229.0,MUR
CO_PANNA_COTTA_FRA_2X120G,Standard Selling,32.5,MUR
CO_PANNA_COTTA_CAR_4X90G,Standard Selling,369.0,MUR
CO_MOUSSLIEGSAVVAN4X80G,Standard Selling,81.0,MUR
CO_MOUSSE_LIEG_CAFE_4X80G,Standard Selling,225.0,MUR
PIZZA_POULET_PRECUIT,Standard Selling,75.0,MUR
CO_FLAN_PATISSIER_4X100G,Standard Selling,439.0,MUR
CO_CREM_DESS_SAV_CHOCO_4X125G,Standard Selling,379.0,MUR
CO_CROEUF_VAN_LIT_CAR_4X100G,Standard Selling,429.0,MUR
PATE_PIZZA_PRECUITE_300G_1PC,Standard Selling,92.0,MUR
PATE_PIZZA_PRECUITE_125GX2PCS,Standard Selling,12.0,MUR
PATE_FEUILLETAGE_CRUS_1KG,Standard Selling,81.0,MUR
PAIN_CHOC_PUR_BEURREX4FRANCE,Standard Selling,230.0,MUR
PAIN_AUX_RAISINS_X_5PCS,Standard Selling,50.0,MUR
PAIN_AUX_RAISINS_X_3PCS,Standard Selling,42.65,MUR
PAIN_AU_CHOCOLAT_X_5PCS,Standard Selling,80.0,MUR
PAIN_AU_CHOCOLAT_X_3PCS,Standard Selling,75.0,MUR
MINI_VOL_AUX_VENTS_X8PCS,Standard Selling,21.2,MUR
MINI_VIENNOISERIE_PUR_BEUR_X5,Standard Selling,27.3,MUR
MINI_PRAISIN_PUR_BEURREX5FR,Standard Selling,16.0,MUR
MINI_PCHOCOLAT_PUR_BEURREX5FR,Standard Selling,39.0,MUR
MINI_PAIN_AUX_RAISINS_X_6PCS,Standard Selling,25.75,MUR
MINI_PAIN_AU_CHOCOLAT_X_6PCS,Standard Selling,63.93,MUR
MINI_CROISSANT_PUR_BEURREX5FR,Standard Selling,80.0,MUR
MINI_CROISSANT_NATURE_X_6PCS,Standard Selling,9.5,MUR
MINI_CROISSANT_AU_FRO_X_6PCS,Standard Selling,93.4,MUR
MINI_ASSORTVIENNOISERIE_X_6,Standard Selling,9.5,MUR
GARLIC_NAAN_X_4PCSRDEL,Standard Selling,25.75,MUR
CROISSANT_PUR_BEURREX4FRANCE,Standard Selling,27.3,MUR
CROISSANT_NATURE_X_5PCS,Standard Selling,80.0,MUR
VINS_ETRANGERS,Standard Selling,529.95,MUR
DONNA_LISA_70CL__ROUGE,Standard Selling,168.0,MUR
DONNA_LISA_70CL__ROSE,Standard Selling,168.0,MUR
CROISCACAO_NOIS_PUR_BEURRX2FR,Standard Selling,153.0,MUR
CROISSANT_AU_FROMAGE_X_3PCS,Standard Selling,9.5,MUR
FARMSTEAD_BURGER_HERBES_200G,Standard Selling,9.5,MUR
CTECLER_POULET_ENTIER_FRAIS,Standard Selling,9.5,MUR
CTECLER_HANCHES_X8FR,Standard Selling,230.0,MUR
CTECLER_HANCHES_X4,Standard Selling,230.0,MUR
CTECLER_GRILL_MARINEBBQ,Standard Selling,5.2,MUR
CTECLER_GRILL_MARINE_TANDOORI,Standard Selling,9.5,MUR
G7_GELATO_SALTED_CARAMEL_1L,Standard Selling,205.0,MUR
DLIGHT_DRKING_YOG_VAN_200G,Standard Selling,9.5,MUR
DLIGHT_DRKING_YOG_PEA_200G,Standard Selling,9.5,MUR
DLIGHT_DRKING_YOG_NAT_200G,Standard Selling,28.5,MUR
DLIGHT_DRKING_YOG_EX_200G,Standard Selling,159.0,MUR
DLIGHT_DRKING_YOG_AL_200G,Standard Selling,9.5,MUR
DDL_DRINKING_YOGVANILLE_250ML,Standard Selling,37.5,MUR
CROISS_AMANDE_PUR_BEURREX2FR,Standard Selling,9.5,MUR
DONNA_LISA_70CL__BLANC,Standard Selling,168.0,MUR
DIVINE_S_SWT_ROSE_LYC_75CL,Standard Selling,434.0,MUR
BMAMAN_CREME_BRULEE_2X100G,Standard Selling,469.0,MUR
DIVINE_O_DRY_BLC_LYC_75CL,Standard Selling,413.0,MUR
CORDON_ROUGE_75CL,Standard Selling,220.0,MUR
CORDON_ROSE_75CL,Standard Selling,65.0,MUR
CORDON_BLANC_75CL,Standard Selling,21.25,MUR
CHAPTALIN_ROUGE_75CL,Standard Selling,97.0,MUR
CHAPTALIN_ROSE_75CL,Standard Selling,26.0,MUR
CHAPTALIN_BLANC_75CL,Standard Selling,224.0,MUR
BORDOFIN_ROUGE_70CL,Standard Selling,55.65,MUR
BORDOFIN_ROSE_70CL,Standard Selling,163.0,MUR
BORDOFIN_ICE_ROSE_MOEL_75CL,Standard Selling,28.0,MUR
BORDOFIN_ICE_BLANC_MOE_75CL,Standard Selling,180.0,MUR
BORDOFIN_BLANC_70CL,Standard Selling,163.0,MUR
BORDO_ROUGE_70CL,Standard Selling,134.95,MUR
BORDO_ROSE_70CL,Standard Selling,134.95,MUR
BORDO_BLANC_70CL,Standard Selling,134.95,MUR
BARON_DHERVILLE_ROUGE_75CL,Standard Selling,19.5,MUR
BARON_DHERVILLE_ROSE_75CL,Standard Selling,152.95,MUR
BARON_DHERVILLE_BLANC_75CL,Standard Selling,152.95,MUR
CTECLER_GRILL_MARINE_HONEY_GAR,Standard Selling,9.5,MUR
CTECLER_GRILL_MARINE_CHAR_SUI,Standard Selling,40.0,MUR
CTECLER_ESCALOPES_X6FR,Standard Selling,47.95,MUR
CTECLER_ESCALOPES_X3FR,Standard Selling,47.95,MUR
CTECLER_ECOPACK_CUT,Standard Selling,77.0,MUR
CTECLER_CUISSE_ENTIERESX2,Standard Selling,29.1,MUR
CTECLER_CUIS_BLANC_BARQ,Standard Selling,47.95,MUR
CTECLER_COTELETTES_X6,Standard Selling,29.1,MUR
CTECLER_CARCASSE_FRAIS,Standard Selling,33.84,MUR
CTECLER_CAISSETTE_CARRY,Standard Selling,9.5,MUR
CTECLER_BLANC_SANS_PEAU,Standard Selling,9.5,MUR
CTECLER_BLANC_AVEC_PEAU,Standard Selling,35.63,MUR
WS_CRISPY_STRIPS_PIMENTEE_LS,Standard Selling,25.0,MUR
CHT_PILONS_X8_FRAIS_KG,Standard Selling,230.0,MUR
CHT_PILONS_X4_FRAIS_KG,Standard Selling,230.0,MUR
CHANTECLER_FERMIER_ENTIER,Standard Selling,230.0,MUR
CHANTECLER_FERMIER_CUISSE_X_2,Standard Selling,9.5,MUR
CHANTECLER_FERMIER_BLANC_X2_FR,Standard Selling,29.1,MUR
CHANTECLER_3_HANCHES_3_PILONS,Standard Selling,230.0,MUR
WS_CHICKEN_TIKKA_PIMENTEE,Standard Selling,159.0,MUR
WS_BROCHETTE_PLT_PANE,Standard Selling,100.0,MUR
G7_GELATO_PISTACCHIO_1L,Standard Selling,64.43,MUR
G7_GELATO_PANNA_CON_FRAGOLE_1L,Standard Selling,50.0,MUR
G7_GELATO_FIORDILATTE_1L,Standard Selling,330.0,MUR
G7_GELATO_CROAL_CIOCCOLATO_1L,Standard Selling,125.0,MUR
G7_GELATO_COCCO_1LT,Standard Selling,330.0,MUR
G7_GELATO_BACIO_1LT,Standard Selling,66.0,MUR
ERHARD_MOCHIS_GL_EXOTIQUE_280G,Standard Selling,519.0,MUR
ERHARD_MOCHGLAC_VANILLE_140G,Standard Selling,295.0,MUR
ERHARD_MOCHGLAC_CLASSIQ_280G,Standard Selling,519.0,MUR
ERHARD_MOCHGLAC_CITY_140G,Standard Selling,36.4,MUR
ERHARD_MOCHGLAC_CARABIS_140G,Standard Selling,295.0,MUR
ERHARD_GLACE_SPECULOOS_450G,Standard Selling,339.0,MUR
ERHARD_GLACE_MARRON_450G,Standard Selling,339.0,MUR
ERHARD_GLACE_CITRON_YUZU_450G,Standard Selling,339.0,MUR
ERHARD_GLACE_CAFE_450G,Standard Selling,339.0,MUR
ERHARD_GL_PISTACHE_ECLATS_450G,Standard Selling,50.0,MUR
APOLLO_CURRY_85G,Standard Selling,9.5,MUR
BELINDA_WH_PEELED_TOMATO_400G,Standard Selling,26.0,MUR
LKS_120G___PETIT_BEURRE,Standard Selling,53.0,MUR
APOLLO_CHICKEN_85G,Standard Selling,9.5,MUR
CONSERVES_DE_POISSON,Standard Selling,150.0,MUR
DDL_DRINKING_YOGPECABR_250ML,Standard Selling,47.95,MUR
DDL_DRINKING_YOGNATSUC_250ML,Standard Selling,47.95,MUR
DDL_DRINKING_YOGFRAISE_250ML,Standard Selling,28.0,MUR
DDL_DRINKING_YOGFRPASS_250ML,Standard Selling,39.0,MUR
DDL_DRINKING_YOGFRBOIS_250ML,Standard Selling,39.0,MUR
DAVALE_GRK_YGRT_MNGPP_125G,Standard Selling,37.5,MUR
SOIGNON_YRT_CHEVRE_VAN_4X125G,Standard Selling,469.0,MUR
SOIGNON_YRT_CHEVRE_MYRT_4X125G,Standard Selling,329.0,MUR
LES_2_VACHES_BIO_POIRE_4X115G,Standard Selling,399.0,MUR
LES_2_VACHES_BIO_COCO_4X115G,Standard Selling,399.0,MUR
GERVITA_FROMBLC_NAT_4X100G,Standard Selling,399.0,MUR
CO_BIO_YRT_NATURE_4X125G,Standard Selling,369.0,MUR
ACTIVIA_FRUITS_MANGUE_4X125G,Standard Selling,299.0,MUR
ACTIVIA_FRUITS_FRAISE_4X125G,Standard Selling,250.0,MUR
ACTIVIA_FRUITS_ANANAS_4X125G,Standard Selling,429.0,MUR
ACTIVIA_FRUITS_ABRICOT_4X125G,Standard Selling,299.0,MUR
ACTIMEL_A_BOIRE_ORIGINAL_645G,Standard Selling,92.0,MUR
ACTIMEL_ORIGNAT6X100G,Standard Selling,315.0,MUR
ACTIMEL_MUREMYRT_6X100G,Standard Selling,499.0,MUR
B52_ROUGE_75CL,Standard Selling,64.0,MUR
B52_ROSE_75CL,Standard Selling,144.95,MUR
B52_BLANC_75CL,Standard Selling,144.95,MUR
TABLE_HOLDER_HOLDER_K2,Standard Selling,259.0,MUR
WINSTON_RED_NORMAL_X20,Standard Selling,41.5,MUR
WINSTON_BLUE__LIGHTS_X20,Standard Selling,225.0,MUR
ARDO_BROCCOLI_FLORETS_400G,Standard Selling,9.5,MUR
AP_DES_ILES_WANTAN_POULET_X15,Standard Selling,16.0,MUR
Y_C815ABL_20M_UTP,Standard Selling,600.0,MUR
YC8134ABL_10M_UTP,Standard Selling,300.0,MUR
Y_C811ABL_3M_UTP,Standard Selling,135.0,MUR
Y_C47_3BK_1M_USB_2_0,Standard Selling,190.0,MUR
Y_C461BBK_1M_USB_3_0_M,Standard Selling,180.0,MUR
YC451_GBK_1M_USB_2_0_TYPE_A,Standard Selling,85.0,MUR
Y21460_11M_USB_2_4PORT_HUB,Standard Selling,220.0,MUR
Y__247A_USB_TO_STEREO_AUDIO_CO,Standard Selling,530.0,MUR
USB_SILICONE_FAN,Standard Selling,108.0,MUR
USB_OCTOPUS_CHARGER_CABLE,Standard Selling,148.0,MUR
USB_MINI_VACCUM_CLEANER,Standard Selling,186.0,MUR
USB_CABLE_A__AF__USB_EXTENSION,Standard Selling,82.0,MUR
MP3_MP4_USB_CHARGER_PLUG,Standard Selling,133.0,MUR
MICRO_USB_FAN__ANDROID,Standard Selling,72.0,MUR
LAMPE_USB_SILICONE_ASST_COLOR,Standard Selling,82.0,MUR
POWER_BANK_10000_MAH__BR_100T,Standard Selling,779.0,MUR
AP_DES_ILES_WANTAN_CREVETTES,Standard Selling,9.5,MUR
AP_DES_ILES_SAMOUSSA_CREV_X30,Standard Selling,9.5,MUR
AP_DES_ILES_NEMS_SURIMI,Standard Selling,9.5,MUR
AP_DES_ILES_NEMS_POULET_X12,Standard Selling,29.1,MUR
AP_DES_ILES_CROUSTILLANT_LEGUM,Standard Selling,41.5,MUR
1000_PATES_PATE_FEUILDEROULER,Standard Selling,81.0,MUR
1000_PATES_PATE_BRISEE_220G,Standard Selling,230.0,MUR
1000_PATES_MINI_FEUILLEAMANDE,Standard Selling,44.0,MUR
1000_PATES_MINI_FEUILCHOCOLAT,Standard Selling,49.95,MUR
1000_PATES_MINI_FEUIL_BANANE,Standard Selling,49.95,MUR
1000_PATES_FEUILLETE_CREME,Standard Selling,9.5,MUR
1000_PATES_FEUILLEAU_FROMAGE,Standard Selling,170.0,MUR
1000_PATES_DISQUE_PIZZA_220G,Standard Selling,159.0,MUR
WS_DORADE_FILLET,Standard Selling,230.0,MUR
RONSARD_WHOLE_TURKEY_24KG,Standard Selling,64.0,MUR
MAREMLOBSTER_TAIL_MDG_KG,Standard Selling,339.5,MUR
MAREM_SH16_20_MAD_500G,Standard Selling,609.0,MUR
MAREM_H_ON_OCTOPUS_G_A_M_1KG,Standard Selling,230.0,MUR
MAREMER_CAPITAINE_ECAILLES,Standard Selling,360.0,MUR
MBORDE_GIROLLES_24CM_1KG,Standard Selling,46.0,MUR
DOUX_WHOLE_TURKEY_KG,Standard Selling,415.0,MUR
ROTHMANS_X20,Standard Selling,46.9,MUR
PALL_MALL_20HL_RED,Standard Selling,75.0,MUR
NEOS_CAPUCCINO_X10,Standard Selling,360.0,MUR
MONTECRISTO_MINI_X10,Standard Selling,725.0,MUR
MATINEE_X20,Standard Selling,5.2,MUR
MARLBORO_RED_X_20,Standard Selling,24.0,MUR
MARLBORO_GOLD_X_20,Standard Selling,32.0,MUR
DUNHILL_RED_X_20HL,Standard Selling,60.0,MUR
CHESTERFIELD_YELLOW,Standard Selling,32.0,MUR
CHESTERFIELD_RED,Standard Selling,64.0,MUR
CHESTERFIELD_PRESS_BLUE,Standard Selling,46.9,MUR
CAMEL_DOUBLE_MINT_PURPLE,Standard Selling,70.7,MUR
CAMEL_CIGARET_FULL_FLAVOUR_X20,Standard Selling,9.5,MUR
CAMEL_CIGARET_BLUE_LIGHTS_X20,Standard Selling,159.0,MUR
CAFE_CREME_ORIGINAL_X20,Standard Selling,785.0,MUR
CAFE_CREME_CIGAR_ORIGINALX10,Standard Selling,360.0,MUR
CAFE_CREME_CIGAR_BLUE_X10,Standard Selling,360.0,MUR
CAFE_CREME_BLUEX20,Standard Selling,754.95,MUR
BENSON___HEDGES_X_20,Standard Selling,70.7,MUR
PROMATE_WHT_FSTRAP_PHONEHOLDER,Standard Selling,159.0,MUR
BT_SPORTS_BONE_EARP_RIPPLE_BLU,Standard Selling,1290.0,MUR
PROMATE_BLK_FSTRAP_PHONEHOLDER,Standard Selling,159.0,MUR
OFIA_CHARGER_KIT_3XUSB_MICRO,Standard Selling,272.0,MUR
OFIA_CHARGER_KIT_3XUSB_IPHONE,Standard Selling,272.0,MUR
WIRELESS_CHARGER_FC_900Q_TYPEC,Standard Selling,413.0,MUR
TYPE_C_EARPHONE,Standard Selling,165.0,MUR
LIGHTING_EARPHONE_IPHONE,Standard Selling,206.0,MUR
MONOPOD_TELEPHONE_SELFIE_HOLDE,Standard Selling,185.0,MUR
MOBILE_TRIPOD_STICK,Standard Selling,239.0,MUR
MIRROR_MOUNTED_MOB_HOLDER,Standard Selling,200.0,MUR
JBL_L29_BASS_EARPHONE,Standard Selling,100.0,MUR
FREE_YR_HAND_MOB_HOLDER,Standard Selling,146.0,MUR
FOLDABLE_TELEPHONE_STAND,Standard Selling,130.0,MUR
G3_CELEBRAT_WIRED_EARPHONES,Standard Selling,175.0,MUR
G12_CELEBRAT_WIRED_EARPHONES,Standard Selling,225.0,MUR
TWISTIES_20G__CHICKEN,Standard Selling,15.5,MUR
TERRINE_DE_PORC_ENTIER,Standard Selling,9.5,MUR
SALAMI_MILANO,Standard Selling,230.0,MUR
BAY_CARDAMOM_LARGE,Standard Selling,4469.5,MUR
BAY_CAJUN_SPICES,Standard Selling,579.5,MUR
BAY_BURGHOL_FINE,Standard Selling,189.5,MUR
MIKO_MAG_MN_WHITE_6X55ML,Standard Selling,80.85,MUR
MIKO_MAG_MN_CLASSIC_6X55ML,Standard Selling,10.0,MUR
MIKO_MAG_MN_CL_AM_BL_6X55ML,Standard Selling,18.8,MUR
MIKO_MAG_MN_ALMOND_6X_55ML,Standard Selling,16.0,MUR
MARS_ICREAM_X6CARAMEL_B_223G,Standard Selling,85.0,MUR
MARS_ICREAM_X6_250G,Standard Selling,16.0,MUR
LT_GMT_BATGL_VENPIS_4X85ML,Standard Selling,44.0,MUR
LT_GMT_BATGL_VENCHO_4X85ML,Standard Selling,52.0,MUR
LT_GMT_BATGL_CHOCOR_4X85ML,Standard Selling,52.0,MUR
LDAIRY_TRIO_HAZ_BCHOC_6X60ML,Standard Selling,24.0,MUR
LDAIRY_PRAL_PDCHOCS_6X60ML,Standard Selling,92.0,MUR
LD_MN_SORBPABR_BPIN_6X50ML,Standard Selling,24.0,MUR
LD_MN_SORBMANG_RASPB_6X50ML,Standard Selling,42.0,MUR
LD_BE_TIRAM_CM_MCH_6X60ML,Standard Selling,44.0,MUR
LD_BE_CHB_CHOC_BROWN_6X60ML,Standard Selling,47.95,MUR
FERRERO_ROCHER_CLASSICX_4_200G,Standard Selling,41.8,MUR
ESKIMO_PIE_CHOC_STICK_6X70ML,Standard Selling,24.0,MUR
SALAME_SPIANATA_PICCANTE,Standard Selling,153.0,MUR
PATE_DE_CAMPAGNE_PUR_PORC_ENT,Standard Selling,230.0,MUR
LOSTE_JAMBON_DE_BAYONNE,Standard Selling,1410.0,MUR
CHIKO_SAUCISSE_CHINOISE_VOL,Standard Selling,749.0,MUR
CHIKO_MOUSSELINE_VOL_ENT,Standard Selling,320.0,MUR
BARO_SALAMI_ENTIER,Standard Selling,40.0,MUR
CHUTES_JBN_VOLKG,Standard Selling,369.0,MUR
CHUTES_DE_JAMBON_SUPERIEUR,Standard Selling,529.0,MUR
CHUTES_DE_JAMBON,Standard Selling,445.0,MUR
YOPLAIT_SILH_FRAISE_125G,Standard Selling,9.5,MUR
POP_POP_SWEET_CORN_16GMS,Standard Selling,9.5,MUR
TRUST_DRY_IRON_1000W_TDI_5188N,Standard Selling,550.0,MUR
MMAYO_MAYONNAISE_ORIGSM_170G,Standard Selling,151.0,MUR
GUYADER_TARTTHON_FROMAGE_120G,Standard Selling,198.0,MUR
TECHWOOD_RECHAR_EPILATOR_TEP41,Standard Selling,1075.0,MUR
TECHWOOD_BEAUTY_BOX_TMA88,Standard Selling,1590.0,MUR
EL_POZO_SOUBRESSADIBERIQ_200G,Standard Selling,204.0,MUR
BRIVER_CHUTE_MARLIN_FR_250G,Standard Selling,41.5,MUR
ATLANTIC_SALT_SNOEK_TRAY_200G,Standard Selling,9.5,MUR
TLJ_SAUMON_FUME_180G,Standard Selling,75.0,MUR
TARAMA_100G,Standard Selling,124.0,MUR
SMOKED_TUNA_SLICES_500G,Standard Selling,625.0,MUR
PATE_CAMPAGNE_SUPTR_160G,Standard Selling,189.0,MUR
PATE_CAMPAGNE_POIVRE_VERT_160G,Standard Selling,229.0,MUR
PG_MOULE_MARINEES_APER_20OG,Standard Selling,295.0,MUR
MOUSSE_DE_CANARD_TR_160G,Standard Selling,209.0,MUR
MONEGASQUE_FILET_ANCHOIS_100G,Standard Selling,269.0,MUR
LABEY_OEUFS_DE_LOMPE_ROUGE_80G,Standard Selling,329.0,MUR
FISH_AVEN_SAUMON_FUM_ATL_150G,Standard Selling,29.0,MUR
CO_SAUMON_ECOSSE_4TR_160G,Standard Selling,589.0,MUR
CO_OEUFS_LPE_RG_MSC_100G,Standard Selling,199.0,MUR
CASINO_MN_BLINIS_X16_135G,Standard Selling,129.0,MUR
CO_FILHAR_HUILE_AROM125G,Standard Selling,129.0,MUR
CO_FANCHOIS_A_L_DOLIVE_200G,Standard Selling,299.0,MUR
CO_CVI_BRANDADE_MORUE_200G,Standard Selling,26.0,MUR
CO_BIO_LARDONS_SAUMON_90G,Standard Selling,249.0,MUR
CO_BIO_EMINCE_SAUMON_100G,Standard Selling,369.0,MUR
COCEAN_RILLETTES_SAUMON_150G,Standard Selling,198.0,MUR
COCEAN_RILLETTE_DE_THON_150G,Standard Selling,179.0,MUR
MMAYO_MAYONNAISE_ORIGLG_430G,Standard Selling,338.0,MUR
MMAYO_MAYONNAISE_COMBAVA_340G,Standard Selling,359.5,MUR
MMAYO_MAYONNAISE_COMBAVA_170G,Standard Selling,158.5,MUR
FEE_MAISON_MAYONNAISE_220G,Standard Selling,18.8,MUR
TARTARE_NX_ECLAT_AMANDES_250G,Standard Selling,399.0,MUR
TARTARE_CIB_ECH250G,Standard Selling,399.0,MUR
FIESTA_WANTAN_AU_POISSON_200G,Standard Selling,159.0,MUR
ZFARM_TRANCHE_DE_PORC_PANNE,Standard Selling,570.0,MUR
ZFARM_SAO_MAI_PORC_X_12_BARQ,Standard Selling,230.0,MUR
ZFARM_NIOUK_YEN_PORC_X_12_BARQ,Standard Selling,9.5,MUR
ZFARM_BOUCHON_PORC_X_12_BARQ,Standard Selling,75.0,MUR
ZF_SAUTE_DE_PORC,Standard Selling,500.0,MUR
ZF_SAUCISSE_PAYS,Standard Selling,9.5,MUR
ZF_SAUCISSE_NATURE,Standard Selling,24.0,MUR
ZF_SAUCISSE_MERGUEZ,Standard Selling,24.0,MUR
ZF_SAUCISSE_CHIPOLATA,Standard Selling,24.0,MUR
ZF_ROTI_AU_JAMBON,Standard Selling,490.0,MUR
ZF_LARD_FRAIS,Standard Selling,480.0,MUR
ZF_JAMBON_ARTIZAN,Standard Selling,9.5,MUR
ZF_HACHE_PREPAREE,Standard Selling,24.0,MUR
ZF_HACHE_NATURE,Standard Selling,475.0,MUR
ZF_CREPINETTE,Standard Selling,500.0,MUR
ZF_COTE_A_MANCHE,Standard Selling,33.5,MUR
ZFARM_SAUCISSE_VIENNOISE,Standard Selling,230.0,MUR
ZFARM_SAUCISSE_CAMPAGNE_2,Standard Selling,570.0,MUR
WS_SAUCISSE_DE_PORC_NATURE_LS,Standard Selling,599.9,MUR
WS_SAUCISSE_CREOLE_LS,Standard Selling,609.9,MUR
WS_SAUCISSE_CHINOISE_LS,Standard Selling,230.0,MUR
WS_CREPINETTE_LS,Standard Selling,44.5,MUR
WS_BOUCANE_LS,Standard Selling,230.0,MUR
ZFARM_TETE_ROTI,Standard Selling,560.0,MUR
ZFARM_SAUCISSE_FUMEE,Standard Selling,550.0,MUR
ZFARM_SAUCISSE_CAMPAGNE,Standard Selling,230.0,MUR
ZFARM_ROTI_ORLOFF,Standard Selling,850.0,MUR
ZFARM_ROTI_MAISON,Standard Selling,850.0,MUR
ZFARM_ROGNON,Standard Selling,200.0,MUR
ZFARM_POITRINE_FUMEE,Standard Selling,760.0,MUR
ZFARM_PATE_CAMPAGNE,Standard Selling,700.0,MUR
ZFARM_NOIX_FUMEE,Standard Selling,910.0,MUR
ZFARM_LOIN_RIBS,Standard Selling,515.0,MUR
ZFARM_COTE_AU_FILET,Standard Selling,230.0,MUR
ZFARM_CHORIZO,Standard Selling,920.0,MUR
ZFARM_BOUCANE,Standard Selling,230.0,MUR
DLAPEYHONEY_GRILL_SAUSAGE,Standard Selling,525.0,MUR
FIESTA_SAMOUSSA_LEGUMES_225G,Standard Selling,16.0,MUR
FIESTA_SAMOUSSA_FROMAGE_200G,Standard Selling,250.0,MUR
FIESTA_SAMOUSSA_AU_POULET_200G,Standard Selling,29.1,MUR
FIESTA_HAKIEN_AUX_LEGUMES_200G,Standard Selling,67.0,MUR
FIESTA_HAKIEN_AU_POULET_200G,Standard Selling,30.59,MUR
FIESTA_CROQUETTES_PLT_200G,Standard Selling,5.2,MUR
FIESTA_CROQUETTES_FROMAGE_200G,Standard Selling,250.0,MUR
DR_OTKR_TIKKA_CHICPIZ_330G,Standard Selling,68.0,MUR
DR_OTKR_PIZ_SNCK_SL_BBQ_420G,Standard Selling,38.77,MUR
DR_OTKR_PIZ_RISTO_MOZ_355G,Standard Selling,9.5,MUR
DR_OTKR_PIZ_RIST_4_FROM_340G,Standard Selling,103.0,MUR
DR_OTKR_IP_FCHIJALAPENO_529G,Standard Selling,126.72,MUR
DR_OTKR_IP_FBACONSPRON_514G,Standard Selling,49.0,MUR
DR_OTKR_I_PIZZA_SNACK_378G,Standard Selling,74.5,MUR
DR_OTKR_HAWAIIAN_PIZZA_240G,Standard Selling,9.5,MUR
DR_OTKR_FAM_MARGHERIT_424G,Standard Selling,9.5,MUR
DR_OTKR_CLC_BBQ_CHICK_300G,Standard Selling,38.77,MUR
DR_OTKR__RISTOR_SPINA_390G,Standard Selling,9.5,MUR
RINNAI_GAS_STOVE_2_BURNER_RI52,Standard Selling,2890.0,MUR
DECAKILA_MEAT_GRINDER_KEMG004W,Standard Selling,2750.0,MUR
WS_SQUID_U_10_VRAC,Standard Selling,25.0,MUR
YORK_SAUMON_FUME_100G,Standard Selling,49.95,MUR
WS_THON_ROUGE,Standard Selling,459.9,MUR
CREVETTE_ROSE_CUITE_3040_LS,Standard Selling,38.0,MUR
CHOOK_YELLOW_FINTUNA_SEYCHEL,Standard Selling,16.0,MUR
CHOOK_VACOAS_GJ_SLICE_PP_KG,Standard Selling,27.5,MUR
CHOOK_TUNA_LOINS_PP_SEYCHELLE,Standard Selling,570.0,MUR
CHOOK_SWORDFISH_SL_SEYCHELLES,Standard Selling,74.5,MUR
CHOOK_SQUID_TUBES_CHINA,Standard Selling,345.0,MUR
CHOOK_SHRIMPDECOR2130_400G,Standard Selling,47.95,MUR
CHOOK_NILE_PERCH_FISH_FILLET,Standard Selling,41.3,MUR
CHOOK_MIXSEAFOOD_400G,Standard Selling,9.5,MUR
CHOOK_LOBSTER_TAIL,Standard Selling,2208.0,MUR
CHOOK_GROUPER_SLICES,Standard Selling,390.0,MUR
CHOOK_GIANT_SQUID_FILLET,Standard Selling,94.0,MUR
CHOOK_DORADE_FILET,Standard Selling,9.5,MUR
CHOOK_CREVETTE_80100_IN_400G,Standard Selling,49.95,MUR
CHOOK_CREVETTE_7190_IND_400G,Standard Selling,259.95,MUR
CHOOK_CREVETTE_1620_IND_400G,Standard Selling,14.5,MUR
CHOOK_BAR_TROPICAL_STEAK_PP,Standard Selling,522.0,MUR
CHOOK_BAR_TROPICAL_FILLET_PP,Standard Selling,780.0,MUR
CHOOK_BAR_TROP_ENTECAILL_PP,Standard Selling,432.0,MUR
CHOOK_BABY_CUTTLEFISH_700G,Standard Selling,345.0,MUR
FILET_DE_SAUMON_NORVEGE_SV,Standard Selling,44.5,MUR
CHOOK_BAR_TROPICAL_STEAK,Standard Selling,49.95,MUR
CHOOK_BAR_TROPICAL_FILLET,Standard Selling,1170.0,MUR
CHOOK_BAR_TROPICAL_ENT_ECAI,Standard Selling,594.0,MUR
WS_SMOKED_TUNA_CHUTES_250G,Standard Selling,169.0,MUR
WS_SMOKED_TUNA_BLOCK,Standard Selling,949.0,MUR
SMOKED_MARLIN_SLICES_150G,Standard Selling,204.9,MUR
SMOKED_MARLIN_FRAIS_500G,Standard Selling,650.0,MUR
SESKEL_SNOEK_TRAY_200G,Standard Selling,230.0,MUR
PTITSALE_PRENSNOEK_BOUILI_50G,Standard Selling,9.5,MUR
PTIT_SALE_SNOEK_PREBOUILI_80G,Standard Selling,44.0,MUR
PTIT_SALE_SALTED_SNOEK_180G,Standard Selling,9.5,MUR
MARLIN_FUME_TRFR_VIDE_150G,Standard Selling,16.0,MUR
MARLIN_FUME_FILLET_FRAIS_KG,Standard Selling,1125.0,MUR
LEADER_SNOEK_200G,Standard Selling,230.0,MUR
LEADER_SALTED_SNOEK_150G,Standard Selling,9.5,MUR
LABEYRIE_SAUFLE_SAUV6TR_180,Standard Selling,985.0,MUR
LABEYSFUME_TRAD2TR_75G,Standard Selling,42.0,MUR
LABEYSFUME_LORIG2TR_75G,Standard Selling,42.0,MUR
DODO_FISH_FINGERS_360G,Standard Selling,259.95,MUR
DFOODS_VEG_BUNS_200G,Standard Selling,69.95,MUR
VAISSELLE_A_JETER,Standard Selling,64.0,MUR
RANGEMENT_POUBELLES,Standard Selling,135.0,MUR
MOULINEX_TOASTER_TWO_SLOTS,Standard Selling,2790.0,MUR
PREPA_TABLE_ET_CUISSON,Standard Selling,320.0,MUR
MOULINEX_TOASTER_PRINCIPIO,Standard Selling,2590.0,MUR
SOLEIL_COFFEE_MAKER_FG381A10,Standard Selling,2790.0,MUR
MELITTA_FILTRES_A_CAFE_X4,Standard Selling,93.0,MUR
DECA_SANDWICH_TOASTER_KEEC001W,Standard Selling,1425.0,MUR
DECAKILA_GLASS_KETTLE_1_8L,Standard Selling,1150.0,MUR
LUMINARC_TRANS_MUG_NEW_MORNING,Standard Selling,102.5,MUR
LUMINARC_MUG_SWEET_IMPRESSION,Standard Selling,150.0,MUR
LUMINARC_MUG_PRUNELLA,Standard Selling,150.0,MUR
LUMINARC_MUG_POSITIVITY,Standard Selling,150.0,MUR
LUMINARC_MUG_PARADIS,Standard Selling,150.0,MUR
LUMINARC_MUG_N_CV_TRANSP_32CL,Standard Selling,105.0,MUR
LUMINARC_MUG_HAWORTH_20OZ,Standard Selling,175.0,MUR
LUMINARC_MUG_HAWORTH_10OZ,Standard Selling,100.0,MUR
LUMINARC_MUG_FLOROSA,Standard Selling,150.0,MUR
LUMINARC_MUG_FIZZ_32,Standard Selling,150.0,MUR
LUMINARC_MUG_CONSERV_ROSE_25CL,Standard Selling,275.0,MUR
LUMINARC_MUG_COFFEE_LOVE,Standard Selling,150.0,MUR
LUMINARC_MUG_CAFFINSTRY,Standard Selling,150.0,MUR
LUMINARC_MUG_BRITANNIA_20OZ,Standard Selling,175.0,MUR
LUMINARC_MUG_BRITANNIA_10OZ,Standard Selling,100.0,MUR
LUMINARC_MUG_BELIAROSA,Standard Selling,150.0,MUR
LUMINARC_MUG__TRIANON,Standard Selling,130.0,MUR
LUM_MUG_N_CV_MIX_COLOR_32CL,Standard Selling,105.0,MUR
DFOODS_RED_BEAN_BUNS_200G,Standard Selling,264.95,MUR
DFOODS_CHICKEN_BUNS_200G,Standard Selling,110.0,MUR
CUISTO_CATELESSE_PLT_X4_230G,Standard Selling,9.5,MUR
BYKESKIN_CORDON_BLEU_440G,Standard Selling,29.1,MUR
BYKESKIN_CHICKEN_STRIPS_375G,Standard Selling,52.0,MUR
BYKESKIN_CHICKEN_NUGGETS_260G,Standard Selling,9.5,MUR
BYKESKIN_CHICKSCHNITZEL_500G,Standard Selling,29.1,MUR
BYKESKIN_CHICKCROQUETTE_450G,Standard Selling,9.5,MUR
BUFFET_VEG_MOMOS_250G,Standard Selling,10.0,MUR
BUFFET_VEG_CUTLET_300G,Standard Selling,12.0,MUR
BUFFET_TANDOORI_NAAN_340G,Standard Selling,9.5,MUR
BUFFET_TANDOORI_GARL_NAAN_340G,Standard Selling,70.7,MUR
BUFFET_MULTIGRAIN_PARATHA_300G,Standard Selling,102.5,MUR
BUFFET_MALABAR_PARATHA_300G,Standard Selling,50.0,MUR
BUFFET_FLAKY_PARATHA_400G,Standard Selling,9.5,MUR
BUFFET_BUTTER_PARATHA_300G,Standard Selling,102.5,MUR
BUFFET_BREADED_VEG_FINGER_300G,Standard Selling,120.0,MUR
BUFFET_ALOO_PARATHA_400G,Standard Selling,118.0,MUR
BIBIGO_PB_VEG_DUMPLING_420G,Standard Selling,102.5,MUR
BIBIGO_PB_MUSHR_DUMPLING_420G,Standard Selling,125.0,MUR
BIBIGO_PB_KIMCH_DUMPLING_420G,Standard Selling,102.5,MUR
BIBIGO_PB_JAPCH_DUMPLING_420G,Standard Selling,30.0,MUR
BIBIGO_PB_DUMPLING_ORIG_420G,Standard Selling,30.0,MUR
RDD_COMBO_NAAN_350G,Standard Selling,102.5,MUR
CHARLOTTE_PASSION1015PERS,Standard Selling,399.0,MUR
CORE_HCG_PREGNANCY_TEST_CASSET,Standard Selling,69.0,MUR
WRITING_PEN_210_BLISTER_BLUE,Standard Selling,60.0,MUR
WRITING_PEN_210_BLISTER_BLACK,Standard Selling,60.0,MUR
CUSTARD_BUNS,Standard Selling,16.0,MUR
CROUTONS_AUX_4_MERVEILLES,Standard Selling,9.5,MUR
CIABATTA_X_3,Standard Selling,25.75,MUR
CHEESE_FARATA_X_4_PCS,Standard Selling,9.5,MUR
BURGER_MULTIGRAIN_X_4_PCS,Standard Selling,47.95,MUR
BURGER_80G_X_4PCS,Standard Selling,9.5,MUR
BROWN_TOAST_BREADLARGE_630G,Standard Selling,23.0,MUR
BROWN_TOAST_BREAD_SM_360G,Standard Selling,25.75,MUR
BRIOCHETTE_X_9PCS,Standard Selling,9.5,MUR
BRIOCHE_RONDE_100G_X_2,Standard Selling,42.65,MUR
BRIOCHE_NATURE_60G_X_4,Standard Selling,9.5,MUR
BRIOCHE_MOULE_350G,Standard Selling,26.0,MUR
BRIOCHE_FEUILLETE_AUX_RAISINS,Standard Selling,16.0,MUR
BRIOCHE_FEUILLETE_AUX_FRUITS,Standard Selling,30.65,MUR
BRIOCHE_FEUILLETE_AU_CHOCOLAT,Standard Selling,47.95,MUR
BRIOCHE_FEUILLE_AU_CHOCOLAT,Standard Selling,377.3,MUR
BREAD_CRUMBS_CHAPELURE_500G,Standard Selling,39.0,MUR
BAGUETTE_VIENNOIS_200G,Standard Selling,9.5,MUR
BAGUETTE_DE_TRADITION,Standard Selling,16.0,MUR
BAGUETTE_A_LANCIENNE_BLANCHE,Standard Selling,47.95,MUR
BAGUETTE_A_LANCIENNE_AUX_GRAIN,Standard Selling,49.95,MUR
BAGUETTE_A_LANCIENNE_240_G,Standard Selling,230.0,MUR
BAG_A_LANC_OLIVES_NOIRES_PER,Standard Selling,47.95,MUR
BAG_A_LANC_OIGNON_ET_FR,Standard Selling,42.0,MUR
ASSORTED_TOAST_4_SAVEURS,Standard Selling,5.2,MUR
ARTIST_CANVAS_PAD_A4_10_SHEET,Standard Selling,239.0,MUR
ARTIST_CANVAS_PAD_A3_10_SHEET,Standard Selling,430.0,MUR
ARTIST_CANVAS_60X80CM,Standard Selling,405.0,MUR
ARTIST_CANVAS_20X30CM,Standard Selling,105.0,MUR
ARTIST_BRUSH_SET_8007,Standard Selling,114.0,MUR
ARTIST_BRUSH_POUCH,Standard Selling,220.0,MUR
ARTIST_BRUSH_9_PCS,Standard Selling,70.0,MUR
ARTIST_BRUSH_6PCS_ROUND,Standard Selling,53.9,MUR
ARTIST_BRUSH_609R,Standard Selling,110.0,MUR
ARTIST_BRUSH_609F,Standard Selling,110.0,MUR
ARTIST_BRUSH_5_PCS,Standard Selling,52.0,MUR
ARTIST_BRUSH_252_6PCS,Standard Selling,30.0,MUR
ARTIST_BRUSH_12P,Standard Selling,139.0,MUR
AIR_VENT_MOB_HOLDER_A8,Standard Selling,158.0,MUR
AIR_CLAY_6013,Standard Selling,78.0,MUR
ADHESIVE_BK_COVER_50X36CM_10PC,Standard Selling,35.63,MUR
ACRYLIC_COLOUR_6,Standard Selling,215.0,MUR
ACRYLIC_COLOUR,Standard Selling,215.0,MUR
ACRON_BUTTERFLY_KIT,Standard Selling,64.46,MUR
5PCS_STATIONERY_SET_801,Standard Selling,32.0,MUR
TAPE_TRANSPARENT_60MTS,Standard Selling,114.0,MUR
TAPE_TRANSPARENT_30MTS,Standard Selling,45.0,MUR
FILE_A4,Standard Selling,28.5,MUR
CONTEMPO_WET_WILD_CONDOMS_X_3,Standard Selling,90.0,MUR
CONTEMPO_ROUGH_RIDER_CONDM_X_3,Standard Selling,72.1,MUR
CONTEMPO_BARE_BACK_CONDOMS_X_3,Standard Selling,220.0,MUR
CLEAR_WASHPROOF_PLASTERS_X16S,Standard Selling,21.62,MUR
CERNOL_INST_HAND_SANITIZE_80ML,Standard Selling,12.0,MUR
CAREX_CONDOMS_X12_RIBBED,Standard Selling,170.5,MUR
CAREX_CONDOMS_X12_MUL_PLEASURE,Standard Selling,56.0,MUR
CAREX_CONDOMS_X12_DOTTED,Standard Selling,170.5,MUR
CAREX_CONDOMS_X12_COLOURS,Standard Selling,170.5,MUR
CAREX_CONDOMS_X12_CLASSIC,Standard Selling,105.0,MUR
CAREX_CONDOMS_X12_ASS_FLAVOURS,Standard Selling,28.5,MUR
CALSOURCE_CALCIUM_EFF_500MG,Standard Selling,170.0,MUR
BIO_OIL_SKINCARE_OIL_NAT_60ML,Standard Selling,42.0,MUR
BIO_OIL_SKINCARE_OIL_NAT_125ML,Standard Selling,32.88,MUR
BIO_OIL_DRY_SKIN_GEL_100ML,Standard Selling,45.0,MUR
BIO_OIL_125ML,Standard Selling,390.0,MUR
B_WELL_INFRARED_THERM_MED_3000,Standard Selling,269.0,MUR
B_WELL_DIGITAL_THERM_WT03_BASE,Standard Selling,170.0,MUR
B_WELL_DIG_THERM_KIDS_FROG_DES,Standard Selling,199.0,MUR
B_WELL_DIG_THERM_KIDS_DOG_DES,Standard Selling,28.75,MUR
AAB_DISP_PROTECTIVE_MASK_X_10,Standard Selling,80.0,MUR
365_JOUR_HD_SP_SANITIZER_50ML,Standard Selling,230.0,MUR
CARROT_CAKE_X_2PCS,Standard Selling,199.0,MUR
CARROT_CAKE_10_15PERS,Standard Selling,489.0,MUR
CAKE_VEGETARIEN_400G,Standard Selling,16.0,MUR
CAKE_DATTE_400G,Standard Selling,22.95,MUR
CAKE_AUX_FRUITS_SECS_400G,Standard Selling,103.0,MUR
CAKE_AUX_AMANDES_400G,Standard Selling,103.0,MUR
CAKE_AU_RAISIN_400G,Standard Selling,103.0,MUR
CAKE_AU_CHOCOLAT_400G,Standard Selling,103.0,MUR
CAKE_A_LA_BANANE_400G,Standard Selling,35.63,MUR
CAKE_A_L_ORANGE_400G,Standard Selling,16.0,MUR
BROWNIES_X_2_PCS,Standard Selling,26.0,MUR
BROWNIES_4_6_P,Standard Selling,549.0,MUR
BROWNIE_VEG_20X20,Standard Selling,679.0,MUR
BLUEBERRY_VEG_CAKE_20X20,Standard Selling,159.0,MUR
BISCUITS_GREO_X2PC,Standard Selling,46.0,MUR
BISCUITS_GREO_X10PC,Standard Selling,16.0,MUR
BISCUITS_CHAMPAGNE_X10PC,Standard Selling,9.5,MUR
BISCUITS_AUX_AMANDES_X10PC,Standard Selling,16.0,MUR
BISCUITS_AU_COCO_X10PC,Standard Selling,42.65,MUR
BISCUITS_AU_CHOCOLAT_X10PC,Standard Selling,32.5,MUR
BATONNET_FROMAGE_SUPREME_X12PC,Standard Selling,16.0,MUR
RDELICE_TH_MET_FARATA_X_6,Standard Selling,103.0,MUR
RDELICE_DHOLL_PURI_X_6,Standard Selling,26.0,MUR
RDELICE_CHAPATTI_X_6,Standard Selling,149.0,MUR
RDELICE_ALOO_FARATA_X6,Standard Selling,103.0,MUR
MR_BERTI_2_RAW_DOUGH_2X250G,Standard Selling,125.0,MUR
MAHESO_CHURROS_A_FRIRE_500G,Standard Selling,81.0,MUR
MSALUJA_FARATA_SPECIALE_700G,Standard Selling,103.0,MUR
LA_CAZE_MAMA_FARATA_500G,Standard Selling,29.1,MUR
LA_CAZE_MAMA_DAL_PURI_450G,Standard Selling,29.1,MUR
FRESH_2GO_TOR10X12PL_768G,Standard Selling,34.3,MUR
FIGO_SPRROLL_PASTRY_500G,Standard Selling,64.0,MUR
FIESTA_LENTIL_DHALL_PITA_300G,Standard Selling,28.0,MUR
ERHARD_MOCHGLACES_EV8_X_35G,Standard Selling,519.0,MUR
DONSA_PURI_X12,Standard Selling,29.1,MUR
OEUDOR_PLEIN_AIR_X_6,Standard Selling,156.0,MUR
OEUDOR_OEUFS_X_15,Standard Selling,9.5,MUR
OEUDOR_OEUFS_FRAIS_X_30,Standard Selling,26.0,MUR
OEUDOR_OEUFPKX30CLING_FILM,Standard Selling,9.5,MUR
OEUDOR_NATURES_GOLD_VEGX4,Standard Selling,159.0,MUR
OEUDOR_NATURES_GOLD_VEGX10,Standard Selling,9.5,MUR
OEUDOR_MOTHERS_CHOICE_MEDIUM,Standard Selling,46.0,MUR
OEUDOR_MATINES_TRES_GROS_X_6,Standard Selling,74.5,MUR
OEUDOR_MATINES_MOYEN_X_20,Standard Selling,9.5,MUR
OEUDOR_MATINES_GROS_X6,Standard Selling,24.0,MUR
OEUDOR_MATINES_GROS_X_12,Standard Selling,9.5,MUR
OEUDOR_JUMBO_X_6,Standard Selling,9.5,MUR
OEUDOR_CAGE_FREE_X6,Standard Selling,47.95,MUR
EGGSMORE_TRAY_SMALL_X_30,Standard Selling,9.5,MUR
EGGSMORE_MEDIUM_X_30,Standard Selling,9.5,MUR
EGGSMORE_MEDIUM_X_18,Standard Selling,9.5,MUR
EGGSMORE_MEDIUM_X_10,Standard Selling,24.0,MUR
EGGSMORE_LIQUID_EGGS_WHITE_1L,Standard Selling,159.0,MUR
EGGSMORE_LARGE_X_6,Standard Selling,26.0,MUR
EGGSMORE_LARGE_X_12,Standard Selling,9.5,MUR
EGGSMORE_JUMBO_X_6,Standard Selling,58.0,MUR
EGGCELLENT_X_30_STANDARD,Standard Selling,9.5,MUR
DONN_SA_DHALL_PITA_400G,Standard Selling,52.5,MUR
DATSCHAUB_LAVA_CAKES_X_2_180G,Standard Selling,56.0,MUR
EGGCELLENT_X_30_MEDIUM,Standard Selling,9.5,MUR
EGGCELLENT_EGGS_X_15,Standard Selling,147.0,MUR
CAILLE_DOREEQUAIL_EGGS_BOX,Standard Selling,156.0,MUR
PAIN_ROND_BRUN_X_2_PCS,Standard Selling,23.0,MUR
PAIN_MAISON_100GX2PCS,Standard Selling,42.65,MUR
FLUTE_BLANC_100G_X_2PCS,Standard Selling,42.65,MUR
BAGUETTE_PARISIENNE_300G,Standard Selling,9.5,MUR
BAGUETTE_FICELLE_AU_FROMAGE,Standard Selling,42.65,MUR
MAZZA_ANCHOV_FIL_IN_S_OIL_80G,Standard Selling,75.0,MUR
MAREMER_OURITE_BOUILLI_200G,Standard Selling,9.5,MUR
DOBE_DUAL_CHARGING_DOCK_TP4002,Standard Selling,450.0,MUR
LUMINARC_ASS_DIWALI_TURQ_25CM,Standard Selling,150.0,MUR
TABLELAND_DAIRY_FREE_BUT_500G,Standard Selling,52.5,MUR
STORK_COUNTRY_SPREAD_500G,Standard Selling,74.5,MUR
SCHEF_RUBAN_ROUGE_BLOCK_500G,Standard Selling,230.0,MUR
OLIVE_GROVE_TUB_CLASSIC_375G,Standard Selling,9.5,MUR
OLIVE_GROVE_MARGARLITE_500G,Standard Selling,16.0,MUR
OLIVE_GROVE_MARG_500G,Standard Selling,9.5,MUR
OLIVE_GROVE_EXTRA_VIRGIN_375G,Standard Selling,14.5,MUR
MOTHERS_CHOICE_TUB_250G,Standard Selling,9.5,MUR
MOTHERS_CHOICE_500G,Standard Selling,9.5,MUR
MIRACLE_SPREAD_500G,Standard Selling,26.8,MUR
MIRACLE_SPREAD_1KG,Standard Selling,9.5,MUR
MIL_FOIL_250G,Standard Selling,47.95,MUR
MEADOW_LEA_REDUCED_FAT_500G,Standard Selling,9.5,MUR
MEADOW_LEA_ORIGINAL_500G,Standard Selling,14.5,MUR
MEADOW_LEA_ORIGINAL_250G,Standard Selling,9.5,MUR
MEADOW_LEA_ORIGINAL_1KG,Standard Selling,9.5,MUR
MEADOW_LEA_LOW_SALT_500G,Standard Selling,22.0,MUR
MEADOW_LEA_CANOLA_TUB_500G,Standard Selling,14.5,MUR
LURPAK_COOKSPRAY_SALTED_200ML,Standard Selling,24.0,MUR
FLORA_O_TUB_1_KG,Standard Selling,9.5,MUR
FLORA_MARGREGULAR_500G,Standard Selling,9.5,MUR
FLORA_MARGLIGHT_1KG,Standard Selling,9.5,MUR
BLUEBAND_MARG500G,Standard Selling,9.5,MUR
ST_HUBOMEGA_3_SS_SEL_250G,Standard Selling,279.0,MUR
ST_HUB_PUR_VEGEDX_275G,Standard Selling,299.0,MUR
LUMINARC_ASS_DIWALI_NOIR_25CM,Standard Selling,150.0,MUR
LUMINARC_ASS_DIWALI_BLANC_25CM,Standard Selling,150.0,MUR
LUMINARC_ASS_DIRECT_PLATE,Standard Selling,90.0,MUR
LUMINARC_AS_DIWALI_GRANIT_25CM,Standard Selling,150.0,MUR
LUM_PLAT_TRIANON_RT_FOUR_32X26,Standard Selling,450.0,MUR
LUM_PLAT_TRIANON_RC_FOUR_29X23,Standard Selling,400.0,MUR
LUM_PLAT_TRIANON_OV_FOUR_22X16,Standard Selling,300.0,MUR
LUM_PLAT_CARINE_RECFOUR_34X25,Standard Selling,560.0,MUR
LUM_PLAT_CARINE_REC_FOUR_38X28,Standard Selling,625.0,MUR
LUM_PLAT_CARINE_REC_FOUR_30X22,Standard Selling,515.0,MUR
LUM_PLAT_CARINE_CAR_FOUR_20X20,Standard Selling,425.0,MUR
LUM_PLAT_CARIN_OVAL_FOUR_38X23,Standard Selling,625.0,MUR
LUM_PLAT_CARIN_OVAL_FOUR_25X15,Standard Selling,425.0,MUR
FIREWOOD_KNIFE,Standard Selling,320.0,MUR
DURALEX_PRISME_TUMBLER_6X7CL,Standard Selling,82.8,MUR
DUR_PICARDIE_GR_TUMBLER_6X31CL,Standard Selling,880.0,MUR
DUR_PICARDIE_GB_TUMBLER_4X25CL,Standard Selling,730.0,MUR
DUR_CAPRICE_GRED_SAUCER_6X14CM,Standard Selling,62.0,MUR
DUR_CAPRICE_GRLOURED_CUP_6X9CL,Standard Selling,510.0,MUR
DURALEX_AMALFI_TUMBLER_4X7CL,Standard Selling,190.0,MUR
DOBE_CONTROLLER_GRIP_TNS_851B,Standard Selling,350.0,MUR
DMZ_10D_KIDS_HEADSET,Standard Selling,850.0,MUR
DESKTOP_STAND_X11,Standard Selling,195.0,MUR
D35_BEAUTY_LIVE_SQ_RINGLIGHT,Standard Selling,800.0,MUR
D28_LIGHT_MOUSE,Standard Selling,500.0,MUR
MFUNCTION_TV_REMOTE_CONTROL,Standard Selling,500.0,MUR
CHAOBA_HAIR_DRYER_2800,Standard Selling,2900.0,MUR
CELEBRAT_STEREO_EARPHONE_D2,Standard Selling,225.0,MUR
CEL_SECURE_FAST_DATA_CABLE_FLY,Standard Selling,250.0,MUR
CELEBRAT_C9_EARPHONE,Standard Selling,450.0,MUR
CELEBRAT_35_AUX_AUDIO_CABLE,Standard Selling,200.0,MUR
CELEBRAT_1000M_DATA_CABLE_CB09,Standard Selling,200.0,MUR
CAR_HOLDER__X38,Standard Selling,400.0,MUR
CAR_FOLDING_VACCUM_CLEANER_V1,Standard Selling,1900.0,MUR
CAR_CHARGER_C_833,Standard Selling,350.0,MUR
AWEI_SPEAKER_Y520,Standard Selling,8750.0,MUR
AWEI_HAIR_DRYER_DS1,Standard Selling,4800.0,MUR
ASUS__WIRELESS_MOUSE_WT205,Standard Selling,650.0,MUR
ANDROID_BOX_MXQPRO_4K_5G,Standard Selling,1650.0,MUR
ADJUSTABLE_LAPTOP_STAND_OT155,Standard Selling,850.0,MUR
4IN1_USB_C_5GBPS_HUB_H1208B,Standard Selling,410.0,MUR
ADAPTER_USB_CABLE_25W_PD,Standard Selling,475.0,MUR
2_PORT_WALL_CHARGER_USBAC_20W,Standard Selling,410.0,MUR
CO_COTEAUX_D_LAY_CS_HV_BL_75CL,Standard Selling,869.0,MUR
6PCS_RIBBON_BOW_SHINING,Standard Selling,28.0,MUR
PAPER_BAG_S,Standard Selling,37.0,MUR
ATOZ_TOMATE_CERISES,Standard Selling,16.0,MUR
ATOZ_POIVRON_ECOPACK,Standard Selling,20.0,MUR
EMBORG_SLCED_MUSHROOM_450G,Standard Selling,9.5,MUR
EMBORG_EDAMAME_SOYBEANS_400G,Standard Selling,9.5,MUR
EMBORG_CAULIFLOWER_RICE_450G,Standard Selling,12.0,MUR
EMBORG_BROCCOLI_FLORETS_450G,Standard Selling,159.0,MUR
DAUCY_MELANGE_MEXICAIN_1KG,Standard Selling,50.0,MUR
DAUCY_HARICOT_VERT_EXFIN_1KG,Standard Selling,81.0,MUR
DAUCY_CHOUX_BROCOLIS_1KG,Standard Selling,50.0,MUR
DAUCY_CHFLEUR_EFLEURETTE_1KG,Standard Selling,159.0,MUR
DATSCHAUB_MIXED_VEG_450G,Standard Selling,29.1,MUR
DATSCHAUB_GREEN_BEANS_450G,Standard Selling,24.0,MUR
DATSCHAUB_GARDEN_PEAS_450G,Standard Selling,9.5,MUR
CDREAM_ASPERGES_VERTE_EN_1KG,Standard Selling,794.0,MUR
BONDUELLE_COURGETTES_GRIL1KG,Standard Selling,344.4,MUR
BONDUELLE_CHOUX_FLEURS_1KG,Standard Selling,50.0,MUR
BONDUELLE_AUBERGINES_GRIL1KG,Standard Selling,344.4,MUR
ARDO_WOK_MIX_400G,Standard Selling,50.0,MUR
ARDO_RAINBOW_RICED_VEGET_450G,Standard Selling,44.5,MUR
ARDO_GARDEN_PEASCARROTS_400G,Standard Selling,5.2,MUR
ARDO_GARDEN_PEAS_MEDIUM_400G,Standard Selling,9.5,MUR
ARDO_FROZEN_MIXED_VEG_400G,Standard Selling,9.5,MUR
ARDO_CUT_GREEN_BEANS_400G,Standard Selling,42.65,MUR
ARDO_CAULIFLOWER_RICE_450G,Standard Selling,47.95,MUR
ARDO_CAULIFLOWER_FLORETS_400G,Standard Selling,9.5,MUR
ATOZ_CAROTTE_1KG_ECONOPACK,Standard Selling,9.5,MUR
ATOZ_BABY_FENNEL_200G,Standard Selling,144.95,MUR
ATOZ_BABY_CARROTS_RAINBOW_200G,Standard Selling,9.5,MUR
ATOZ_BABY_BRINJAL_200G,Standard Selling,159.0,MUR
ATOZ_ASPARAGUS_125G,Standard Selling,115.0,MUR
AROUILLE_VIOLET,Standard Selling,29.1,MUR
AROUILLE_CARRY,Standard Selling,29.1,MUR
ANGIVES_BQT,Standard Selling,9.5,MUR
AIL_IMPORTE,Standard Selling,9.5,MUR
AIL_FILLETX5SHIBOO,Standard Selling,26.0,MUR
AIL_BQT,Standard Selling,45.0,MUR
ACHARD_PIMENT_TAMARIN,Standard Selling,9.5,MUR
ACHARD_PIMENT_CAROTTE,Standard Selling,74.5,MUR
ACHARD_PIM_CAROT_POMME,Standard Selling,35.9,MUR
A_TO_Z_CONCOMBRE_VERT,Standard Selling,9.5,MUR
SKC_BUTTERNUT_BQT_SLICE,Standard Selling,69.9,MUR
SAFRAN_FILLET_125G,Standard Selling,32.9,MUR
POIVRON_VERT_PLASTIFIER,Standard Selling,225.0,MUR
CHAMPIGNON_PLEUROTTE_MB_125G,Standard Selling,49.9,MUR
BREDE_SONGE_NOIR_BQT,Standard Selling,42.65,MUR
PAPER_BAG_M,Standard Selling,59.0,MUR
PAPER_BAG_L,Standard Selling,75.0,MUR
PAPER_BAG_BOTTLE,Standard Selling,49.0,MUR
PAPER_BAG_33X26X12CM,Standard Selling,25.0,MUR
PAPER_BAG_27X21X11CM,Standard Selling,22.0,MUR
PAPER_BAG_25X12_5X31__5CM,Standard Selling,45.0,MUR
PAPER_BAG_21_5_X_15_X_8,Standard Selling,16.0,MUR
PAPER_BAG_19X27X9CM,Standard Selling,33.0,MUR
PAPER_BAG_12__5X16__5X6CM,Standard Selling,23.0,MUR
LARGE_CARD_C_50,Standard Selling,90.0,MUR
GIFT_WRAP_2MX70CM_HOT_METAL,Standard Selling,135.0,MUR
GIFT_WRAP_2MX70CM_EVERYDAY,Standard Selling,230.0,MUR
GIFT_BAG_XL_PLAIN,Standard Selling,62.0,MUR
GIFT_BAG_XL_MOTIF,Standard Selling,75.0,MUR
GIFT_BAG_LARGE_MANDALA_THEME,Standard Selling,195.0,MUR
GIFT_BAG_MEDIUM_MOTIF,Standard Selling,52.0,MUR
GIFT_BAG_LARGE_MOTIF,Standard Selling,70.0,MUR
12PCS_RIBBON_BOW_SHINING_SMAL,Standard Selling,30.0,MUR
CO_CDR_VILLAGES_HVE_CS_RG_75CL,Standard Selling,629.0,MUR
CO_CHABLIS_CS_BL_75CL,Standard Selling,1350.0,MUR
CO_BGNE_PINOT_NOIR_CS_RG_75CL,Standard Selling,1089.0,MUR
CO_BOURGOGNE_HCN_CS_ROUGE_75CL,Standard Selling,1359.0,MUR
CO_BOURGOGNE_CS_BL_75CL,Standard Selling,1020.0,MUR
CO_BDX_SUP_RG_MIL_75CL,Standard Selling,550.0,MUR
CO_BORDEAUX_ROSE_CS_HVE_75CL,Standard Selling,42.65,MUR
CO_BLAYE_CH_LESCAT_RG_75CL,Standard Selling,199.95,MUR
CO_BEN_MTIR_RG_CS_75CL,Standard Selling,535.0,MUR
CO_BEN_MTIR_GRIS_CS_75CL,Standard Selling,529.95,MUR
CO_TONIC_150CL,Standard Selling,140.0,MUR
CO_SIROP_THE_PECHE_BIDON_75CL,Standard Selling,249.0,MUR
CO_SIROP_CASSIS_BIDON_75CL,Standard Selling,37.95,MUR
CO_AM_NECT_MULTI_BRIK_1L,Standard Selling,250.0,MUR
CO_LIMONADE_15L,Standard Selling,250.0,MUR
CO_JUS_PAMPLEMOUSSE_BRIK_1L,Standard Selling,9.5,MUR
CO_JUS_ORANGE_BRIK_1L,Standard Selling,16.0,MUR
CO_JUS_ABC_MULTI_BRIK_1L,Standard Selling,250.0,MUR
CO_CREME_DE_PECHE_15D_50CL,Standard Selling,46.0,MUR
CO_CREME_DE_MURE_15D_50CL,Standard Selling,99.95,MUR
CO_CREME_CASSIS_15D_70CL,Standard Selling,99.95,MUR
CO_AMER_BIERE_18D_1L,Standard Selling,129.95,MUR
TRPICAL_TUNA_SLID_IN_OIL_170G,Standard Selling,33.84,MUR
TROPICAL_FLAKES_IN_OIL_170G,Standard Selling,64.43,MUR
FROMAGES_LIBRE_SERVICE,Standard Selling,140.8,MUR
CRYSTAL_50CL,Standard Selling,46.9,MUR
B_MAGIC_LESS_LIQ_3L_NAT_FRESH,Standard Selling,35.63,MUR
PERETTE_VANILLE_250ML,Standard Selling,32.4,MUR
PERETTE_CHOCOLAT_250ML,Standard Selling,32.4,MUR
PERETTE_CAFE_LATTE_250ML,Standard Selling,14.5,MUR
SQUEEZIT_PINEAPLE_JUICE_1L,Standard Selling,9.5,MUR
SQUEEZIT_PEACH_APRI_JUICE_1L,Standard Selling,22.95,MUR
SQUEEZIT_ORANGE_JUICE_1L,Standard Selling,159.0,MUR
SQUEEZIT_MANGO_JUICE_1L,Standard Selling,116.0,MUR
SQUEEZIT_GRAPEFRUIT_JUICE_1L,Standard Selling,10.0,MUR
SQUEEZIT_EXOTIC_JUICE_1L,Standard Selling,9.5,MUR
SQUEEZIT_APPLE_JUICE_1L,Standard Selling,16.0,MUR
FRUITOPIE_TROPICAL_250ML,Standard Selling,56.0,MUR
FRUITOPIE_TROPICAL_1L,Standard Selling,9.5,MUR
FRUITOPIE_POMEGRANATE_250ML,Standard Selling,24.0,MUR
FRUITOPIE_ORANGE_250ML,Standard Selling,24.0,MUR
FRUITOPIE_ORANGE_1L,Standard Selling,22.95,MUR
FRUITOPIE_MANGO_1L,Standard Selling,35.9,MUR
FRUITOPIE_CRANBERRY_1L,Standard Selling,41.5,MUR
FRUITOPIE_CRANB250ML,Standard Selling,24.0,MUR
COCOMAX_100_CNUT_WATER_350ML,Standard Selling,125.0,MUR
ANDROS_JUS_FRUITS_EXOTIQUES_1L,Standard Selling,156.0,MUR
ANDROS_JFRT_F_RAISIN_1L,Standard Selling,24.5,MUR
ANDROS_JFRT_F_POMME_1L,Standard Selling,249.0,MUR
ANDROS_JFRT_F_PAMPLEMOUSSE_1L,Standard Selling,60.0,MUR
ANDROS_JFRT_F_ORANGE_1L,Standard Selling,95.0,MUR
ANDROS_JFRT_F_MOJITO_SALC_1L,Standard Selling,9.5,MUR
ANDROS_JFRT_F_CLEMENTINE_1L,Standard Selling,377.3,MUR
ANDROS_JFRT_F_BCRANBERRY_1L,Standard Selling,9.5,MUR
ANDROS_JFRT_F_ANANAS_1L,Standard Selling,373.0,MUR
PERETTE_AMANDE_250ML,Standard Selling,32.4,MUR
PASCUAL_CMOCAY_ESPRESSO_200ML,Standard Selling,98.0,MUR
PASCUAL_CMOCAY_CAPPUC_200ML,Standard Selling,98.0,MUR
MLMCFL_FRCOW_MILK_POUCH_500ML,Standard Selling,9.5,MUR
MILO_ORIG_ACTIVGO_RTD_240ML,Standard Selling,67.0,MUR
MILAIT_LAIT_BADAM_PIST_250ML,Standard Selling,9.5,MUR
MILAIT_ALOUDA_VANILLE_500ML,Standard Selling,9.5,MUR
CLOVER_SUPM_DRINK_STRAWB_1L,Standard Selling,125.0,MUR
CLOVER_SUPM_DRINK_CHOCO_1L,Standard Selling,125.0,MUR
CLOVER_SM_DRINK_VANILLA_300ML,Standard Selling,19.9,MUR
CLOVER_SM_DRINK_STRAWB_300ML,Standard Selling,9.5,MUR
CLOVER_SM_DRINK_CHOCO_300ML,Standard Selling,19.9,MUR
ARLA_PROTEIN_MILK_VANIL_470ML,Standard Selling,81.0,MUR
ARLA_PROTEIN_MILK_STRAWB_482ML,Standard Selling,34.3,MUR
ARLA_PROTMILK_CHO_LSUG_470ML,Standard Selling,16.0,MUR
STARBUCKS_NOISETMCHIAT_220ML,Standard Selling,199.0,MUR
SOJASUN_PLAISVANILLE_4X100G,Standard Selling,399.0,MUR
SOJASUN_PLAISCHOCO_4X100G,Standard Selling,250.0,MUR
SOJASUN_CITRON_4X100G,Standard Selling,399.0,MUR
SOJASUN_FIGUES_4X100G,Standard Selling,399.0,MUR
B_MAGIC_LESS_LIQ_3L_LAVENDER,Standard Selling,47.95,MUR
B_MAGIC_LESS_LIQ_3L_JASMINE,Standard Selling,9.5,MUR
BLUE_MAGIC_LESSIVE_MAIN_750G,Standard Selling,47.95,MUR
BLUE_MAGIC_LESSIVE_MAIN_400G,Standard Selling,42.65,MUR
BMAGIC_ADOUC_ROSE_TOU_1_5L,Standard Selling,9.5,MUR
BMAGIC_ADOUC_LAVEND_BQ_1_5L,Standard Selling,49.95,MUR
BMAGIC_ADOUC_COTTON_P_1_5L,Standard Selling,9.5,MUR
BMAGIC_ADOUC_AQUA_BLU_1_5L,Standard Selling,39.0,MUR
BV_SAVON_NOIR_LIQUIDE_1L,Standard Selling,220.0,MUR
BIOVIE_LESS_MAIN_LAVAND_200ML,Standard Selling,24.0,MUR
BIOVIE_LESS_ENGAGEE_HUIL_PALME,Standard Selling,885.0,MUR
BIOVIE_DETAC_LINGE_PERCAB_350G,Standard Selling,385.0,MUR
BIOVIE_ASSOUP_CONC_ALOE_VER_1L,Standard Selling,260.0,MUR
BINGO_LQ_DETERG_ALL_COLORS_3LT,Standard Selling,159.0,MUR
BINGO_AUTOMAT_WHITE_COLORS_3KG,Standard Selling,9.5,MUR
BINGO_AUTOMAT_ULTRA_WHITE_3KG,Standard Selling,230.0,MUR
ARIEL_LESS_MACH_ORIGINAL_900G,Standard Selling,26.0,MUR
ARIEL_LIQUID_REG_2_5LT,Standard Selling,16.0,MUR
ARIEL_LIQUID_TOD_2_5LT,Standard Selling,75.0,MUR
ARIEL_LIQUID_LAVENDER_2_5L,Standard Selling,9.5,MUR
ARIEL_LIQUID_MACHINE_1_8LT_TOD,Standard Selling,16.0,MUR
ARIEL_LESSIVE_MAIN_500G,Standard Selling,9.5,MUR
ARIEL_LESS_MACH_ORIGINAL_3KG,Standard Selling,9.5,MUR
ARIEL_LESSIVE_MAIN_1KG,Standard Selling,9.5,MUR
PRODUITS_POUR_APERITIF,Standard Selling,115.0,MUR
MIMIL_PET_FOOD_TUNA_WATER_170G,Standard Selling,33.84,MUR
PEDIGREE_5KINDS_OF_MEAT_400G,Standard Selling,42.65,MUR
PLANT_DILL_ANETH,Standard Selling,85.0,MUR
PLANT_CURRY_LEAVES,Standard Selling,80.0,MUR
PLANT_CURRY,Standard Selling,86.0,MUR
PLANT_CUPHEA,Standard Selling,45.0,MUR
PLANT_CORONSOL,Standard Selling,100.0,MUR
PLANT_CORIANDER,Standard Selling,72.0,MUR
PLANT_CITRONELLA,Standard Selling,72.0,MUR
PLANT_CHRYSANTHEME_NAIN,Standard Selling,143.0,MUR
PLANT_CHRYSANTHEME,Standard Selling,143.0,MUR
PLANT_CHILLI,Standard Selling,143.0,MUR
PLANT_CHERRY_TOMATO,Standard Selling,79.0,MUR
PLANT_CELERICELERY,Standard Selling,70.0,MUR
PLANT_BAUME_DU_PEROU,Standard Selling,58.0,MUR
PLANT_BASILIC,Standard Selling,85.0,MUR
PLANT_AYAPANA,Standard Selling,72.0,MUR
PLANT_ARAUCARIA,Standard Selling,350.0,MUR
PLANT_ALTERNANTERA,Standard Selling,45.0,MUR
BOUQUET_REF_NO_010,Standard Selling,60.0,MUR
BOUQUET_REF_NO_007,Standard Selling,30.0,MUR
BOUQUET_REF_NO_006,Standard Selling,95.0,MUR
BOUQUET_REF_NO_005,Standard Selling,1000.0,MUR
BOUQUET_REF_NO_003,Standard Selling,315.0,MUR
BOUQUET_REF_NO_002,Standard Selling,49.0,MUR
BOUQUET_REF_NO_001,Standard Selling,78.0,MUR
BOUQUET_REF_004,Standard Selling,600.0,MUR
PHOENIX_BEER_CAN_330ML,Standard Selling,39.0,MUR
BELLE_HOLLAND_UHT_1L_12_CREAM,Standard Selling,39.0,MUR
BAYARA_FISH_MASALA_170G,Standard Selling,115.0,MUR
VILEDA_OUTDOOR_DRYER_SOLAR_100,Standard Selling,3608.0,MUR
ABRO_SUPER_GOLD_PASTE_WAX_230G,Standard Selling,240.0,MUR
BAYARA_CURRY_POWDER_200G,Standard Selling,90.0,MUR
BAYARA_CUMIN_WHOLE_200G,Standard Selling,145.0,MUR
BAYARA_CUMIN_POWDER_200G,Standard Selling,9.5,MUR
BAYARA_CORIANDER_WHOLE_200G,Standard Selling,120.07,MUR
BROSSE_A_LAVE_NO_5,Standard Selling,36.0,MUR
BEAR_MOP_X_L_BLANC__MANCHE,Standard Selling,61.0,MUR
BEAR_MOP_230GM,Standard Selling,16.0,MUR
BALAIS_SOLEIL_MANCHE,Standard Selling,259.95,MUR
ASTONISH_LIMESC_REM_TRIG_750ML,Standard Selling,26.0,MUR
ASTONISH_DISINF_PINE_OIL_750ML,Standard Selling,60.0,MUR
ASTONISH_ANTIB_CLN_TRIG_750ML,Standard Selling,9.5,MUR
A_TONKITA_DUST_PAN_BRUS_TK_677,Standard Selling,104.0,MUR
AQUA_VERA_GLASS_CLN_GREE_500ML,Standard Selling,57.0,MUR
AQUA_VERA_GLASS_CLN_BLUE_500ML,Standard Selling,159.0,MUR
ALUMINIUM_MOP_STICK_130CM,Standard Selling,275.0,MUR
ALUMINIUM_MOP_STICK_120CM,Standard Selling,20.0,MUR
ALL_BLUE_TOILET_CLEAN_BLOCK_X2,Standard Selling,32.0,MUR
ALCOOL_BLEU,Standard Selling,9.5,MUR
ALCOOL_BLANC,Standard Selling,9.5,MUR
AJAX_SPRAY_S_BAIN_600ML_CITRON,Standard Selling,9.5,MUR
AJAX_SPRAY_600ML_CUISINE,Standard Selling,20.0,MUR
AJAX_MULTI_USAGES_FRAIS_1_25L,Standard Selling,9.5,MUR
AJAX_MULTI_USAGES_EUCALY_1_25L,Standard Selling,9.5,MUR
AJAX_MULTI_USAGES_CITRON_1_25L,Standard Selling,47.95,MUR
AJAX_FDF_MUGUET_NATUREL_1_25L,Standard Selling,46.0,MUR
AJAX_FDF_COQUEL_NATURELL_1_25L,Standard Selling,22.0,MUR
AJAX_FDF_CERISE_NATURELL_1_25L,Standard Selling,98.0,MUR
ABRO_DESINFECTANT_SPRAY_400ML,Standard Selling,16.0,MUR
BAYARA_CORIANDER_POWDER_200G,Standard Selling,9.5,MUR
BAYARA_CINNAMON_POWDER_40G,Standard Selling,95.0,MUR
BAYARA_CINNAMON_POWDER_200G,Standard Selling,190.0,MUR
BAYARA_CHILI_ROUND_100G,Standard Selling,125.0,MUR
BAYARA_CHILI_POW_KASHMIRI_200G,Standard Selling,195.0,MUR
BAYARA_CHILI_POWDER_200G,Standard Selling,103.0,MUR
BAYARA_CHIA_SEEDS_400G,Standard Selling,14.5,MUR
BAYCARDBOX_SINDHI_BIRYANI_60G,Standard Selling,16.0,MUR
BAYCARDBOX_MEAT_MASALA_150G,Standard Selling,160.0,MUR
BAYARA_CB_MALAY_CHICK_BIRY_60G,Standard Selling,95.0,MUR
BAYARA_CB_AUT_BOM_BIRYANI_60G,Standard Selling,95.0,MUR
BAYARA_CARDAMOM_POWDER125G,Standard Selling,180.0,MUR
BAYARA_BLACK_PEPPER_WHOLE_100G,Standard Selling,39.0,MUR
BAYARA_BL_PEPPER_POWDER_165G,Standard Selling,190.0,MUR
BAYARA_BLACK_PEPPER_POW_100G,Standard Selling,9.5,MUR
BAYARA_BIRYANI_MASALA_180G,Standard Selling,185.0,MUR
BAYARA_ARABIC_MIX_MASALA_200G,Standard Selling,200.0,MUR
THES_ET_INFUSIONS,Standard Selling,115.0,MUR
BAYARA_ANISEEDS_200G,Standard Selling,125.0,MUR
BAYARA_ALL_SPICES_POWDER_200G,Standard Selling,290.0,MUR
AFTER_EIGHT_CLASSIC_400G,Standard Selling,28.5,MUR
SELS_POIVRES_EPICES,Standard Selling,290.0,MUR
PUREE_FECULE_SEMOULE,Standard Selling,105.0,MUR
PRODUITS_POUR_PATISSERIE,Standard Selling,550.0,MUR
PRODUITS_EXOTIQUESCHINOIS,Standard Selling,96.25,MUR
POUDRES_BOISSON_CHOCOLATEES,Standard Selling,330.0,MUR
POTAGES_ET_BOUILLONS,Standard Selling,85.0,MUR
PLATS_CUISINES,Standard Selling,148.0,MUR
PATES_ALIMENTAIRES,Standard Selling,42.0,MUR
PANIFICATION_SECHE,Standard Selling,95.0,MUR
LEGUMES_SECS,Standard Selling,55.5,MUR
LAIT_POUDRE_UHT_CONCENTRES,Standard Selling,265.0,MUR
HUILES_ALIMENTAIRES,Standard Selling,115.0,MUR
FRUITS_AU_SIROP,Standard Selling,137.0,MUR
ENTREMETS_ET_DESSERTS,Standard Selling,262.2,MUR
CONSERVES_DE_VIANDES,Standard Selling,49.0,MUR
CONSERVES_DE_LEGUMES,Standard Selling,178.26,MUR
CONFITURE_PATES_A_TARTINER,Standard Selling,354.0,MUR
CONFISERIES_DE_SUCRE,Standard Selling,20.0,MUR
RED_VELVET_FAMIL_8_10_PERS,Standard Selling,529.0,MUR
RED_VELVET_4__6PERS,Standard Selling,97.0,MUR
RED_VELVET_10_15_PERS,Standard Selling,899.0,MUR
CRYSTAL_15L,Standard Selling,67.0,MUR
CRYSTAL_SPARKLING_1LT,Standard Selling,64.0,MUR
CRYSTAL_JAR_WATER_PUMP,Standard Selling,425.0,MUR
AIRWICK_6IN1_AER_COT_BRZ_280ML,Standard Selling,63.95,MUR
AIRWICK_6IN1_AER_AQUAMAR_280ML,Standard Selling,63.95,MUR
A_SCENTS_REFILLABLE_250G_OCEAN,Standard Selling,42.0,MUR
A_SCENTS_M_ABSORB_500ML_NAT,Standard Selling,230.0,MUR
A_SCENTS_M_ABSORB_500ML_LAV,Standard Selling,230.0,MUR
A_SCENTS_M_ABS_REFIL_250G_OCEA,Standard Selling,80.0,MUR
A_SCENTS_M_ABS_REFILL_250G_NAT,Standard Selling,80.0,MUR
A_SCENTS_M_ABS_REFIL_250G_LAV,Standard Selling,14.5,MUR
AIR_SCENTS_HANG_MOIST_NAT_230G,Standard Selling,230.0,MUR
AIR_SCENTS_HANG_MOIST_LAV_230G,Standard Selling,41.3,MUR
AIR_SCENTS_GEL_FR_VAN_PASS_70G,Standard Selling,9.5,MUR
AIR_SCENTS_GEL_FR_BREEZE_70G,Standard Selling,42.65,MUR
AIR_SCENTS_GEL_FR_AUTO_NUC_70G,Standard Selling,42.65,MUR
AIR_SCENTS_GEL_FR_APPLE_70G,Standard Selling,41.3,MUR
AER_POWER_POCKET_SEA_BREEZE,Standard Selling,9.5,MUR
AER_POWER_POCKET_LEMON_TANGY,Standard Selling,9.5,MUR
AER_POWER_POCKET_LAVENDE_BLOOM,Standard Selling,9.5,MUR
AER_POWER_POCKET_FRESH_BLOSOM,Standard Selling,9.5,MUR
AER_POWER_POCKET_FLORAL_DELIGH,Standard Selling,9.5,MUR
AER_POWER_POCKET_BERRY_RUSH,Standard Selling,15.5,MUR
ABRO_DESO_STRAWBERRY_300ML,Standard Selling,25.0,MUR
ABRO_DESODO_LEMON_300ML,Standard Selling,259.95,MUR
ABRO_DESODO_CHERRY_300ML,Standard Selling,130.0,MUR
ABRO_DESO_LILAC_300ML,Standard Selling,259.95,MUR
ABRO_DESO_LAVENDER_300ML,Standard Selling,259.95,MUR
CONTREX_15L,Standard Selling,74.5,MUR
AQUELLE_WMELON_SPRK_WATER_50CL,Standard Selling,53.0,MUR
AQUELLE_SBRY_SPRK_WATER_50CL,Standard Selling,250.0,MUR
AQUELLE_PAPL_SPRKL_WATER_50CL,Standard Selling,43.0,MUR
AQUELLE_LIT_SPRK_WATER_50CL,Standard Selling,53.0,MUR
AQUELLE_LEM_SPRKL_WATER_50CL,Standard Selling,53.0,MUR
AQUELLE_H_MEL_SPRK_WATER_50CL,Standard Selling,53.0,MUR
AQUELLE_GRDILA_SPRK_WATER_50CL,Standard Selling,80.0,MUR
AQUELL_SPK_WATER_LEMON_15L,Standard Selling,64.0,MUR
AQUELLE_APL_SPRK_WATER_50CL,Standard Selling,24.0,MUR
AQUA_SPRING_WATER_600ML,Standard Selling,159.0,MUR
AQUA_SPRING_WATER_15LT,Standard Selling,9.5,MUR
AQUA_SPRING_15LTX6,Standard Selling,9.5,MUR
AIRWATER_ALKALINE_500ML,Standard Selling,159.0,MUR
AIRWATER_ALKALINE_1L,Standard Selling,125.0,MUR
TECHWOOD_STICK_BLENDER_TMP_660,Standard Selling,1350.0,MUR
OPERA_FAMILIALE,Standard Selling,12.0,MUR
MOUSSELINE_COCO_2025_PERS,Standard Selling,529.0,MUR
MOUSSELINE_COCO_1520_PERS,Standard Selling,469.0,MUR
MOUSSELINE_COCO_1015_PERS,Standard Selling,399.0,MUR
MOUSSE_AU_FRAISE_46_PERS,Standard Selling,299.0,MUR
MOUSSE_AU_CHOCOLAT_46_PERS,Standard Selling,205.0,MUR
MOKA_CAFE,Standard Selling,499.0,MUR
MILLE_FEUILLE_VAN_4__6_PERS,Standard Selling,230.0,MUR
MILLE_FEUILLE_CHOCO_4__6_PERS,Standard Selling,90.0,MUR
MILLE_FEUI_REDVELVET_VEG_20X20,Standard Selling,659.0,MUR
GENOISE_CH_CARM_D_10_15_P,Standard Selling,469.0,MUR
ENTREMET_CITRON_VERT,Standard Selling,799.0,MUR
DUO_CHOCOLAT_68_PERS,Standard Selling,699.0,MUR
CHEESECAKE_PASSION_1015PERS,Standard Selling,829.0,MUR
CHEESECAKE_OREO_46PERS,Standard Selling,439.0,MUR
CHEESECAKE_BLUEBERRY_46PERS,Standard Selling,439.0,MUR
CHEESECAKE_BLUEBERRY_1015PERS,Standard Selling,829.0,MUR
ABHA_HENNA_COLOUR_10G_NAT_BLCK,Standard Selling,30.65,MUR
ANDROS_POMPRUNEAU_SSA_4X100G,Standard Selling,159.0,MUR
KDREAM_BARFI_MALAI_STK_3X100ML,Standard Selling,45.0,MUR
TIRAMISSU_EXQUI,Standard Selling,230.0,MUR
MOUSSE_COCO_AU_AMANDE,Standard Selling,69.0,MUR
FLAN_COCOEXQUI,Standard Selling,28.0,MUR
FLAN_CARAMEL,Standard Selling,230.0,MUR
CUSTD__JELLY_FRUITSEXQUI,Standard Selling,60.0,MUR
CREME_BRULEEEXQUI,Standard Selling,97.0,MUR
ISLAND_ICE_SMALL_BAG_4KG,Standard Selling,135.0,MUR
ISLAND_ICE_SMALL_BAG_25KG,Standard Selling,115.0,MUR
HDAZS_VANILLA_CUP_100ML,Standard Selling,97.0,MUR
HDAZS_VAN_CAR_AL_ST_BAR_80ML,Standard Selling,44.0,MUR
HDAZS_CUP_VAN_CAR_BRO_95ML,Standard Selling,119.0,MUR
HDAZS_CUP_STRAW_CH_95ML,Standard Selling,230.0,MUR
HDAZS_CUP_MACANUT_95ML,Standard Selling,97.0,MUR
FRUIXIDOU_TAMARIN_PK_6_X_75ML,Standard Selling,32.0,MUR
FRUIXIDOU_PASSION_PK_6_X_75ML,Standard Selling,49.0,MUR
FRUIXIDOU_MANGUE_PK_6_X_75ML,Standard Selling,32.0,MUR
FRUIXIDOU_FROUGES_PK_6_X_75ML,Standard Selling,47.95,MUR
FRUIXIDOU_CMENTHE_PK_6_X_75ML,Standard Selling,32.0,MUR
DIONE_ICREAM_SICILPIST475ML,Standard Selling,92.0,MUR
ANDROS_POCHATAIGNE_SSA_8X100G,Standard Selling,238.7,MUR
ALPRO_SOJA_VANILLA_DESS_4X125G,Standard Selling,240.0,MUR
CO_BIO_PANACOTTA_FRAMB2X120G,Standard Selling,399.0,MUR
MNOVA_LIEG_VANILL_CCAR_2X120G,Standard Selling,289.0,MUR
L300_BIO_CRDESSERT_CHOC_380G,Standard Selling,399.0,MUR
LFERMIER_LIEGPISTACHE_2X130G,Standard Selling,459.0,MUR
GERVITA_FROMBLC_COCO_4X100G,Standard Selling,299.0,MUR
ABHA_HENNA_COLOUR_10G_BURGUNDY,Standard Selling,46.9,MUR
ABHA_HENNA_COLOUR_10G_BROWN,Standard Selling,131.6,MUR
365_JOURS_E_DC_250ML_BEBE,Standard Selling,510.14,MUR
365_JOURS_E_DC_125ML_BEBE,Standard Selling,12.0,MUR
365_JOURS_E_DC_100ML_BEBE,Standard Selling,12.0,MUR
FARMLAND_FCMP_1KG,Standard Selling,9.5,MUR
LUMINARC_ASS_CARINE_NR_CREUSE,Standard Selling,140.0,MUR
WALL_STICKER_LARGE_70X78CM,Standard Selling,210.0,MUR
PYREX_RP28BW4_ORIGIN_WOK_28CM,Standard Selling,2100.0,MUR
WESTPNT_MINI_OVEN_9L_WOY917RQK,Standard Selling,1790.0,MUR
WESTPOINT_MINI_OVEN_45L,Standard Selling,4790.0,MUR
TRUST_RICE_COOKER_18L_TRC180W,Standard Selling,1390.0,MUR
TABLE_MAT_FOAM_LEAVES_X2,Standard Selling,400.0,MUR
STICKERS_RHINSTONES,Standard Selling,14.5,MUR
RKG_CLASSIC_PURE_GHEE_100_ML,Standard Selling,19.0,MUR
SHAMBRANI_AGAINST__EVIL,Standard Selling,60.0,MUR
PARIMAL_EKA,Standard Selling,24.0,MUR
MOTIFS_SMALL_CHARAN_GANESH,Standard Selling,126.0,MUR
LED_T_LIGHT_GLITTER_HEART_SHAP,Standard Selling,275.0,MUR
HANDS_FREE_MINI_FAN_3IN1,Standard Selling,449.0,MUR
HANDMADE_MONEY_WALLET_XMAS,Standard Selling,45.0,MUR
FOREST_BAHUBALI_CUP,Standard Selling,49.0,MUR
CONFETTI_3PCS,Standard Selling,62.0,MUR
CANDLE_GLASS_45HR,Standard Selling,300.0,MUR
BALLON_FOIL_PARTY_1_LOVE__U,Standard Selling,65.0,MUR
AROMA_OIL_10ML,Standard Selling,82.0,MUR
AMRUTH_ROSE,Standard Selling,16.85,MUR
AGGARBATHI_SPIRITUAL_FLORA,Standard Selling,65.0,MUR
AGGARBATHIPRIME_OUDH,Standard Selling,9.5,MUR
AGGARBATHI_PARROT,Standard Selling,12.0,MUR
6PCS_PLS_BOWL_GOLD_3DES,Standard Selling,160.0,MUR
4PCS_TABLE_MAT_SET,Standard Selling,325.0,MUR
20PCS_NAPKIN_GOLD_SILVER_DOTTE,Standard Selling,65.0,MUR
LUMINARC_ASS_CARINE_BL_PLATE,Standard Selling,140.0,MUR
LUMINARC_ASS_CARINE_BL_DESSERT,Standard Selling,135.0,MUR
LUMINARC_ASS_CARINE_BL_CREUSE,Standard Selling,140.0,MUR
LUMINARC_ASS_HARENA_DESSERT_NR,Standard Selling,100.0,MUR
LUMINARC_ASS_HARENA_DESSERT,Standard Selling,110.0,MUR
LUMINARC_ASS_HARENA_CREUSE_NR,Standard Selling,130.0,MUR
LUMINARC_ASS_HARENA_CREUSE,Standard Selling,140.0,MUR
LUMINARC_ASS_HARENA_27CM,Standard Selling,140.0,MUR
LUMINARC_ASS_HARENA_25CM_NOIR,Standard Selling,135.0,MUR
LUMINARC_ASS_HARENA_25CM,Standard Selling,135.0,MUR
WS_VEGETABLE_OIL_BTL_1LT,Standard Selling,9.5,MUR
MILLAC_GOLD_LACTFREE_1L,Standard Selling,23.0,MUR
MILLAC_COOK_WHIPPING_CR1LT,Standard Selling,269.0,MUR
KOITA_COOKING_CREAM_UHT_200ML,Standard Selling,75.0,MUR
EVER_WHIP_VANILLA_CRM_1030G,Standard Selling,30.9,MUR
TERRACINE_CUISSE_CONFITE___KG,Standard Selling,1319.0,MUR
SARADE_CONFIT_GCANARD_800G,Standard Selling,900.0,MUR
LARNAUDIE_GESIER_VOLEMINC385G,Standard Selling,299.0,MUR
LARNMOUSSE_OIEPORTO_BTE_200G,Standard Selling,460.0,MUR
LARNMOUSSE_CANARD_ARMAG_200G,Standard Selling,449.0,MUR
DELPEYRAT_TERCANMAGRET_160G,Standard Selling,183.0,MUR
DELPEYRAT_TERCAMPFOREST160G,Standard Selling,17.0,MUR
DELPBLOC_FGRAS_CANBTE_160G,Standard Selling,92.0,MUR
DPEYRAT_BLOC_FG_CANARD_120G,Standard Selling,52.0,MUR
TERRACINE_MFOIE__CANARD_120G,Standard Selling,339.5,MUR
LARNAUDIE_TERRINE_CAMP_P_180G,Standard Selling,259.0,MUR
LARNAUDIE_TERRINECAMP_NAT180G,Standard Selling,104.5,MUR
DELPEYRAT_MANCHONS_CAN_1350G,Standard Selling,339.5,MUR
DELPEYRAT_CONFIT_CAN_4_5_CUIS,Standard Selling,95.0,MUR
EVER_WHIP_ORIGINAL_CRM_1030G,Standard Selling,50.0,MUR
EVER_WHIP_CHOCO_CRM_1000G,Standard Selling,258.0,MUR
EMBORG_UHT_COOKING_CREAM_1L,Standard Selling,66.0,MUR
EMBORG_COOKWHIP_UHT_CREAM_1L,Standard Selling,39.0,MUR
EV_CRMSPECIAL_CUISSON_50CL,Standard Selling,27.4,MUR
EV_CRMSPCIAL_CUISSN_1L,Standard Selling,101.75,MUR
EV_CRM_CUISSN_15_1L,Standard Selling,89.0,MUR
EV_CREME_WHIPPING_20CL,Standard Selling,230.0,MUR
EV_CREME_WHIPPING_1L,Standard Selling,382.0,MUR
EV_CREME_LIGHT_12MG_20CL,Standard Selling,24.0,MUR
EV_CRSPECIALE_CUISSN_20CL,Standard Selling,26.0,MUR
EV_CRCHANTIL_BOMBE_EXL_250G,Standard Selling,42.0,MUR
EV_CHANTILLY_ENTBOMBE_250G,Standard Selling,81.0,MUR
CANDIA_CRM_CUISSN_LEG_200ML,Standard Selling,9.5,MUR
CANDIA_CRM_CUISSN_1L,Standard Selling,84.0,MUR
CANDIA_CREME_DESSERT_200ML,Standard Selling,33.5,MUR
CANDIA_CREME_DESSERT_1L,Standard Selling,13.5,MUR
ARLA_WHIPPING_CREAM_200ML,Standard Selling,39.0,MUR
ARLA_WHIPPING_CREAM_1L,Standard Selling,46.0,MUR
ARLA_PRO_WHIP_COOK_1L,Standard Selling,39.0,MUR
ANCHOR_XTRA_LIGHT_CCREAM_1L,Standard Selling,9.5,MUR
SPORT_BRA_DAME_REF_270,Standard Selling,445.0,MUR
ROBE_DE_CHAMBRE_REFS_150,Standard Selling,240.0,MUR
VETEMENT_ENFANT_REF_3065,Standard Selling,600.0,MUR
AMINA_GARLIC_CRUSHED_300G,Standard Selling,9.5,MUR
EL_SUPREMO_ASS_MK_DK_CHCO_350G,Standard Selling,476.0,MUR
EL_SIG_GMT_ASS_PRAL_RED_256G,Standard Selling,762.0,MUR
EL_SIG_GMT_ASS_PRAL_BL_256G,Standard Selling,762.0,MUR
EL_RYL_MK_CTD_HZL_CRM_TIN_500G,Standard Selling,435.5,MUR
EL_RYL_MK_CTD_HZL_CRM_200G,Standard Selling,177.0,MUR
EL_NW_GMT_COL_ASS_PRA_SIL_365G,Standard Selling,850.0,MUR
EL_NW_GMT_COL_ASS_PRA_GLD_365G,Standard Selling,850.0,MUR
EL_LUX_COL_CHOCO_PRAL_RD__170G,Standard Selling,578.0,MUR
EL_LUX_COL_CHOCO_PRAL_GR_170G,Standard Selling,578.0,MUR
EL_LUX_COL_CHOCO_PRA_PCH_170G,Standard Selling,578.0,MUR
EL_LUX_COL_CHOC_PRALIN_WH_507G,Standard Selling,1000.0,MUR
EL_LUX_COL_CHOC_PRALIN_BL_507G,Standard Selling,1000.0,MUR
EL_HY_H_ASS_MK_DK_CHO_WT_200G,Standard Selling,356.5,MUR
EL_HY_H_ASS_MK_DK_CHO_WHT_156G,Standard Selling,299.0,MUR
EL_HY_H_ASS_MK_DK_CHO_RED_156G,Standard Selling,299.0,MUR
EL_HY_H_ASS_MK_DK_CHO_RD_200G,Standard Selling,356.5,MUR
EL_HARD_FANCY_MBON_PACK1000G,Standard Selling,408.0,MUR
EL_GMT_MK_CHOC_ASST_FLNG_174G,Standard Selling,583.5,MUR
EL_GMT_COL_CHOCO__PRA_RBY_160G,Standard Selling,530.4,MUR
EL_DR_COL_ASS_MK_DK_CHOCO_350G,Standard Selling,476.0,MUR
CRUNCH_FESTIVE_FRIENDS_144G,Standard Selling,230.0,MUR
CADBURY_DAIRY_MILK_PS_CARA_80G,Standard Selling,24.0,MUR
CADBURY_DAIRY_MLK_CRUNCHIE_80G,Standard Selling,126.0,MUR
CADBURY_DAIRY_MILK_ASTROS_80G,Standard Selling,77.05,MUR
ALL_JOY_BIG_SQ_MUSTARD_500ML,Standard Selling,37.5,MUR
ALL_JOY_BIG_SQHOT_DOG_500ML,Standard Selling,9.5,MUR
AHMED_FOODS_MINT_SAUCE_300G,Standard Selling,34.0,MUR
AHMED_FOODS_MANGO_CHIL_SC_300G,Standard Selling,34.0,MUR
AHMED_FOODS_GR_CHILLI_SCE_300G,Standard Selling,72.0,MUR
AHMED_FOODS_CORIANDER__SC_300G,Standard Selling,75.0,MUR
AFANG_SOY_SCE_AM_AC_04_610ML,Standard Selling,128.8,MUR
AFANG_SOY_SCE_AM_AC_02_610ML,Standard Selling,66.0,MUR
AFANG_DRK_SOY_SCE_AA_04_610ML,Standard Selling,9.5,MUR
AFANG_DRK_SOY_SCE_AA_02_610ML,Standard Selling,115.0,MUR
PEPPADEW_TANGY__MILD_125ML,Standard Selling,99.0,MUR
PEPPADEW_TANGY__HOT_125ML,Standard Selling,99.0,MUR
LIFE_THAI_CHILLI_SAUCE_360G,Standard Selling,9.5,MUR
LIFE_SWEET_SOUR_SAUCE_250G,Standard Selling,230.0,MUR
LIFE_OYSTER_SAUCE_510G,Standard Selling,49.84,MUR
LIFE_HOT_CHILLI_SAUCE_320G,Standard Selling,259.95,MUR
LIFE_CHILLI_SAUCE_340G,Standard Selling,75.0,MUR
LIFE_CHILLI_GARLIC_SAUCE_320G,Standard Selling,9.5,MUR
HEINZ_ORIGINAL_BBQ_SAUCE_570G,Standard Selling,32.0,MUR
HEINZ_HICKORY_SMOKE_BBQ__580G,Standard Selling,143.75,MUR
CO_CAPRES_CAPPUCCINES_120G,Standard Selling,24.0,MUR
VETEMENT_ENFANT_REF_3015,Standard Selling,500.0,MUR
VETEMENT_ENFANT_REF_2080,Standard Selling,16.0,MUR
VETEMENT_ENFANT_REF_2025,Standard Selling,355.0,MUR
VETEMENT_ENFANT_REF_2005,Standard Selling,325.0,MUR
VETEMENT_ENFANT_REF_1085,Standard Selling,290.0,MUR
VETEMENT_REF_1070,Standard Selling,275.0,MUR
VETEMENT_ENFANT_REF_1050,Standard Selling,9.5,MUR
VETEMENT_ENFANT_REF_1025,Standard Selling,200.0,MUR
ROBE_DE_CHAMBRE_ASSORTED_REF_1,Standard Selling,280.0,MUR
PYJAMA_DAME_REF_325,Standard Selling,535.0,MUR
PYJAMA_DAME_REF_310,Standard Selling,93.4,MUR
PASHMINA_WITH_DESIGN,Standard Selling,45.0,MUR
PANTALON_DAME_REF_280,Standard Selling,465.0,MUR
MAILLOT_PAMELA,Standard Selling,1000.0,MUR
MAILLOT_NATATION_JANE,Standard Selling,400.0,MUR
MAILLOT_NAT_LILY,Standard Selling,520.0,MUR
BERE_COPPA_80G,Standard Selling,160.0,MUR
BELL_TR_JAMBON_CRU_ALLEGE_100G,Standard Selling,32.88,MUR
BELL_PROSCIUTTO_ITALIA_80G,Standard Selling,175.0,MUR
BELL_BARQ_APERO_SAUCPIST_100G,Standard Selling,168.0,MUR
JP_CHENET_ICE_BLANC_15L,Standard Selling,1159.95,MUR
JP_CHENET_GOLD_MUSCAT_75CL,Standard Selling,230.0,MUR
JP_CHENET_FA_LITCHI_75CL,Standard Selling,550.0,MUR
JP_CHENET_FA_CASSIS_75CL,Standard Selling,550.0,MUR
JC_LEROUX_75CLLA_CHANSON,Standard Selling,96.5,MUR
JC_LE_ROUX_LE_DOMAINE_70CL,Standard Selling,643.0,MUR
JC_LE_ROUX_LA_FLEURETTE_75CL,Standard Selling,100.0,MUR
GRAHAM_BECK_BRUT_75CL_ROSE,Standard Selling,90.0,MUR
GRAHAM_BECK_BRUT_NV_75CL,Standard Selling,1070.0,MUR
GOSSIPS_75CL_WHITE,Standard Selling,64.0,MUR
GOSSIPS_GRAPEFRUIT_ROSE_75CL,Standard Selling,64.0,MUR
GORGEOUS_SPKLING_RS_WINE_700ML,Standard Selling,1122.0,MUR
FRIZZANTE_PERLE_LIME_75CL,Standard Selling,9.5,MUR
FRIZZANTE_GFRUIT_ROSE_75CL,Standard Selling,64.0,MUR
DIVINE_SPK_BLC_LYCHEE_75CL,Standard Selling,402.0,MUR
DIAMANT_ROSE_BLC_DE_NOI_75CL,Standard Selling,309.95,MUR
DE_CRAMON_SWEET_75CL,Standard Selling,156.0,MUR
DECRAMON_75CLROSE,Standard Selling,226.0,MUR
CAVA_PATA_NEG_BRT_ROSE_75CL,Standard Selling,1109.0,MUR
CAPINELLA_BRUT_70CL,Standard Selling,64.0,MUR
CALVET_CEL_MOUS_BRUT_ROSE_75CL,Standard Selling,765.0,MUR
BOTTEGA_PROSECCO_DOC_75CL,Standard Selling,99.0,MUR
BOTTEGA_POETI_ROSE_75CL,Standard Selling,64.0,MUR
BOTTEGA_GOLD_75CL,Standard Selling,13.5,MUR
BG_ROSE_VIN_MOUSSEUX_C_R_75CL,Standard Selling,809.95,MUR
BELL_BARQ_APERO_SAUCNOIS_100G,Standard Selling,168.0,MUR
BELL_BARQ_APER_SAUCCOMTE_100G,Standard Selling,168.0,MUR
BARO_SALAMI_TRANCHE_100G,Standard Selling,9.5,MUR
BARO_ROSETTE_TRANCHE_80G,Standard Selling,9.5,MUR
BARO_JAMBON_SERRANO_TR_100G,Standard Selling,46.0,MUR
BARO_CHORIZO_EXTTRANCHE_100G,Standard Selling,150.0,MUR
PROVINCE_SALAMDANOIS_10TR_85G,Standard Selling,98.0,MUR
JAMB_BAYONNE_IGP_6TFIN100G,Standard Selling,289.0,MUR
ISLA_DELICE_MORTAD_OLIVE_120G,Standard Selling,155.0,MUR
HPAYS_ROSETTE_BIO_16TR_90G,Standard Selling,299.0,MUR
CITTERIO_TFRESCO_ALTADIGE_70G,Standard Selling,238.0,MUR
CITTERIO_TFRESCO_COTTO_80G,Standard Selling,221.0,MUR
CITTERIO_FRESCO_JAMCOPPA_70G,Standard Selling,218.0,MUR
CO_SAUCISSON_PORC_AIL_VF_300G,Standard Selling,239.0,MUR
CO_SAUCISSON_AIL_FUM_VF_300G,Standard Selling,239.0,MUR
CO_SALAMI_DANOIS_FUM_20T_200G,Standard Selling,229.0,MUR
CO_JAMBON_BAYONNE_6TR_100G,Standard Selling,16.0,MUR
CO_CHORIZO_FORT_TRANCHE_100G,Standard Selling,139.0,MUR
CO_CHORIZO_DOUX_TRANCHE_100G,Standard Selling,139.0,MUR
CO_CHIFFONJBON_CRU_ITAL_80G,Standard Selling,156.0,MUR
CO_BACON_TRANCHE_150G,Standard Selling,206.0,MUR
AYOUTH_ANT_HAIRFALL_OIL_100ML,Standard Selling,343.0,MUR
FREEZ_PACK_M10,Standard Selling,144.0,MUR
BIOTECH_PROTEIN_BAR_STRAW_70G,Standard Selling,118.0,MUR
RAPSBERRY_VEG_CAKE_20X20,Standard Selling,1899.95,MUR
MASPAIN_VEG_1520_PERS,Standard Selling,469.0,MUR
MASPAIN_AMANDE,Standard Selling,9.5,MUR
MASPAIN_2025_PERS,Standard Selling,659.0,MUR
MASPAIN_1520_PERS,Standard Selling,499.0,MUR
MASPAIN_1015_PERS,Standard Selling,9.5,MUR
HUMMING_BIRD_CAKE_1015P,Standard Selling,62.0,MUR
BIOTECH_PROTEIN_BAR_PIST_70G,Standard Selling,118.0,MUR
BIOTECH_PROTEIN_BAR_D_CHO_70G,Standard Selling,118.0,MUR
BA_FIT_GRAIN_FLAKES_STRAW_250G,Standard Selling,46.0,MUR
BA_ENERGY_BAR_SEEDS_HONEY_40G,Standard Selling,21.25,MUR
BA_ENERGY_BAR_FOREST_FRTS_40G,Standard Selling,21.25,MUR
BA_CRUNCHY_MUESLI_CRA_HON_300G,Standard Selling,75.0,MUR
BA_CRMUESLI_5_TROPICAL_F_300G,Standard Selling,30.65,MUR
BA_CRMUESLI_5_FOREST_FR_300G,Standard Selling,12.0,MUR
ALPEN_NO_SUG_AD560G,Standard Selling,46.0,MUR
ALPEN_ORIGINAL_375G,Standard Selling,14.5,MUR
ALPEN_MUESLI_CHOCOLATE_550G,Standard Selling,166.1,MUR
ALPEN_LIGHT_CHOC_FUDGE_5X19G,Standard Selling,92.3,MUR
ALPEN_BARS_STRAWB_WI_YOG_5X29G,Standard Selling,28.0,MUR
ALPEN_BARS_RASP_WITH_YOG_5X29G,Standard Selling,15.5,MUR
ALPEN_BARS_LIGHT_JAFFA_5X19G,Standard Selling,92.3,MUR
ALPEN_BARS_FRUIT_N_NUT_5_X_28G,Standard Selling,12.0,MUR
ALPEN_BARS_FT__NUT_WICH_5X29G,Standard Selling,22.5,MUR
ALPEN_550G,Standard Selling,39.0,MUR
NESTUM_SUPER_IMMUNITY_PROMO_PK,Standard Selling,22.0,MUR
NESTUM_SUP_DIGESTION_PROMO_PK,Standard Selling,328.0,MUR
NESTUM_PROMO_PK_450GX2,Standard Selling,47.95,MUR
NESTUM_MARIE_250GX_2_PROMO_PK,Standard Selling,180.0,MUR
NEST_SWT_CONDENSED_MILK_PR_PK,Standard Selling,9.5,MUR
FREEZ_PACK_M_30,Standard Selling,363.0,MUR
FREEZ_PACK_M_20,Standard Selling,258.0,MUR
AYOUTH_AHAIR_FALL_SHP_300ML,Standard Selling,268.0,MUR
AYOUTH_ANTI_DANDRUF_SHP_300ML,Standard Selling,33.0,MUR
AQUA_VERA_HERB_SHP_TEA_T_400ML,Standard Selling,35.63,MUR
AQUA_VERA_HERB_SHP_COCO_400ML,Standard Selling,9.5,MUR
AQUA_VERA_HERB_SHP_ARGAN_400ML,Standard Selling,9.5,MUR
AQUA_VERA_3IN1_HERB_ASHP_400ML,Standard Selling,9.5,MUR
ALTEN_COL_NO5_CHAT_CLAIR,Standard Selling,139.0,MUR
ALTEN_COL_NO45_CHAT_CLR_ACAJOU,Standard Selling,139.0,MUR
ALTEN_COL_NO44_CHAT_ACAJOU,Standard Selling,139.0,MUR
ALTEN_COL_NO4_CHATAIN,Standard Selling,60.0,MUR
ALTEN_COL_NO25_CHAT_DORE,Standard Selling,139.0,MUR
ALTEN_COL_NO1_NOIR,Standard Selling,60.0,MUR
ALPECIN_SHP_DANDR_KILLER_250ML,Standard Selling,24.5,MUR
ALPECIN_SHP_DBLE_EF_200ML,Standard Selling,395.0,MUR
ALPECIN_SHP_CAFFEINE_C1_250ML,Standard Selling,375.0,MUR
ADDICT_ORG_OIL_YLANG__HS_250ML,Standard Selling,9.5,MUR
ADDICT_ORG__MINT_HS_250ML,Standard Selling,24.0,MUR
ADDICT_ORG_OIL_HIBISC_HS_250ML,Standard Selling,33.84,MUR
ADDICT_ORG_COCO_OIL_500ML,Standard Selling,319.0,MUR
ADDICT_ORG_COCO_OIL_250ML,Standard Selling,9.5,MUR
BE_NESP_CAFE_DX_ARABX16_848G,Standard Selling,260.0,MUR
BE_NESPCAFE_AU_LAIT_X_16_72G,Standard Selling,260.0,MUR
BE_NESPRESSO_CAFE_AMAN_X16_72G,Standard Selling,260.0,MUR
BULKHEAD_ROUND_WB_15W_WHITE,Standard Selling,479.0,MUR
GRASS_RAKE_LEAF_HEAVY_DUTY,Standard Selling,72.0,MUR
GLOVE_MACON,Standard Selling,75.0,MUR
GARDEN_TAP_BRASS,Standard Selling,103.0,MUR
GARDEN_TAP,Standard Selling,145.0,MUR
FLOODLIGHT_LED_VALUE_30W_WHITE,Standard Selling,658.0,MUR
FLOODLIGHT_LED_G2_VALUE_30W_WM,Standard Selling,658.0,MUR
FLOOD_LIGHT_300W_SOLAR,Standard Selling,2015.0,MUR
FLOOD_LIGHT_200W,Standard Selling,1600.0,MUR
FLOOD_LIGHT_150W,Standard Selling,1285.0,MUR
FITTING_EXTENSION_FOR_SINK,Standard Selling,185.0,MUR
EXTENSION_SOCKET_3G_ORANGE,Standard Selling,350.0,MUR
E27_LED_CANDLE__4W_WARM,Standard Selling,102.0,MUR
CEILING_LAMP_ROUND_10W_WHITE,Standard Selling,723.0,MUR
BULKHEAD_ROUND_WB_15W_WARM,Standard Selling,479.0,MUR
BULKHEAD_ROUND_BB_15W_WHITE,Standard Selling,479.0,MUR
BULKHEAD_ROUND_BB_15W_WARM,Standard Selling,479.0,MUR
BULKHEAD_ROUND_OB_15W_WARM,Standard Selling,479.0,MUR
BRASS_TAP,Standard Selling,250.0,MUR
BASIN_TAP_HEAVY_DUTY_6752,Standard Selling,675.0,MUR
BASIN_MIXER_WITH_HOSE_BLK_160,Standard Selling,1545.0,MUR
BALL_VALVE_HALF,Standard Selling,155.0,MUR
BALL_VALVE_H_BRASS,Standard Selling,165.0,MUR
AXE_WITH_RUBBER_HANDLE,Standard Selling,420.0,MUR
ANGLE_VALVE_INOX,Standard Selling,215.0,MUR
CANDLE_CINAMON_SET_3,Standard Selling,310.0,MUR
CADRE_PHOTO_RESINE_MAURITIUS,Standard Selling,325.0,MUR
BURN_CANDLE_MULTICOLOR_12CM,Standard Selling,48.0,MUR
BRACELETS_ASSORTIS_B001,Standard Selling,175.0,MUR
BOUGIE_BLANC_X25_700G,Standard Selling,9.5,MUR
BOTTLE_OPENER_MAGNET_MAP,Standard Selling,85.0,MUR
BOAT_SHELL,Standard Selling,200.0,MUR
BOAT_PHOTO_FRAME,Standard Selling,135.0,MUR
BIRTHDAY_CANDLE_X24__50026,Standard Selling,50.0,MUR
BEER_MUG_FLAG,Standard Selling,280.0,MUR
BEBE_MUPPET_28CM,Standard Selling,695.0,MUR
BAMBOO_JEWEL_BOX_X_3PCS,Standard Selling,90.0,MUR
BAMBOO_FAN,Standard Selling,182.0,MUR
BAG_ECRUE_DODO_MAURITIUS,Standard Selling,590.0,MUR
BAG_ECRUE_CANVAS_MAURITIUS,Standard Selling,700.0,MUR
ASS_DODO_IN_B_NEST,Standard Selling,891.67,MUR
ASHTRAY_MONKEY,Standard Selling,335.0,MUR
ASHTRAY_DODO_RED_BLUE,Standard Selling,300.0,MUR
ASHTRAY_DODO__FISH,Standard Selling,245.0,MUR
ANCHOR_THERMOMETER,Standard Selling,125.0,MUR
ALBUM_SMALL,Standard Selling,245.0,MUR
ALBUM_MEDIUM,Standard Selling,280.0,MUR
ALBUM_MD_SPECIAL_MIX,Standard Selling,615.0,MUR
ALBUM_LARGE,Standard Selling,465.0,MUR
24PCS_CANDLE_SET_CAKE_SERVER,Standard Selling,32.0,MUR
BE_NESPRESS_CAFE_VAN_X_16_128G,Standard Selling,260.0,MUR
BELSLEEVE_MADAGASCAR_VAN_52G,Standard Selling,80.0,MUR
BELSLEEVE_ARABIC_CARDEMOM_52G,Standard Selling,80.0,MUR
BELSL_20_ESPBIO_ETHIO52G,Standard Selling,80.0,MUR
BELSL_20_ESPBIO_COLOM52G,Standard Selling,9.5,MUR
BEL20_ESPRESSO_FORTE_X10_50G,Standard Selling,74.5,MUR
BEL20_ESPDECAFFEINATO__52G,Standard Selling,38.95,MUR
BEL20_ESPRESALLEGRO_X10_50G,Standard Selling,199.0,MUR
AROMARA_NC_SPECIAL_BLEND_56G,Standard Selling,200.0,MUR
AROMARA_NC_LUNGO_56G,Standard Selling,200.0,MUR
AROMARA_NC_GRAND_CRU_56G,Standard Selling,200.0,MUR
AROM_FREEZE_DR_COFFEE_SP_100G,Standard Selling,29.1,MUR
AROM_FREEZE_DR_COFFEE_DEC_100G,Standard Selling,105.0,MUR
AROM_COFFEE_CAP_NC_DECAF_56G,Standard Selling,200.0,MUR
ACACIA_COF_GOURMET_BLEND_375G,Standard Selling,480.0,MUR
ACACIA_COF_ESPRESSO_BLEND_375G,Standard Selling,480.0,MUR
STARBUCKS_COLUMBIA_X_18_CAPS,Standard Selling,159.0,MUR
JACOBS_KRONUNG_INSTANT_95G,Standard Selling,30.0,MUR
JACOBS_GOLD_INSTANT_95G,Standard Selling,135.0,MUR
APPETIKA_SYRUP_CASSIS_1L,Standard Selling,9.5,MUR
OATS_COOKIES_X_5PCS,Standard Selling,330.0,MUR
SB_FILET_DE_BOEUF_SA,Standard Selling,1625.0,MUR
SB_FAUX_FILET_DE_BOEUF_AUS,Standard Selling,1230.0,MUR
APOLLO_LAYER_CAKE_CHOCOLAT_16G,Standard Selling,9.5,MUR
ALL_IN_ASSORTED_BISCUIT_200G,Standard Selling,50.0,MUR
2_ZERO_DOUBLE_CHOCOLATE_60G,Standard Selling,16.0,MUR
2ZERO_CHOCO_SANDWICH_BICS_60G,Standard Selling,9.5,MUR
SEASONS_FESTIVE_GIFT_BOX_2021,Standard Selling,169.0,MUR
RDANSK_CHOCOCHIP_COOKIES_454G,Standard Selling,309.5,MUR
ROYDANSK_BUTTER_COOKIES_908G,Standard Selling,44.0,MUR
REDONDO_CHOCOLATE_300G,Standard Selling,249.0,MUR
LA_BRITISH_BUTCOOKIES_TN_340G,Standard Selling,420.0,MUR
FORCHY_XMAS_CAKE_P_BEURRE_300G,Standard Selling,400.0,MUR
FORCHY_CAKES_POMMES_250G,Standard Selling,375.0,MUR
FORCHY_CAKES_FRUIT_CAKES_275G,Standard Selling,375.0,MUR
DANFES_DULCE_BCOOKIES_T_340G,Standard Selling,420.0,MUR
DANIMA_BUTTER_COOKIES_300_G,Standard Selling,30.65,MUR
DANIMA_DEER_FES_BCOOKIES_340G,Standard Selling,420.0,MUR
DANESITA_CHOCOLAT_CHIP_CK_200G,Standard Selling,123.0,MUR
BUCHE_PATISSIERE_VAN_350G,Standard Selling,400.0,MUR
SAVANE_CAKE_TOUT_CHOC_310G,Standard Selling,210.0,MUR
BRITANNIA_TREAT_WAFERS_VAN_75G,Standard Selling,30.65,MUR
BRITANNIA_TREAT_WAFERS_ORA_75G,Standard Selling,30.65,MUR
BRITANNIA_TREAT_WAFERS_CHO_75G,Standard Selling,33.5,MUR
BRITANNIA_TREAT_WAF_STRAW_75G,Standard Selling,35.0,MUR
BRITANNIA_TREAT_KOOL_VANIL_40G,Standard Selling,33.5,MUR
BRITANNIA_TREAT_FUNKY_CHOC_40G,Standard Selling,33.5,MUR
SB_FAUX_FILET_DE_BOEUF_SA,Standard Selling,990.0,MUR
SB_CHEESEBURGER_DE_BOEUF,Standard Selling,230.0,MUR
SB_BURGER_DE_BOEUF,Standard Selling,80.0,MUR
SB_BOEUF_EN_MORCEAUX_SA,Standard Selling,635.0,MUR
SB_BOEUF_EN_MORCEAUX_AUS,Standard Selling,21.2,MUR
SB_BEEF_RUMP_STEAK,Standard Selling,594.8,MUR
PAN_OXTAIL_AUS_SVIDE,Standard Selling,1049.9,MUR
PAN_LAMB_BLESS_LEG_TRANC_5060,Standard Selling,42.65,MUR
PAN_FLANKSTEAK_AUS,Standard Selling,67.0,MUR
PAN_BEEF_STRIPLOIN_2141_TRANCH,Standard Selling,24.0,MUR
PAN_BEEF_FLANKSTEAK_2210_TRANC,Standard Selling,230.0,MUR
PAN_BEEF_CUBEROLL_2240_TRANCHE,Standard Selling,44.5,MUR
COLD_CHAIN_TOPSIDE,Standard Selling,46.0,MUR
COLD_CHAIN_TENDERLOIN,Standard Selling,2229.0,MUR
COLD_CHAIN_STRIPLOIN,Standard Selling,80.0,MUR
COLD_CHAIN_RUMP,Standard Selling,44.5,MUR
COLD_CHAIN_RIB_EYE,Standard Selling,42.0,MUR
COLD_CHAIN_ONGLET_GR_A,Standard Selling,80.0,MUR
MINI_NAPOLITAINE_X5PCS,Standard Selling,156.0,MUR
CHOCOLATE_COOKIES_X_5PCS,Standard Selling,9.5,MUR
APPETIKA_SYRUP_AMANDE_1L,Standard Selling,9.5,MUR
ALTAVIDA_SBERRY_N_MINT_250ML,Standard Selling,49.0,MUR
ALTAVIDA_ORIGINAL_250ML,Standard Selling,259.95,MUR
ALTAVIDA_MELON_N_CNUT_250ML,Standard Selling,230.0,MUR
7_UP_1LT_PET,Standard Selling,64.0,MUR
7_UP_DIET_05LT,Standard Selling,47.5,MUR
7_UP_DIET_15LT,Standard Selling,39.0,MUR
7_UP_500ML,Standard Selling,39.0,MUR
7_UP_2L,Standard Selling,42.65,MUR
7_UP_15L,Standard Selling,9.5,MUR
3_HORSE_DARK_MALTA_330ML_CAN,Standard Selling,9.5,MUR
3_HORSE_DARK_MALTA_330ML_PINT,Standard Selling,175.0,MUR
3_HORSES_CLEAR_MALTA_330ML_CAN,Standard Selling,30.0,MUR
TLJ_NECTAR_MULTIVITAMINE_1L,Standard Selling,99.0,MUR
BYOND_RICE_CHIPS_SAL_PA_70G,Standard Selling,74.5,MUR
BYOND_RICE_CHIPS_HWA_SS_70G,Standard Selling,9.5,MUR
BYOND_RICE_CHIPS_CHED_TC_70G,Standard Selling,14.5,MUR
BYOND_RCAKE_100G_SUPER_SEEDS,Standard Selling,159.0,MUR
BOSTEELS_BRY_KRM_TRIPEL_330ML,Standard Selling,270.0,MUR
KGOLD_SOFTER_BUTTER_227G,Standard Selling,47.95,MUR
KGOLD_SALTED_200G,Standard Selling,74.5,MUR
KGOLD_BUTTER_GARLIC_100G,Standard Selling,9.5,MUR
EV_BEURRIER_DOUX_250G,Standard Selling,36.85,MUR
EV_BEURRIER_DEMI_SEL_250G,Standard Selling,9.5,MUR
ERICA_UNSALTED_BUTTER_200G,Standard Selling,39.0,MUR
ERICA_SALTED_BUTTER_200G,Standard Selling,9.5,MUR
EMBORG_UNSALTBUTTER_82_200G,Standard Selling,169.0,MUR
EMBORG_COOKBAKE_BUTTERY_200G,Standard Selling,77.05,MUR
EV_TARTCUIS_60_12_SEL_200G,Standard Selling,230.0,MUR
EV_TART_CUIS_60MG_DO_200G,Standard Selling,230.0,MUR
EV_SPREAD_20_MG_DOUX_250G,Standard Selling,230.0,MUR
EV_BEURRE_TENDSEL_PLQ_250G,Standard Selling,250.0,MUR
EV_BEURRE_TENDDOUX_PLQ250G,Standard Selling,27.3,MUR
EV_BEURRE_CLASSIQUE_DX_200G,Standard Selling,81.0,MUR
EV_BEURRE_CLAS_DEMI_SEL_200G,Standard Selling,26.0,MUR
BUTTERFLY_BUTTER_UNSALTED_200G,Standard Selling,64.0,MUR
BUTTERFLY_BUTTER_SALTED_200G,Standard Selling,49.95,MUR
BEURRIER_TENDRE_PRES_1_2S_250G,Standard Selling,39.0,MUR
BEGA_BUTTER_UNSALTED_250G,Standard Selling,46.0,MUR
BEGA_BUTTER_SALTED_250G,Standard Selling,26.0,MUR
AUSTRALIAN_STAR_SALT_BUT_227G,Standard Selling,46.0,MUR
ANCHOR_MINI_BUTTER_SALTED_7G,Standard Selling,6.0,MUR
ANCHOR_BUTTER_UNSALTED_227G,Standard Selling,25.0,MUR
ANCHOR_BUTTER_SALTED_227G,Standard Selling,9.5,MUR
BLUE_MARLIN_CAN_330ML,Standard Selling,64.0,MUR
BLUE_MARLIN_BEER_330ML_PINTS,Standard Selling,62.0,MUR
BLUE_MARLIN_BEER_BTL_650ML,Standard Selling,75.0,MUR
BLUE_MARLIN_500ML,Standard Selling,63.93,MUR
BIRA_91_BEER_LAG_45_330ML_CAN,Standard Selling,105.0,MUR
BELGRAVIA_GIN_TON_PREMIX_440ML,Standard Selling,134.95,MUR
BELGRAVIA_GIN_TON_PREMIX_275ML,Standard Selling,89.0,MUR
BELGRAVIA_GIN_PINK_TON_P_275ML,Standard Selling,102.95,MUR
BELGRAVIA_GIN_DRY_LEM_P_440ML,Standard Selling,134.95,MUR
BELGRAVIA_GIN_DRY_LEM_P_275ML,Standard Selling,102.95,MUR
BELGRAVIA_GIN_DARK_CHRY_440ML,Standard Selling,156.0,MUR
BELGRAVIA_GIN_DARK_CHRY_275ML,Standard Selling,102.95,MUR
BELGRAVIA_GIN_BLUE_TON_P_275ML,Standard Selling,102.95,MUR
BAVARIA_BEER_BLONDE_SUP_50CL,Standard Selling,68.0,MUR
BAVARIA_BEER_86_RED_50CL,Standard Selling,208.0,MUR
BACARDI_BREEZER_GP_FRUIT_275ML,Standard Selling,105.0,MUR
AMSTEL_GREEN_50CL_CAN,Standard Selling,76.0,MUR
CO_WHT_ALE_COLL_HOUB_33CL,Standard Selling,180.0,MUR
CO_IPA_COLL_HOUB_6D_33CL,Standard Selling,99.95,MUR
CO_GOLDEN_ALE_COLL_HOUB_33CL,Standard Selling,99.95,MUR
CO_BLK_ALE_COLL_HOUB_6D_33CL,Standard Selling,159.95,MUR
CO_B_DAVELGHEM_BLC_4D5_6X25CL,Standard Selling,199.95,MUR
CO_BIERE_DAVELGHEM_6D6_6X25CL,Standard Selling,199.95,MUR
BYOND_RCAKE_100G_QUINOASESAM,Standard Selling,64.5,MUR
BYOND_RCAKE_100G_H_SEA_SALT,Standard Selling,64.5,MUR
BYOND_RCAKE_100G_CHIAQUINOAA,Standard Selling,49.95,MUR
ANGELS_NOUGATS_BISCUIT_GINGER,Standard Selling,326.0,MUR
ALPRO_BIO_ORG_ALUNSWEET_1L,Standard Selling,61.95,MUR
ACETO_ORGCR_BALS_VIN_MO_150ML,Standard Selling,165.6,MUR
ACETO_ORG_CR_ACIDER_VIN_150ML,Standard Selling,100.1,MUR
AASHIRVAAD_LOW_GI_ATTA_2KG,Standard Selling,42.65,MUR
A_LOLIVIER_VIN_BORDEAUX_250ML,Standard Selling,467.19,MUR
A_LOLIVIER_VINDE_XERES_250ML,Standard Selling,445.63,MUR
A_LOLIVIER_VINA__VIN_BL_250ML,Standard Selling,89.95,MUR
A_LOLIVIER_VINAIGRE_VIN_250ML,Standard Selling,125.0,MUR
1881_BIO_CHIFFERINI_LISCI_500G,Standard Selling,89.95,MUR
1881_BIO__SPAGETTI_500G,Standard Selling,89.95,MUR
KUPIEC_SLIM_CORN_CAKES_NAT_84G,Standard Selling,109.5,MUR
KUPIEC_RICE_CAKE_M_CHOC_CA_70G,Standard Selling,109.5,MUR
KUPIEC_E_CAKES_DCHOC_RASP_64G,Standard Selling,46.0,MUR
KUPIEC__CAKES_DARK_CHOC_OR_72G,Standard Selling,46.0,MUR
PENCIL_CASE_BUTTERFLY,Standard Selling,60.0,MUR
AYOUTH_PIM_ENEMY_FOAM_FW_150ML,Standard Selling,244.5,MUR
GYEON_TIRE_APPLICATOR_PACK,Standard Selling,225.0,MUR
GYEON_SOFTWPE,Standard Selling,275.0,MUR
LITTLE_JOE_VANILLA,Standard Selling,155.0,MUR
LITTLE_JOE_OCEAN_BREEZE,Standard Selling,30.0,MUR
LITTLE_JOE_AMBER,Standard Selling,155.0,MUR
LITTLE_JOE_BLACK_VELVET,Standard Selling,155.0,MUR
GLADE_SPORT_NEW_CAR_REFILL_7ML,Standard Selling,131.0,MUR
CAR_UNIVERSAL_HOLDER_S011,Standard Selling,134.0,MUR
C_GUYS_ODOR_ELIMINATOR_4OZ,Standard Selling,395.0,MUR
AREXONS_GEL_TRY_ME_MARINE_OCEA,Standard Selling,96.5,MUR
AREXONS_GEL_TRY_ME_FRESH_AIR,Standard Selling,200.0,MUR
AREXONS_GEL_TRY_ME_BOUQUET,Standard Selling,67.0,MUR
AREXONS_AIRTECH_AIR_FRESHNER_A,Standard Selling,214.0,MUR
AREXONS_AIRFRESHNER_SPRAY,Standard Selling,200.0,MUR
CT_M801_PERFECT_CARPET_SET_BL,Standard Selling,1300.0,MUR
AIR_FRESHNER_GAD_CAR__6000,Standard Selling,159.0,MUR
AIR_FRESHNER_GAD_CAR__1420,Standard Selling,52.0,MUR
AER_TWIST_GEL_60MLRICH,Standard Selling,212.0,MUR
AER_TWIST_GEL_60ML_PETAL,Standard Selling,212.0,MUR
AER_TWIST_GEL_60ML_FRESH,Standard Selling,212.0,MUR
AER_TWIST_GEL_60MLCOOL,Standard Selling,212.0,MUR
AER_CLICK_REFILL_9ML_FRESH,Standard Selling,73.0,MUR
AER_CLICK_GEL_9ML_MUSK,Standard Selling,9.5,MUR
AER_CLICK_GEL_9ML_FRESH_LGREE,Standard Selling,116.0,MUR
AER_CLICK_GEL_9ML_COOL_S__BLUE,Standard Selling,35.2,MUR
AER_CLICK_GEL_9ML_BRIGHT,Standard Selling,116.0,MUR
GYEON_TIRE_CLEANER,Standard Selling,470.0,MUR
GYEON_IRON_WHEEL_CLEANER,Standard Selling,675.0,MUR
GYEON_FOAM_1000ML,Standard Selling,820.0,MUR
C_GUYS_STIFFY_BRUSH_BLUE,Standard Selling,718.0,MUR
C_GUYS_MICROFIBER_PACK_BLUE,Standard Selling,495.0,MUR
AYOUTH__PIM_ENEMY_FW_GEL_150ML,Standard Selling,9.5,MUR
AYOUTH_PIMPLE_ENEM_CONT_CR_60G,Standard Selling,188.0,MUR
AYOUTH_OATS_FACE_SER_MASK_20G,Standard Selling,80.0,MUR
AYOUTH_LICOR_FACE_SER_MASK_20G,Standard Selling,80.0,MUR
AYOUTH__FRUIT_POW_FW_GEL_150ML,Standard Selling,246.0,MUR
AYOUTH_FIRMING_TONING_CR_100G,Standard Selling,653.0,MUR
AYOUTH_DETOX__CHARC_FW_150ML,Standard Selling,9.5,MUR
AYOUTH__CHAR_FACE_SER_MASK_20G,Standard Selling,33.84,MUR
AYOUTH_AACNE_FACE_SER_MASK_20G,Standard Selling,80.0,MUR
AYOUTH__ALOE_VERA_GEL_150ML,Standard Selling,60.0,MUR
ARKO_NEM_PREBIOT_RICE_MLK_60ML,Standard Selling,100.0,MUR
ARKO_NEM_PREBIOT_OAT_MILK_60ML,Standard Selling,108.95,MUR
ARKO_NEM_PREBIO_ALMND_MLK_60ML,Standard Selling,108.95,MUR
ARKO_NEM_INTENSE_HYDRATAT_60ML,Standard Selling,108.95,MUR
ARKO_NEM_CREAM_SOFT_TOUCH_60ML,Standard Selling,108.95,MUR
ARKO_NEM_CREAM_OLIVE_OIL_60ML,Standard Selling,26.0,MUR
ARKO_CLASSIC_NATURAL_CRM_150ML,Standard Selling,12.0,MUR
ALL_GOOD_SS_SPORT_LOT_SPF30,Standard Selling,679.0,MUR
ALL_GOOD_SS_SPRT_BUT_SPF50_STK,Standard Selling,679.0,MUR
ALL_GOOD_SS_KIDS_LOT_SPF30,Standard Selling,679.0,MUR
ALL_GOOD_SS_KIDS_BUT_SPF50_STK,Standard Selling,383.73,MUR
PENCIL_CASE_BOX,Standard Selling,155.0,MUR
PENCIL_CASE_ANIMAL_83,Standard Selling,140.0,MUR
PENCIL_CASE_ANIMAL_82,Standard Selling,160.0,MUR
PENCIL_CASE_9647,Standard Selling,165.0,MUR
PENCIL_CASE_6330,Standard Selling,68.0,MUR
PENCIL_CASE_6198,Standard Selling,25.0,MUR
PENCIL_CASE_6084,Standard Selling,72.0,MUR
PENCIL_CASE_6027,Standard Selling,145.0,MUR
PENCIL_CASE_6025,Standard Selling,145.0,MUR
PENCIL_CASE_392,Standard Selling,160.0,MUR
PENCIL_CASE_2369,Standard Selling,53.0,MUR
PENCIL_CASE_2203,Standard Selling,155.0,MUR
PENCIL_CASE_2008,Standard Selling,92.0,MUR
NEW_LUNCH_BAG_W_SILVER_TEETH,Standard Selling,390.0,MUR
PENCIL_CASE_M_G_PINEAPPLE69410,Standard Selling,230.0,MUR
PENCIL_CASE_M_G_HAPPY_HAWAI_AB,Standard Selling,240.0,MUR
LUNCH_BAG_W_NORMAL_ZIPPER,Standard Selling,360.0,MUR
LNL_LUNCH_BAG_2P_SET_RED,Standard Selling,789.0,MUR
LNL_LUNCH_BAG_2P_SET_GRAY,Standard Selling,789.0,MUR
ISOTHERM_LUNCH_BAG,Standard Selling,485.0,MUR
HELIX_OXF_GEO_PENCIL_CASE_ORA,Standard Selling,330.0,MUR
HELIX_OXF_GEO_PENCIL_CASE_GRN,Standard Selling,330.0,MUR
CONCEPT_LUNCH_BAG__4ASST,Standard Selling,699.0,MUR
CONCEPT_ADULT_LUNCH_BAG_4_ASS,Standard Selling,965.0,MUR
CAMBRIDGE_SCOTCH_WHISKY_15LT,Standard Selling,68.0,MUR
BUSHMILLS_ORIGINAL_75CL,Standard Selling,2995.0,MUR
BOMBAY_SAPPHIRE_SUNSET_700ML,Standard Selling,1200.0,MUR
BOMBAY_SAPPHIRE_P_CRU_700ML,Standard Selling,2138.0,MUR
BOMBAY_SAPHIRE_GIN_70CL,Standard Selling,1072.0,MUR
STAR_OF_BOMBAY_750ML,Standard Selling,1800.0,MUR
BOMBAY_BRAMBLE_750ML,Standard Selling,1600.0,MUR
BLACK_WHITE_SCOT_WHISKY_1L,Standard Selling,1659.95,MUR
BICKENS_PINK_GIN_GRPFRT_700ML,Standard Selling,779.95,MUR
BICKENS_GIN_700ML,Standard Selling,779.95,MUR
BEEFEATER_PINK_GIN_700ML,Standard Selling,1059.95,MUR
GIN_BEEFEATER_70CL,Standard Selling,999.95,MUR
BARRISTER_PINK_GIN_700ML,Standard Selling,869.95,MUR
BARRISTER_ORANGE_GIN_700ML,Standard Selling,63.93,MUR
BARRISTER_DRY_GIN_70CL,Standard Selling,869.95,MUR
BARRISTER_BLUE_GIN_70CL,Standard Selling,869.95,MUR
BALLANTINES_FINEST_700ML,Standard Selling,2379.95,MUR
BALLANTINES_FINEST_1LT,Standard Selling,35.63,MUR
BALLANTINES_7YR_B_FINISH_70CL,Standard Selling,9.5,MUR
BAINS_CAPE_MOUNTAIN_750ML,Standard Selling,2818.0,MUR
ANTIQUITY_BLUE_428_MONO_75CL,Standard Selling,1879.0,MUR
ANTIDOTE_ROSE_GIN_700ML,Standard Selling,159.0,MUR
ANTIDOTE_GIN_700ML,Standard Selling,955.0,MUR
ANTIDOTE_CITRON_GIN_700ML,Standard Selling,1025.0,MUR
ABSOLUT_VODKA_ORIGINAL_70CL,Standard Selling,1905.0,MUR
RCHAMAREL_LIQR_MAN_50CL,Standard Selling,740.0,MUR
RCHAMAREL_LIQR_COFF_50CL,Standard Selling,740.0,MUR
CHAKA_TOILET_BRUSH_WITH_HOLDER,Standard Selling,111.9,MUR
MARTINI_DRY_75CL,Standard Selling,745.0,MUR
MARTINI_BIANCO_75CL,Standard Selling,9.5,MUR
HENNESSY_VSOP_700ML,Standard Selling,6443.0,MUR
HENNESSY_COGNAC_700ML,Standard Selling,3653.0,MUR
FORTELLI_VERMOUTH_ROUGE_1L,Standard Selling,859.95,MUR
EUREKAVIN_ROUGE_75CL,Standard Selling,9.5,MUR
EUREKAVIN_BLANC_75CL,Standard Selling,230.0,MUR
EUREKA_EXTRA_SPECIAL_70CL,Standard Selling,163.0,MUR
J_GARCIA_D_SIMON_SANGRIA_750ML,Standard Selling,448.0,MUR
DIVINE_TROPLYCHEE_WINE_50CL,Standard Selling,259.95,MUR
DIVINE_PINEAPPLE_WINE_50CL,Standard Selling,259.95,MUR
DEMANDIS_PISANG_700ML,Standard Selling,499.95,MUR
DEMANDIS_CURACAO_TRIPLE_S_70CL,Standard Selling,499.95,MUR
DEMANDIS_AMARETTO_700ML,Standard Selling,499.95,MUR
DELICE_DE_PECHE_70CL,Standard Selling,156.0,MUR
OXENHAM_LITCHI_APERITIF_75CL,Standard Selling,186.0,MUR
DELICE_DE_CAFE_70CL,Standard Selling,186.0,MUR
CINZANO_TO_SPTZ_SPUMANTE_75CL,Standard Selling,760.0,MUR
CAPE_MARULA_LIQUEUR_500ML,Standard Selling,99.95,MUR
CAMPARI_75CL,Standard Selling,1150.0,MUR
ARISTOCRAT_BRANDY_428_75CL,Standard Selling,1528.0,MUR
ARCANE_ARRANGE_VAN_D_ILES_70CL,Standard Selling,1275.0,MUR
ARCANE_ARRANGE_BAN_FLAMBE_70CL,Standard Selling,1275.0,MUR
ARCANE_ARRANGE_ANAN_ROTI_70CL,Standard Selling,1275.0,MUR
APEROL_70CL,Standard Selling,57.0,MUR
LUMINARC_PURE_BOX_RECT_82,Standard Selling,490.0,MUR
LUMINARC_PURE_BOX_RECT_38,Standard Selling,350.0,MUR
LUMINARC_PURE_BOX_RECT_197,Standard Selling,730.0,MUR
LUMINARC_PURE_BOX_RECT_122,Standard Selling,500.0,MUR
LUMINARC_PURE_BOX_CARRE_76,Standard Selling,450.0,MUR
LUMINARC_PURE_BOX_CARRE_38,Standard Selling,330.0,MUR
LUMINARC_PURE_BOX_CARRE_122,Standard Selling,475.0,MUR
LUMINARC_KEEP_N_BOX_ROND_88,Standard Selling,315.0,MUR
LUMINARC_KEEP_N_BOX_ROND_63,Standard Selling,280.0,MUR
LUMINARC_KEEP_N_BOX_ROND_39,Standard Selling,250.0,MUR
LUMINARC_KEEP_N_BOX_RECT_82,Standard Selling,350.0,MUR
LUMINARC_KEEP_N_BOX_RECT_37,Standard Selling,265.0,MUR
LUMINARC_KEEP_N_BOX_RECT_189,Standard Selling,475.0,MUR
LUMINARC_KEEP_N_BOX_RECT_116,Standard Selling,400.0,MUR
LUMINARC_KEEP_N_BOX_CARRE_72,Standard Selling,315.0,MUR
LUMINARC_KEEP_N_BOX_CARRE_36,Standard Selling,265.0,MUR
LUMINARC_KEEP_N_BOX_CARRE_117,Standard Selling,380.0,MUR
LUMINARC_JAR_CLUB_0L5,Standard Selling,350.0,MUR
LUMINARC_JAR_BOUCHON_VISSE_2L,Standard Selling,450.0,MUR
LUMINARC_JAR_BOUCHON_VISSE_1L,Standard Selling,325.0,MUR
LUMINARC_JAR_2L_REF_493,Standard Selling,515.0,MUR
LUMINARC_JAR_1L_REF_491,Standard Selling,400.0,MUR
LUMINARC_JAR_1L_511,Standard Selling,375.0,MUR
LUMINARC_JAR_0L5_REF_490,Standard Selling,350.0,MUR
LUMINARC_JAR_0L5_510,Standard Selling,330.0,MUR
LINK_WATER_PUMP_QB_60,Standard Selling,3015.0,MUR
LINK_TOILET_PRESS_ONLY_BLACK,Standard Selling,330.0,MUR
LINK_TOILET_PRESS_INOX_W_HOSE,Standard Selling,550.0,MUR
LINK_TOILET_PRESS_BLACK_W_HOSE,Standard Selling,650.0,MUR
HEALTH_SCALE_BATH_130_KG,Standard Selling,415.0,MUR
FLEXIBLE_HOSE_12P_HEAVY_DUTY,Standard Selling,66.0,MUR
FLEXIBLE_HOSE_10P_HEAVY_DUTY,Standard Selling,70.0,MUR
ALUMINIUM_LADDER_6_STEPS,Standard Selling,3600.0,MUR
SPARKLE_SOAP_BOX,Standard Selling,59.0,MUR
SHOWER_TRAY_HOLDER_SINGLE,Standard Selling,345.0,MUR
SHOWER_TRAY_HOLDER_DOUBLE,Standard Selling,99.95,MUR
SHOWER_TAP_ANGL_VALVE_REF_9000,Standard Selling,645.0,MUR
SHOWER_TAP_8009,Standard Selling,500.0,MUR
SHOWER_MIXER_HOSE_B_H_DUTY_460,Standard Selling,2700.0,MUR
SHOWER_MIX_HOSE_CHROME_HD403,Standard Selling,2420.0,MUR
SHOWER_HOSE_12_M_HEAVY_DUTY,Standard Selling,68.0,MUR
SHOWER_HOSE_12_BLACK,Standard Selling,190.0,MUR
SHOWER_HEAD_WITH_HOSE_REF_230,Standard Selling,500.0,MUR
SHOWER_HEAD_ONLY_SQUARE,Standard Selling,415.0,MUR
SHOWER_HEAD_HOSE_BLACK_REF_420,Standard Selling,405.0,MUR
PIPE_FOR_KITCHEN_100MM,Standard Selling,135.0,MUR
PAINT_ROLLER_TELESCOPIC_3M,Standard Selling,270.0,MUR
PAINT_ROLLER_REFILL_9INCH,Standard Selling,90.0,MUR
PAINT_ROLLER_9INCH,Standard Selling,180.0,MUR
COCONUT_LIQUEUR_50CL,Standard Selling,740.0,MUR
CHAMAREL_COFFRET_TROP_5X50CL,Standard Selling,750.0,MUR
BOTTEGA_PISTACCHIO_LIQ_500ML,Standard Selling,659.95,MUR
BOTTEGA_NERO_LIQ_500ML,Standard Selling,659.95,MUR
BOTTEGA_LIMONCINO_LIQ_500ML,Standard Selling,90.0,MUR
BLACK_HORSE_70CL,Standard Selling,315.0,MUR
BLACK_HORSE_350ML,Standard Selling,65.0,MUR
BLACK_HORSE_1000ML,Standard Selling,510.0,MUR
BEACH_HOUSE_PINK_SPICED_70CL,Standard Selling,1380.0,MUR
LIQUEUR_CURACAO_BLEU_700ML,Standard Selling,573.0,MUR
LIQUEUR_CURACAO_BLANC_700ML,Standard Selling,695.0,MUR
CREME_DE_PECHE_700ML,Standard Selling,548.0,MUR
CREME_DE_CACAO_700ML,Standard Selling,595.0,MUR
BAILEYS_ORIGINAL_70CL,Standard Selling,68.0,MUR
BACARDI_RHUM_75CLWHITE,Standard Selling,330.0,MUR
BACARDI_MOJITO_70CL,Standard Selling,220.0,MUR
BACARDI_BLACK_75CL,Standard Selling,1015.0,MUR
CROQ_GOURMET_AD_CAT_FISH_600G,Standard Selling,13.5,MUR
CROQUE_GOURM_AD_CAT_FISH_15KG,Standard Selling,345.0,MUR
CROQUE_ADULT_DOG_LAMB_3KG,Standard Selling,9.5,MUR
CROQUE_ADULT_DOG_LAMB_15KG,Standard Selling,1990.0,MUR
BEST_FOOD_500G_PETIT_MILLET__A,Standard Selling,44.5,MUR
BEENO_SUP_DOGGY_DOUGHNUTS_500G,Standard Selling,405.0,MUR
BEENO_SUPREME_CR_TREATS_500G,Standard Selling,405.0,MUR
BEENO_S_BISC_STEAK_FL_300G,Standard Selling,24.0,MUR
BEENO_S_BIS_ORIG_PEAN_BUT_1KG,Standard Selling,425.0,MUR
BEENO_S_BIS_MARROWBON_300G,Standard Selling,145.0,MUR
BEENO_S_BISCUIT_STEAK_1KG,Standard Selling,425.0,MUR
BEENO_ROLLIES_SHAPES_LAM_120G,Standard Selling,135.0,MUR
BEENO_ROLLIES_SHAPES_CHIC_120G,Standard Selling,230.0,MUR
BEENO_ROLLIES_SHAP_TURKEY_120G,Standard Selling,220.0,MUR
BEENO_ROLLIES_SHAPE_STEAK_120G,Standard Selling,46.9,MUR
BEENO_ROLLIES_SHAP_SM_BAC_120G,Standard Selling,17.0,MUR
BEENO_M_BIS_STEAK_MOMENTS_1KG,Standard Selling,425.0,MUR
BEENO_M_BIS_MARROWBONE_ABC_1KG,Standard Selling,425.0,MUR
BEENO_MMAPLE_BAC_F_SWIRL_320G,Standard Selling,320.0,MUR
BEENO_L_BIS_ORIG_PEAN_BUT_300G,Standard Selling,21.25,MUR
BEENO_L_BIS_MARROWBONE_FL_1KG,Standard Selling,425.0,MUR
BEENO_FLATTIES_SHAPES_STK_120G,Standard Selling,17.0,MUR
BEENO_FLATTIES_SHAPES_S_BA_20G,Standard Selling,102.5,MUR
ARCANE_EXTRAROMA_70CL,Standard Selling,2040.0,MUR
AMARULA_CREAM_70CL,Standard Selling,47.95,MUR
AFRICAN_SECRET_AMARULA_75CL,Standard Selling,9.5,MUR
BEENO_FLATTIES_SHAPES_LAM_120G,Standard Selling,17.0,MUR
BEENO_FLATTIES_SHAPES_CH_120G,Standard Selling,230.0,MUR
BLEDINE_250G_BISCUIT_LAIT,Standard Selling,95.0,MUR
BLEDINE_250G_BANANELAIT,Standard Selling,84.95,MUR
BLEDILAIT_CR_900G_VITAFER_FR,Standard Selling,30.0,MUR
BLEDILAIT_CR_400G_VITAFER_FR,Standard Selling,229.53,MUR
BLEDILAIT_CR_350G_VITAFER,Standard Selling,189.01,MUR
BCHEF_PETITS_SPAGH_BOLO_230G,Standard Selling,31.39,MUR
BLEDI_JUNIOR_800G,Standard Selling,9.5,MUR
BLEDI_JUNIOR_400G_3_A7_ANS,Standard Selling,9.5,MUR
BLEDISCUIT_BOUDOIR_120G,Standard Selling,40.0,MUR
PETITSOIF_BEBISOL_FLEUR_DORAN,Standard Selling,95.0,MUR
BMM_PRERICE_RUSKS_ORG_B_C_36G,Standard Selling,46.9,MUR
BMM_PREMIUM_RICE_RUSKS_BA_36G,Standard Selling,23.0,MUR
BMM_PREMIUM_RICE_RUSKS_AP_36G,Standard Selling,56.0,MUR
NUTAPTAMIL_PREM_PROSYNEO_400G,Standard Selling,39.5,MUR
APTAMIL_PREMIUM_NO2_900G,Standard Selling,15.5,MUR
NUTRICIA_APTAMIL_PREMIUM_900,Standard Selling,30.65,MUR
NUTRICIA_APTAMIL_PREMIUM_400G,Standard Selling,24.0,MUR
NUTRICIA_APTAMIL_PRE_400G_NO_2,Standard Selling,38.31,MUR
APTAMIL_CONFPLUS_2EME_AGE400G,Standard Selling,102.5,MUR
APTAMIL_CONF_1ER_AGE_400G,Standard Selling,75.0,MUR
APTAKID_3_A_7_YRS_800G,Standard Selling,72.0,MUR
NUTRICIA_AP_JUN_PRE_PL_400GN03,Standard Selling,66.0,MUR
APTAJUNIOR_PREMIUM_900G_NO3,Standard Selling,25.75,MUR
ANCHOR_PEDIA_PRO_3_GUMP_700G,Standard Selling,23.8,MUR
ANCHOR_PEDIA_PRO_1_700G,Standard Selling,23.8,MUR
