File Name,File URL,Is Private,Folder,Attached To Doctype,Attached To Name
SUMERU_GRATED_COCONUTS_200G_884304dd.jpeg,/private/files/fruit_et_jus_de_fruits/SUMERU_GRATED_COCONUTS_200G_884304dd.jpeg,1,Home/Attachments,Item,SUMERU_GRATED_COCONUTS_200G
SB_FZ_TROPICAL_FRUIT_MIX_1KG_7f0bb54b.png,/private/files/fruit_et_jus_de_fruits/SB_FZ_TROPICAL_FRUIT_MIX_1KG_7f0bb54b.png,1,Home/Attachments,Item,SB_FZ_TROPICAL_FRUIT_MIX_1KG
SB_FZ_BLUEBERRY_1KG_a2e96cd7.png,/private/files/fruit_et_jus_de_fruits/SB_FZ_BLUEBERRY_1KG_a2e96cd7.png,1,Home/Attachments,Item,SB_FZ_BLUEBERRY_1KG
SB_FZ_BERRY_MIX_1KG_415f2d99.png,/private/files/fruit_et_jus_de_fruits/SB_FZ_BERRY_MIX_1KG_415f2d99.png,1,Home/Attachments,Item,SB_FZ_BERRY_MIX_1KG
PINGUIN_STRAWBERRIES_1KG_cf5989ad.png,/private/files/fruit_et_jus_de_fruits/PINGUIN_STRAWBERRIES_1KG_cf5989ad.png,1,Home/Attachments,Item,PINGUIN_STRAWBERRIES_1KG
PINGUIN_MANGO_CHUNKS_1KG_111c0663.png,/private/files/fruit_et_jus_de_fruits/PINGUIN_MANGO_CHUNKS_1KG_111c0663.png,1,Home/Attachments,Item,PINGUIN_MANGO_CHUNKS_1KG
PINGUIN_FRUIT_OF_FOREST_1KG_85999d09.png,/private/files/fruit_et_jus_de_fruits/PINGUIN_FRUIT_OF_FOREST_1KG_85999d09.png,1,Home/Attachments,Item,PINGUIN_FRUIT_OF_FOREST_1KG
PINGUIN_BLUEBERRIES_1KG_e5dd9fa3.png,/private/files/fruit_et_jus_de_fruits/PINGUIN_BLUEBERRIES_1KG_e5dd9fa3.png,1,Home/Attachments,Item,PINGUIN_BLUEBERRIES_1KG
EMBORG_STRAWBERRIES_450G_9de4e4d2.png,/private/files/fruit_et_jus_de_fruits/EMBORG_STRAWBERRIES_450G_9de4e4d2.png,1,Home/Attachments,Item,EMBORG_STRAWBERRIES_450G
EMBORG_RASPBERRIES_300G_0f930114.png,/private/files/fruit_et_jus_de_fruits/EMBORG_RASPBERRIES_300G_0f930114.png,1,Home/Attachments,Item,EMBORG_RASPBERRIES_300G
EMBORG_BLUEBERRIES_400G_4a3f9e87.png,/private/files/fruit_et_jus_de_fruits/EMBORG_BLUEBERRIES_400G_4a3f9e87.png,1,Home/Attachments,Item,EMBORG_BLUEBERRIES_400G
BAY_BROAD_BEANS_931865b3.png,/private/files/fruits_et_legumes/BAY_BROAD_BEANS_931865b3.png,1,Home/Attachments,Item,BAY_BROAD_BEANS
BAY_BRAZIL_NUTS_931865b3.png,/private/files/fruits_et_legumes/BAY_BRAZIL_NUTS_931865b3.png,1,Home/Attachments,Item,BAY_BRAZIL_NUTS
BAY_BLACKCURRANTS_DRIED_931865b3.png,/private/files/fruits_et_legumes/BAY_BLACKCURRANTS_DRIED_931865b3.png,1,Home/Attachments,Item,BAY_BLACKCURRANTS_DRIED
BAY_BLACK_SEED_931865b3.png,/private/files/fruits_et_legumes/BAY_BLACK_SEED_931865b3.png,1,Home/Attachments,Item,BAY_BLACK_SEED
BAY_BLACK_PEPPER_WHOLE_ORG_931865b3.png,/private/files/fruits_et_legumes/BAY_BLACK_PEPPER_WHOLE_ORG_931865b3.png,1,Home/Attachments,Item,BAY_BLACK_PEPPER_WHOLE_ORG
BAY_BLACK_PEPPER_WHOLE_931865b3.png,/private/files/fruits_et_legumes/BAY_BLACK_PEPPER_WHOLE_931865b3.png,1,Home/Attachments,Item,BAY_BLACK_PEPPER_WHOLE
BAY_BLACK_PEPPER_CRUSHED_931865b3.png,/private/files/fruits_et_legumes/BAY_BLACK_PEPPER_CRUSHED_931865b3.png,1,Home/Attachments,Item,BAY_BLACK_PEPPER_CRUSHED
BAY_BLACK_EYE_BEANS_931865b3.png,/private/files/fruits_et_legumes/BAY_BLACK_EYE_BEANS_931865b3.png,1,Home/Attachments,Item,BAY_BLACK_EYE_BEANS
BAY_BIRYANI_MASALA_POWDER_931865b3.png,/private/files/fruits_et_legumes/BAY_BIRYANI_MASALA_POWDER_931865b3.png,1,Home/Attachments,Item,BAY_BIRYANI_MASALA_POWDER
BAY_BASIL_931865b3.png,/private/files/fruits_et_legumes/BAY_BASIL_931865b3.png,1,Home/Attachments,Item,BAY_BASIL
BAY_BARLEY_931865b3.png,/private/files/fruits_et_legumes/BAY_BARLEY_931865b3.png,1,Home/Attachments,Item,BAY_BARLEY
BAY_APRICOT_DRIED_ORGANIC_931865b3.png,/private/files/fruits_et_legumes/BAY_APRICOT_DRIED_ORGANIC_931865b3.png,1,Home/Attachments,Item,BAY_APRICOT_DRIED_ORGANIC
BAY_APRICOT_DRIED_JUMBO_931865b3.png,/private/files/fruits_et_legumes/BAY_APRICOT_DRIED_JUMBO_931865b3.png,1,Home/Attachments,Item,BAY_APRICOT_DRIED_JUMBO
BAY_ANISEEDS_931865b3.png,/private/files/fruits_et_legumes/BAY_ANISEEDS_931865b3.png,1,Home/Attachments,Item,BAY_ANISEEDS
BAY_ALMONDS_SALTED_JUMBO_931865b3.png,/private/files/fruits_et_legumes/BAY_ALMONDS_SALTED_JUMBO_931865b3.png,1,Home/Attachments,Item,BAY_ALMONDS_SALTED_JUMBO
BAY_ALMOND_SLIVERED_931865b3.png,/private/files/fruits_et_legumes/BAY_ALMOND_SLIVERED_931865b3.png,1,Home/Attachments,Item,BAY_ALMOND_SLIVERED
BAY_ALMOND_SLICED_931865b3.png,/private/files/fruits_et_legumes/BAY_ALMOND_SLICED_931865b3.png,1,Home/Attachments,Item,BAY_ALMOND_SLICED
BAY_ALMOND_POWDER_931865b3.png,/private/files/fruits_et_legumes/BAY_ALMOND_POWDER_931865b3.png,1,Home/Attachments,Item,BAY_ALMOND_POWDER
BAY_ALMOND_ORGANIC_931865b3.png,/private/files/fruits_et_legumes/BAY_ALMOND_ORGANIC_931865b3.png,1,Home/Attachments,Item,BAY_ALMOND_ORGANIC
BAY_ALMOND_JUMBO_931865b3.png,/private/files/fruits_et_legumes/BAY_ALMOND_JUMBO_931865b3.png,1,Home/Attachments,Item,BAY_ALMOND_JUMBO
BAY_ALMOND_ROAST_UNSALT_MED_931865b3.png,/private/files/fruits_et_legumes/BAY_ALMOND_ROAST_UNSALT_MED_931865b3.png,1,Home/Attachments,Item,BAY_ALMOND_ROAST_UNSALT_MED
BAY_ALMOND_CHOPPED_931865b3.png,/private/files/fruits_et_legumes/BAY_ALMOND_CHOPPED_931865b3.png,1,Home/Attachments,Item,BAY_ALMOND_CHOPPED
POIRE_BCHRETIEN_SACHET1KG_SKC_931865b3.png,/private/files/fruits_frais/POIRE_BCHRETIEN_SACHET1KG_SKC_931865b3.png,1,Home/Attachments,Item,POIRE_BCHRETIEN_SACHET1KG_SKC
POIRE_BCHRETIEN_PUN_750G_SKC_931865b3.png,/private/files/fruits_frais/POIRE_BCHRETIEN_PUN_750G_SKC_931865b3.png,1,Home/Attachments,Item,POIRE_BCHRETIEN_PUN_750G_SKC
POIRE_BCHRETIEN_PUN_750G_RFF_931865b3.png,/private/files/fruits_frais/POIRE_BCHRETIEN_PUN_750G_RFF_931865b3.png,1,Home/Attachments,Item,POIRE_BCHRETIEN_PUN_750G_RFF
POIRE_BON_CHRETIEN_PREPACK_931865b3.png,/private/files/fruits_frais/POIRE_BON_CHRETIEN_PREPACK_931865b3.png,1,Home/Attachments,Item,POIRE_BON_CHRETIEN_PREPACK
POIRE_BEUBOSCH_SACHET_750G_RFF_931865b3.png,/private/files/fruits_frais/POIRE_BEUBOSCH_SACHET_750G_RFF_931865b3.png,1,Home/Attachments,Item,POIRE_BEUBOSCH_SACHET_750G_RFF
POIRE_BEURRE_BOSCH_PUN_RFF_931865b3.png,/private/files/fruits_frais/POIRE_BEURRE_BOSCH_PUN_RFF_931865b3.png,1,Home/Attachments,Item,POIRE_BEURRE_BOSCH_PUN_RFF
POIRE_BEURRE_BOSCH_PREPACK_931865b3.png,/private/files/fruits_frais/POIRE_BEURRE_BOSCH_PREPACK_931865b3.png,1,Home/Attachments,Item,POIRE_BEURRE_BOSCH_PREPACK
POIRE_BEURRE_BOSCH_BAR_931865b3.png,/private/files/fruits_frais/POIRE_BEURRE_BOSCH_BAR_931865b3.png,1,Home/Attachments,Item,POIRE_BEURRE_BOSCH_BAR
POIRE_BEURRE_BOSCH_70_90_96_45_931865b3.png,/private/files/fruits_frais/POIRE_BEURRE_BOSCH_70_90_96_45_931865b3.png,1,Home/Attachments,Item,POIRE_BEURRE_BOSCH_70_90_96_45
POIRE__BON_CHRETIEN_60_70_931865b3.png,/private/files/fruits_frais/POIRE__BON_CHRETIEN_60_70_931865b3.png,1,Home/Attachments,Item,POIRE__BON_CHRETIEN_60_70
PECHE_PLAT_PUN_750G_RFF_931865b3.png,/private/files/fruits_frais/PECHE_PLAT_PUN_750G_RFF_931865b3.png,1,Home/Attachments,Item,PECHE_PLAT_PUN_750G_RFF
PAMPLEMOUSSE_LOCAL_PCS_931865b3.png,/private/files/fruits_frais/PAMPLEMOUSSE_LOCAL_PCS_931865b3.png,1,Home/Attachments,Item,PAMPLEMOUSSE_LOCAL_PCS
ORANGE_CARACARA_X_3_SURAT_931865b3.png,/private/files/fruits_frais/ORANGE_CARACARA_X_3_SURAT_931865b3.png,1,Home/Attachments,Item,ORANGE_CARACARA_X_3_SURAT
ORANGE_CARA_CARA_FILLET_1KG_931865b3.png,/private/files/fruits_frais/ORANGE_CARA_CARA_FILLET_1KG_931865b3.png,1,Home/Attachments,Item,ORANGE_CARA_CARA_FILLET_1KG
MINEOLAS_FILLET_931865b3.png,/private/files/fruits_frais/MINEOLAS_FILLET_931865b3.png,1,Home/Attachments,Item,MINEOLAS_FILLET
MELON_PIEL_DE_SAPO_931865b3.png,/private/files/fruits_frais/MELON_PIEL_DE_SAPO_931865b3.png,1,Home/Attachments,Item,MELON_PIEL_DE_SAPO
MELON_JAUNE_CUBE_931865b3.png,/private/files/fruits_frais/MELON_JAUNE_CUBE_931865b3.png,1,Home/Attachments,Item,MELON_JAUNE_CUBE
MAURIGAP_POMELO_931865b3.png,/private/files/fruits_frais/MAURIGAP_POMELO_931865b3.png,1,Home/Attachments,Item,MAURIGAP_POMELO
MANGUE_EPLUCHE_931865b3.png,/private/files/fruits_frais/MANGUE_EPLUCHE_931865b3.png,1,Home/Attachments,Item,MANGUE_EPLUCHE
LIMES_PREPACK_931865b3.png,/private/files/fruits_frais/LIMES_PREPACK_931865b3.png,1,Home/Attachments,Item,LIMES_PREPACK
J_D_MEDINE_WATERMELON_931865b3.png,/private/files/fruits_frais/J_D_MEDINE_WATERMELON_931865b3.png,1,Home/Attachments,Item,J_D_MEDINE_WATERMELON
FIGS_PUNNET_160G_SKC_931865b3.png,/private/files/fruits_frais/FIGS_PUNNET_160G_SKC_931865b3.png,1,Home/Attachments,Item,FIGS_PUNNET_160G_SKC
CITRONS_LOCAL_931865b3.png,/private/files/fruits_frais/CITRONS_LOCAL_931865b3.png,1,Home/Attachments,Item,CITRONS_LOCAL
ATOZ_GRENADINE_X_4_931865b3.png,/private/files/fruits_frais/ATOZ_GRENADINE_X_4_931865b3.png,1,Home/Attachments,Item,ATOZ_GRENADINE_X_4
CO_ST_FELICIEN_180G_931865b3.png,/private/files/fromages_libre_service_2/CO_ST_FELICIEN_180G_931865b3.png,1,Home/Attachments,Item,CO_ST_FELICIEN_180G
CO_POINTE_BRIE_200G_931865b3.png,/private/files/fromages_libre_service_2/CO_POINTE_BRIE_200G_931865b3.png,1,Home/Attachments,Item,CO_POINTE_BRIE_200G
WS_RACLETTE_EN_TRANCHE_49ff304c.png,/private/files/fromage_coupe/WS_RACLETTE_EN_TRANCHE_49ff304c.png,1,Home/Attachments,Item,WS_RACLETTE_EN_TRANCHE
WS_EMMENTAL_ENTREMONT_TRANCHE_e18dbde5.png,/private/files/fromage_coupe/WS_EMMENTAL_ENTREMONT_TRANCHE_e18dbde5.png,1,Home/Attachments,Item,WS_EMMENTAL_ENTREMONT_TRANCHE
CHESS_SET_1537c9b0.jpeg,/private/files/jouet_mixte/CHESS_SET_1537c9b0.jpeg,1,Home/Attachments,Item,CHESS_SET
PB_MME_LOIK_SAUMCIB_150G_7ae85411.png,/private/files/fromages_frais/PB_MME_LOIK_SAUMCIB_150G_7ae85411.png,1,Home/Attachments,Item,PB_MME_LOIK_SAUMCIB_150G
PB_MME_LOIK_AFH_150G_217802e1.jpeg,/private/files/fromages_frais/PB_MME_LOIK_AFH_150G_217802e1.jpeg,1,Home/Attachments,Item,PB_MME_LOIK_AFH_150G
PB_FBLANC_NATURE_500G_01559460.jpeg,/private/files/fromages_frais/PB_FBLANC_NATURE_500G_01559460.jpeg,1,Home/Attachments,Item,PB_FBLANC_NATURE_500G
BRAINY_QUIZ_CONTEST_c8b02022.png,/private/files/jouet_mixte/BRAINY_QUIZ_CONTEST_c8b02022.png,1,Home/Attachments,Item,BRAINY_QUIZ_CONTEST
BALL_75_931865b3.png,/private/files/jouet_mixte/BALL_75_931865b3.png,1,Home/Attachments,Item,BALL_75
BALL_6CM_931865b3.png,/private/files/jouet_mixte/BALL_6CM_931865b3.png,1,Home/Attachments,Item,BALL_6CM
ART_KNIFE_821df559.png,/private/files/jouet_mixte/ART_KNIFE_821df559.png,1,Home/Attachments,Item,ART_KNIFE
THINKING_KITS_3D_PUZZLES_DINO_ad6813da.webp,/private/files/jouet_mixte/THINKING_KITS_3D_PUZZLES_DINO_ad6813da.webp,1,Home/Attachments,Item,THINKING_KITS_3D_PUZZLES_DINO
SOLAR_SYSTEM_MOBILE_MAKING_KIT_d345a331.jpeg,/private/files/jouet_mixte/SOLAR_SYSTEM_MOBILE_MAKING_KIT_d345a331.jpeg,1,Home/Attachments,Item,SOLAR_SYSTEM_MOBILE_MAKING_KIT
MAKE_YOUR_OWN_HEADBANDS_ec147d1f.jpeg,/private/files/jouet_mixte/MAKE_YOUR_OWN_HEADBANDS_ec147d1f.jpeg,1,Home/Attachments,Item,MAKE_YOUR_OWN_HEADBANDS
LITTLE_CRAFT_LANTERN_PAINT_KIT_cbefb6c1.png,/private/files/jouet_mixte/LITTLE_CRAFT_LANTERN_PAINT_KIT_cbefb6c1.png,1,Home/Attachments,Item,LITTLE_CRAFT_LANTERN_PAINT_KIT
LIGHT_N_SOUND_ART_PAD_31552b5d.webp,/private/files/jouet_mixte/LIGHT_N_SOUND_ART_PAD_31552b5d.webp,1,Home/Attachments,Item,LIGHT_N_SOUND_ART_PAD
KIDZLABS_TRAFFIC_LIGHT_3c679d19.jpeg,/private/files/jouet_mixte/KIDZLABS_TRAFFIC_LIGHT_3c679d19.jpeg,1,Home/Attachments,Item,KIDZLABS_TRAFFIC_LIGHT
KIDZLABS_MOUSETRAP_RACER_a227ab15.jpeg,/private/files/jouet_mixte/KIDZLABS_MOUSETRAP_RACER_a227ab15.jpeg,1,Home/Attachments,Item,KIDZLABS_MOUSETRAP_RACER
KIDZLABS_MATH_MAGIC_b33fa825.webp,/private/files/jouet_mixte/KIDZLABS_MATH_MAGIC_b33fa825.webp,1,Home/Attachments,Item,KIDZLABS_MATH_MAGIC
KIDZLABS_DINO_SKULL_eb9e3f3c.webp,/private/files/jouet_mixte/KIDZLABS_DINO_SKULL_eb9e3f3c.webp,1,Home/Attachments,Item,KIDZLABS_DINO_SKULL
KIDZLAB_MOTORISED_BARRIER_GATE_33e0c253.webp,/private/files/jouet_mixte/KIDZLAB_MOTORISED_BARRIER_GATE_33e0c253.webp,1,Home/Attachments,Item,KIDZLAB_MOTORISED_BARRIER_GATE
KIDZLABS_COLOUR_LAB_MIXER_62dab436.webp,/private/files/jouet_mixte/KIDZLABS_COLOUR_LAB_MIXER_62dab436.webp,1,Home/Attachments,Item,KIDZLABS_COLOUR_LAB_MIXER
GROW_YOUR_CRYSTAL_GEODES_fdff3314.jpeg,/private/files/jouet_mixte/GROW_YOUR_CRYSTAL_GEODES_fdff3314.jpeg,1,Home/Attachments,Item,GROW_YOUR_CRYSTAL_GEODES
GREEN_SCIENCE_SOLAR_SYSTEM_676cf957.jpeg,/private/files/jouet_mixte/GREEN_SCIENCE_SOLAR_SYSTEM_676cf957.jpeg,1,Home/Attachments,Item,GREEN_SCIENCE_SOLAR_SYSTEM
GREEN_SCIENCE_ROBOT_ROVER_25435284.webp,/private/files/jouet_mixte/GREEN_SCIENCE_ROBOT_ROVER_25435284.webp,1,Home/Attachments,Item,GREEN_SCIENCE_ROBOT_ROVER
GREEN_SCIENCE_HYBRID_CRABOT_96fea388.webp,/private/files/jouet_mixte/GREEN_SCIENCE_HYBRID_CRABOT_96fea388.webp,1,Home/Attachments,Item,GREEN_SCIENCE_HYBRID_CRABOT
GIANT_MAGNETIC_COMPASS_fcbba1ae.webp,/private/files/jouet_mixte/GIANT_MAGNETIC_COMPASS_fcbba1ae.webp,1,Home/Attachments,Item,GIANT_MAGNETIC_COMPASS
FRENCH_KNITTING_FOX_DOLL_77af0fff.jpeg,/private/files/jouet_mixte/FRENCH_KNITTING_FOX_DOLL_77af0fff.jpeg,1,Home/Attachments,Item,FRENCH_KNITTING_FOX_DOLL
FLASHING_EMERGENCY_LIGHT_34f218e9.webp,/private/files/jouet_mixte/FLASHING_EMERGENCY_LIGHT_34f218e9.webp,1,Home/Attachments,Item,FLASHING_EMERGENCY_LIGHT
CLEAN_WATER_SCIENCE_074e96eb.jpeg,/private/files/jouet_mixte/CLEAN_WATER_SCIENCE_074e96eb.jpeg,1,Home/Attachments,Item,CLEAN_WATER_SCIENCE
3IN1_MINI_SOLAR_ROBOT_4513359c.jpeg,/private/files/jouet_mixte/3IN1_MINI_SOLAR_ROBOT_4513359c.jpeg,1,Home/Attachments,Item,3IN1_MINI_SOLAR_ROBOT
MEZE_BRAALOUMI_MINTLACVEG_931865b3.png,/private/files/fromage_coupe/MEZE_BRAALOUMI_MINTLACVEG_931865b3.png,1,Home/Attachments,Item,MEZE_BRAALOUMI_MINTLACVEG
MEZE_BRAAILOUMI_PLAINLACVEG_931865b3.png,/private/files/fromage_coupe/MEZE_BRAAILOUMI_PLAINLACVEG_931865b3.png,1,Home/Attachments,Item,MEZE_BRAAILOUMI_PLAINLACVEG
MEZE_BRAAIL_CHILLI_LACVEG_931865b3.png,/private/files/fromage_coupe/MEZE_BRAAIL_CHILLI_LACVEG_931865b3.png,1,Home/Attachments,Item,MEZE_BRAAIL_CHILLI_LACVEG
MEZE_BRAAIL_CAJUNLACVEG_931865b3.png,/private/files/fromage_coupe/MEZE_BRAAIL_CAJUNLACVEG_931865b3.png,1,Home/Attachments,Item,MEZE_BRAAIL_CAJUNLACVEG
FRICO_MILD_EDAM_BALL_BLC_99e82961.png,/private/files/fromage_coupe/FRICO_MILD_EDAM_BALL_BLC_99e82961.png,1,Home/Attachments,Item,FRICO_MILD_EDAM_BALL_BLC
EMMENTAL_ENTREMONT_TRAN_11140808.png,/private/files/fromage_coupe/EMMENTAL_ENTREMONT_TRAN_11140808.png,1,Home/Attachments,Item,EMMENTAL_ENTREMONT_TRAN
ARLA_WHITE_MILD_CHEDDAR_a84069d0.png,/private/files/fromage_coupe/ARLA_WHITE_MILD_CHEDDAR_a84069d0.png,1,Home/Attachments,Item,ARLA_WHITE_MILD_CHEDDAR
ARLA_EMMENTAL_2e7061ca.png,/private/files/fromage_coupe/ARLA_EMMENTAL_2e7061ca.png,1,Home/Attachments,Item,ARLA_EMMENTAL
ARLA_COLOURED_MILD_CHEDDAR_31fac95f.png,/private/files/fromage_coupe/ARLA_COLOURED_MILD_CHEDDAR_31fac95f.png,1,Home/Attachments,Item,ARLA_COLOURED_MILD_CHEDDAR
CHUTES_FROMAGES_KG_931865b3.png,/private/files/fromage_coupe/CHUTES_FROMAGES_KG_931865b3.png,1,Home/Attachments,Item,CHUTES_FROMAGES_KG
CO_CAMEMBERT_250G_931865b3.png,/private/files/fromages_libre_service_2/CO_CAMEMBERT_250G_931865b3.png,1,Home/Attachments,Item,CO_CAMEMBERT_250G
CO_CARRE_230G_931865b3.png,/private/files/fromages_libre_service_2/CO_CARRE_230G_931865b3.png,1,Home/Attachments,Item,CO_CARRE_230G
CO_COULOMMIERS_350G_931865b3.png,/private/files/fromages_libre_service_2/CO_COULOMMIERS_350G_931865b3.png,1,Home/Attachments,Item,CO_COULOMMIERS_350G
CO_SAINT_PAULIN_340G_931865b3.png,/private/files/fromages_libre_service_2/CO_SAINT_PAULIN_340G_931865b3.png,1,Home/Attachments,Item,CO_SAINT_PAULIN_340G
CO_ROQUEFORT_150G_931865b3.png,/private/files/fromages_libre_service_2/CO_ROQUEFORT_150G_931865b3.png,1,Home/Attachments,Item,CO_ROQUEFORT_150G
CO_REBLOCHON_LAITIER_240G_931865b3.png,/private/files/fromages_libre_service_2/CO_REBLOCHON_LAITIER_240G_931865b3.png,1,Home/Attachments,Item,CO_REBLOCHON_LAITIER_240G
CO_PARMESAN_PTE_24M_200G_931865b3.png,/private/files/fromages_libre_service_2/CO_PARMESAN_PTE_24M_200G_931865b3.png,1,Home/Attachments,Item,CO_PARMESAN_PTE_24M_200G
CO_OSSAU_IRATY_200G_931865b3.png,/private/files/fromages_libre_service_2/CO_OSSAU_IRATY_200G_931865b3.png,1,Home/Attachments,Item,CO_OSSAU_IRATY_200G
CO_NEUFCHATEL_AOP_200G_931865b3.png,/private/files/fromages_libre_service_2/CO_NEUFCHATEL_AOP_200G_931865b3.png,1,Home/Attachments,Item,CO_NEUFCHATEL_AOP_200G
CO_MOZZARELLA_RAPEE_150G_931865b3.png,/private/files/fromages_libre_service_2/CO_MOZZARELLA_RAPEE_150G_931865b3.png,1,Home/Attachments,Item,CO_MOZZARELLA_RAPEE_150G
APERIVRAIS_SAVPROV_100G_931865b3.png,/private/files/fromages_libre_service_2/APERIVRAIS_SAVPROV_100G_931865b3.png,1,Home/Attachments,Item,APERIVRAIS_SAVPROV_100G
CO_EMMENTAL_RAPE_3X70G_931865b3.png,/private/files/fromages_libre_service_2/CO_EMMENTAL_RAPE_3X70G_931865b3.png,1,Home/Attachments,Item,CO_EMMENTAL_RAPE_3X70G
CO_CHEVRE_FRAIS_200G_931865b3.png,/private/files/fromages_libre_service_2/CO_CHEVRE_FRAIS_200G_931865b3.png,1,Home/Attachments,Item,CO_CHEVRE_FRAIS_200G
CO_CAMEMB_LAIT_CRU_22MG_250G_931865b3.png,/private/files/fromages_libre_service_2/CO_CAMEMB_LAIT_CRU_22MG_250G_931865b3.png,1,Home/Attachments,Item,CO_CAMEMB_LAIT_CRU_22MG_250G
CO_BUCHE_STE_MAURE_200G_931865b3.png,/private/files/fromages_libre_service_2/CO_BUCHE_STE_MAURE_200G_931865b3.png,1,Home/Attachments,Item,CO_BUCHE_STE_MAURE_200G
CO_BRIQUE_BREBIS_150G_931865b3.png,/private/files/fromages_libre_service_2/CO_BRIQUE_BREBIS_150G_931865b3.png,1,Home/Attachments,Item,CO_BRIQUE_BREBIS_150G
CO_BRIQUE_AU_LAIT_VACHE_200G_931865b3.png,/private/files/fromages_libre_service_2/CO_BRIQUE_AU_LAIT_VACHE_200G_931865b3.png,1,Home/Attachments,Item,CO_BRIQUE_AU_LAIT_VACHE_200G
CO_BLEU_AUVERG125G_931865b3.png,/private/files/fromages_libre_service_2/CO_BLEU_AUVERG125G_931865b3.png,1,Home/Attachments,Item,CO_BLEU_AUVERG125G
CO_BIO_MASCARPONE_250G_931865b3.png,/private/files/fromages_libre_service_2/CO_BIO_MASCARPONE_250G_931865b3.png,1,Home/Attachments,Item,CO_BIO_MASCARPONE_250G
NF_ALMOND_COCO_ENGY_BALL_200G_931865b3.png,/private/files/fruits_sec/NF_ALMOND_COCO_ENGY_BALL_200G_931865b3.png,1,Home/Attachments,Item,NF_ALMOND_COCO_ENGY_BALL_200G
HILAL_AJWA_DATES_250G_931865b3.png,/private/files/fruits_sec/HILAL_AJWA_DATES_250G_931865b3.png,1,Home/Attachments,Item,HILAL_AJWA_DATES_250G
DATTE_DN_NAT_BAR_ALGERIE_500G_420fc492.png,/private/files/fruits_sec/DATTE_DN_NAT_BAR_ALGERIE_500G_420fc492.png,1,Home/Attachments,Item,DATTE_DN_NAT_BAR_ALGERIE_500G
BF_ABRICOT_SEC_DENOYAUTE_250G_a84c4c4b.jpeg,/private/files/fruits_sec/BF_ABRICOT_SEC_DENOYAUTE_250G_a84c4c4b.jpeg,1,Home/Attachments,Item,BF_ABRICOT_SEC_DENOYAUTE_250G
VEG_ME_KARAS_MEDJ_DATES_200G_931865b3.png,/private/files/fruits_sec/VEG_ME_KARAS_MEDJ_DATES_200G_931865b3.png,1,Home/Attachments,Item,VEG_ME_KARAS_MEDJ_DATES_200G
RFF_FIGS_PUNNET_931865b3.png,/private/files/fruits_sec/RFF_FIGS_PUNNET_931865b3.png,1,Home/Attachments,Item,RFF_FIGS_PUNNET
NOURI_DATTE_200G_931865b3.png,/private/files/fruits_sec/NOURI_DATTE_200G_931865b3.png,1,Home/Attachments,Item,NOURI_DATTE_200G
BAY_DATTE_SAGAI_ZIP_PCH_400G_931865b3.png,/private/files/fruits_sec/BAY_DATTE_SAGAI_ZIP_PCH_400G_931865b3.png,1,Home/Attachments,Item,BAY_DATTE_SAGAI_ZIP_PCH_400G
BAY_DATTE_SAFAWI_ZIP_PCH_400G_931865b3.png,/private/files/fruits_sec/BAY_DATTE_SAFAWI_ZIP_PCH_400G_931865b3.png,1,Home/Attachments,Item,BAY_DATTE_SAFAWI_ZIP_PCH_400G
BAY_DATTE_MABROOM_PCH_400G_931865b3.png,/private/files/fruits_sec/BAY_DATTE_MABROOM_PCH_400G_931865b3.png,1,Home/Attachments,Item,BAY_DATTE_MABROOM_PCH_400G
BAY_DATTE_DEGLET_NOUR_500G_931865b3.png,/private/files/fruits_sec/BAY_DATTE_DEGLET_NOUR_500G_931865b3.png,1,Home/Attachments,Item,BAY_DATTE_DEGLET_NOUR_500G
BAY_DATTE_DEGLET_NOUR_250G_931865b3.png,/private/files/fruits_sec/BAY_DATTE_DEGLET_NOUR_250G_931865b3.png,1,Home/Attachments,Item,BAY_DATTE_DEGLET_NOUR_250G
BAY_DATTE_AJWA_ZIP_POUCH_400G_931865b3.png,/private/files/fruits_sec/BAY_DATTE_AJWA_ZIP_POUCH_400G_931865b3.png,1,Home/Attachments,Item,BAY_DATTE_AJWA_ZIP_POUCH_400G
BABY_FIGS_160G_SKC_931865b3.png,/private/files/fruits_sec/BABY_FIGS_160G_SKC_931865b3.png,1,Home/Attachments,Item,BABY_FIGS_160G_SKC
NOWACO_FRENCH_FRIES_1KG_780eae30.png,/private/files/garnitures_de_p_de_terre/NOWACO_FRENCH_FRIES_1KG_780eae30.png,1,Home/Attachments,Item,NOWACO_FRENCH_FRIES_1KG
MC_CAIN_TRADITION_1080G_86a2c66a.png,/private/files/garnitures_de_p_de_terre/MC_CAIN_TRADITION_1080G_86a2c66a.png,1,Home/Attachments,Item,MC_CAIN_TRADITION_1080G
MC_CAIN_STEAK_HOUSE_1080G_ab43b6d6.png,/private/files/garnitures_de_p_de_terre/MC_CAIN_STEAK_HOUSE_1080G_ab43b6d6.png,1,Home/Attachments,Item,MC_CAIN_STEAK_HOUSE_1080G
MC_CAIN_GOLDEN_FRIES_1080G_1d81bf1d.png,/private/files/garnitures_de_p_de_terre/MC_CAIN_GOLDEN_FRIES_1080G_1d81bf1d.png,1,Home/Attachments,Item,MC_CAIN_GOLDEN_FRIES_1080G
LP_POMMES_RISSOLEE_1KG_03db4333.png,/private/files/garnitures_de_p_de_terre/LP_POMMES_RISSOLEE_1KG_03db4333.png,1,Home/Attachments,Item,LP_POMMES_RISSOLEE_1KG
LP_FRITES_MICRO_ONDABLE_130G_bf4aeb56.jpeg,/private/files/garnitures_de_p_de_terre/LP_FRITES_MICRO_ONDABLE_130G_bf4aeb56.jpeg,1,Home/Attachments,Item,LP_FRITES_MICRO_ONDABLE_130G
LP_FRITES_AU_FOUR_6MG_1KG_327e7c72.png,/private/files/garnitures_de_p_de_terre/LP_FRITES_AU_FOUR_6MG_1KG_327e7c72.png,1,Home/Attachments,Item,LP_FRITES_AU_FOUR_6MG_1KG
LP_DEMI_LUNE_AU_FOUR_1KG_692e1419.png,/private/files/garnitures_de_p_de_terre/LP_DEMI_LUNE_AU_FOUR_1KG_692e1419.png,1,Home/Attachments,Item,LP_DEMI_LUNE_AU_FOUR_1KG
FINDUS_RPERIGORD_CREPES_600G_97e0fe52.png,/private/files/garnitures_de_p_de_terre/FINDUS_RPERIGORD_CREPES_600G_97e0fe52.png,1,Home/Attachments,Item,FINDUS_RPERIGORD_CREPES_600G
FINDUS_GRENAILLE_450G_94bda453.png,/private/files/garnitures_de_p_de_terre/FINDUS_GRENAILLE_450G_94bda453.png,1,Home/Attachments,Item,FINDUS_GRENAILLE_450G
AVIKO_SUPER_CRUNCH_750G_52a19cc3.png,/private/files/garnitures_de_p_de_terre/AVIKO_SUPER_CRUNCH_750G_52a19cc3.png,1,Home/Attachments,Item,AVIKO_SUPER_CRUNCH_750G
AVIKO_SHOESTRING_FRIES_1000G_4df97201.png,/private/files/garnitures_de_p_de_terre/AVIKO_SHOESTRING_FRIES_1000G_4df97201.png,1,Home/Attachments,Item,AVIKO_SHOESTRING_FRIES_1000G
AVIKO_CRINKLE_CUT_1KG_1d0a7f2c.png,/private/files/garnitures_de_p_de_terre/AVIKO_CRINKLE_CUT_1KG_1d0a7f2c.png,1,Home/Attachments,Item,AVIKO_CRINKLE_CUT_1KG
PANDAN_CHIFFON_CAKE_dd48ef53.jpeg,/private/files/gateau_assortis/PANDAN_CHIFFON_CAKE_dd48ef53.jpeg,1,Home/Attachments,Item,PANDAN_CHIFFON_CAKE
PANDAN_CAKE_EXQUI_931865b3.png,/private/files/gateau_assortis/PANDAN_CAKE_EXQUI_931865b3.png,1,Home/Attachments,Item,PANDAN_CAKE_EXQUI
CO_AILLADOU_AFH_250G_931865b3.png,/private/files/fromages_libre_service_2/CO_AILLADOU_AFH_250G_931865b3.png,1,Home/Attachments,Item,CO_AILLADOU_AFH_250G
CAPRICE_DES_DIEUX_125G_931865b3.png,/private/files/fromages_libre_service_2/CAPRICE_DES_DIEUX_125G_931865b3.png,1,Home/Attachments,Item,CAPRICE_DES_DIEUX_125G
APERIVSAVITALI_100G_931865b3.png,/private/files/fromages_libre_service_2/APERIVSAVITALI_100G_931865b3.png,1,Home/Attachments,Item,APERIVSAVITALI_100G
MINI_GENOISE_X_4_PCS_d3a5c004.png,/private/files/gateau_assortis/MINI_GENOISE_X_4_PCS_d3a5c004.png,1,Home/Attachments,Item,MINI_GENOISE_X_4_PCS
GENOISE_VANILLE_2025PERS_cf0b4898.jpeg,/private/files/genoise/GENOISE_VANILLE_2025PERS_cf0b4898.jpeg,1,Home/Attachments,Item,GENOISE_VANILLE_2025PERS
ASSORTED_PATISSERIE_X_4PCS_82b1c7f9.png,/private/files/gateau_assortis/ASSORTED_PATISSERIE_X_4PCS_82b1c7f9.png,1,Home/Attachments,Item,ASSORTED_PATISSERIE_X_4PCS
GENOISE_VANILLE_1520_PERS_7a6d31cd.png,/private/files/genoise/GENOISE_VANILLE_1520_PERS_7a6d31cd.png,1,Home/Attachments,Item,GENOISE_VANILLE_1520_PERS
GENOISE_AU_FRUIT_2025_PERS_59da8213.png,/private/files/genoise/GENOISE_AU_FRUIT_2025_PERS_59da8213.png,1,Home/Attachments,Item,GENOISE_AU_FRUIT_2025_PERS
GENOISE_AU_FRUIT_1520_PERS_f96d318f.png,/private/files/genoise/GENOISE_AU_FRUIT_1520_PERS_f96d318f.png,1,Home/Attachments,Item,GENOISE_AU_FRUIT_1520_PERS
GENOISE_AU_FRUIT_1015_PERS_96b3c2e7.png,/private/files/genoise/GENOISE_AU_FRUIT_1015_PERS_96b3c2e7.png,1,Home/Attachments,Item,GENOISE_AU_FRUIT_1015_PERS
GENOISE_AU_CHOCO_2025_PERS_8b117db1.png,/private/files/genoise/GENOISE_AU_CHOCO_2025_PERS_8b117db1.png,1,Home/Attachments,Item,GENOISE_AU_CHOCO_2025_PERS
GENOISE_AU_CHOCO_1015_PERS_d412c4f5.png,/private/files/genoise/GENOISE_AU_CHOCO_1015_PERS_d412c4f5.png,1,Home/Attachments,Item,GENOISE_AU_CHOCO_1015_PERS
GATEAU_TOUT_CHOCO_20_25PERS_cedbb45d.png,/private/files/genoise/GATEAU_TOUT_CHOCO_20_25PERS_cedbb45d.png,1,Home/Attachments,Item,GATEAU_TOUT_CHOCO_20_25PERS
GATEAU_TOUT_CHOCO_10__15PERS_6ff4bcb0.png,/private/files/genoise/GATEAU_TOUT_CHOCO_10__15PERS_6ff4bcb0.png,1,Home/Attachments,Item,GATEAU_TOUT_CHOCO_10__15PERS
FORET_NOIRE_2025_PERS_4a22afdf.jpeg,/private/files/genoise/FORET_NOIRE_2025_PERS_4a22afdf.jpeg,1,Home/Attachments,Item,FORET_NOIRE_2025_PERS
GENOISE_VEGETARIEN_2025_PERS_e669ba31.png,/private/files/genoise_vegetarian/GENOISE_VEGETARIEN_2025_PERS_e669ba31.png,1,Home/Attachments,Item,GENOISE_VEGETARIEN_2025_PERS
CHOCOLATE_VEG_CAKE_20X20_3644c89e.webp,/private/files/genoise_vegetarian/CHOCOLATE_VEG_CAKE_20X20_3644c89e.webp,1,Home/Attachments,Item,CHOCOLATE_VEG_CAKE_20X20
DIONE_ICREAM_PVANSC475ML_931865b3.png,/private/files/glaces/DIONE_ICREAM_PVANSC475ML_931865b3.png,1,Home/Attachments,Item,DIONE_ICREAM_PVANSC475ML
DIONE_ICREAM_CARAMEL_3X90ML_931865b3.png,/private/files/glaces/DIONE_ICREAM_CARAMEL_3X90ML_931865b3.png,1,Home/Attachments,Item,DIONE_ICREAM_CARAMEL_3X90ML
DAIRYMAID_PK_BINGO_CHOC12X70ML_931865b3.png,/private/files/glaces/DAIRYMAID_PK_BINGO_CHOC12X70ML_931865b3.png,1,Home/Attachments,Item,DAIRYMAID_PK_BINGO_CHOC12X70ML
DAIRYMAID_ORANGE_MAID_931865b3.png,/private/files/glaces/DAIRYMAID_ORANGE_MAID_931865b3.png,1,Home/Attachments,Item,DAIRYMAID_ORANGE_MAID
DAIRYMAID_OLE_KING_SIZE_90ML_931865b3.png,/private/files/glaces/DAIRYMAID_OLE_KING_SIZE_90ML_931865b3.png,1,Home/Attachments,Item,DAIRYMAID_OLE_KING_SIZE_90ML
DAIRYMAID_MASTER_TEE_65ML_931865b3.png,/private/files/glaces/DAIRYMAID_MASTER_TEE_65ML_931865b3.png,1,Home/Attachments,Item,DAIRYMAID_MASTER_TEE_65ML
DAIRYMAID_MAGIC_CONE_4_X_100G_931865b3.png,/private/files/glaces/DAIRYMAID_MAGIC_CONE_4_X_100G_931865b3.png,1,Home/Attachments,Item,DAIRYMAID_MAGIC_CONE_4_X_100G
DAIRYMAID_KING_CONE_CHOC_110ML_931865b3.png,/private/files/glaces/DAIRYMAID_KING_CONE_CHOC_110ML_931865b3.png,1,Home/Attachments,Item,DAIRYMAID_KING_CONE_CHOC_110ML
DAIRYMAID_K_CONE_VAN_110ML_931865b3.png,/private/files/glaces/DAIRYMAID_K_CONE_VAN_110ML_931865b3.png,1,Home/Attachments,Item,DAIRYMAID_K_CONE_VAN_110ML
DAIRYMAID_ID_VAN_NOIS_18L_173d4819.jpeg,/private/files/glaces/DAIRYMAID_ID_VAN_NOIS_18L_173d4819.jpeg,1,Home/Attachments,Item,DAIRYMAID_ID_VAN_NOIS_18L
DAIRYMAID_ID_PISTACHIO_18L_931865b3.png,/private/files/glaces/DAIRYMAID_ID_PISTACHIO_18L_931865b3.png,1,Home/Attachments,Item,DAIRYMAID_ID_PISTACHIO_18L
DAIRYMAID_ID_MAST_TEE_18L_931865b3.png,/private/files/glaces/DAIRYMAID_ID_MAST_TEE_18L_931865b3.png,1,Home/Attachments,Item,DAIRYMAID_ID_MAST_TEE_18L
DAIRYMAID_ID_CHBROWNIE_18L_931865b3.png,/private/files/glaces/DAIRYMAID_ID_CHBROWNIE_18L_931865b3.png,1,Home/Attachments,Item,DAIRYMAID_ID_CHBROWNIE_18L
DAIRYMAID_ID_BBERRY_CHE_18L_931865b3.png,/private/files/glaces/DAIRYMAID_ID_BBERRY_CHE_18L_931865b3.png,1,Home/Attachments,Item,DAIRYMAID_ID_BBERRY_CHE_18L
DAIRYMAID_CHOCSTICK_70ML_f143cb77.png,/private/files/glaces/DAIRYMAID_CHOCSTICK_70ML_f143cb77.png,1,Home/Attachments,Item,DAIRYMAID_CHOCSTICK_70ML
CADBURY_CARAMEL_PINT_480ML_c3f8709e.png,/private/files/glaces/CADBURY_CARAMEL_PINT_480ML_c3f8709e.png,1,Home/Attachments,Item,CADBURY_CARAMEL_PINT_480ML
BJ_COOKIES_DOUGH_100ML_8dfed8b8.png,/private/files/glaces/BJ_COOKIES_DOUGH_100ML_8dfed8b8.png,1,Home/Attachments,Item,BJ_COOKIES_DOUGH_100ML
BJ_CHOCO_BROWN_100ML_5e047d04.png,/private/files/glaces/BJ_CHOCO_BROWN_100ML_5e047d04.png,1,Home/Attachments,Item,BJ_CHOCO_BROWN_100ML
FORET_NOIRE_10_15_PERS_999183c4.png,/private/files/genoise/FORET_NOIRE_10_15_PERS_999183c4.png,1,Home/Attachments,Item,FORET_NOIRE_10_15_PERS
CHOCOLAT_SPLASH_SPONGE_CAKE_4f515ed5.jpeg,/private/files/genoise/CHOCOLAT_SPLASH_SPONGE_CAKE_4f515ed5.jpeg,1,Home/Attachments,Item,CHOCOLAT_SPLASH_SPONGE_CAKE
ALWAYS_DUO_PK_MAXI_FRESH_X16_1b6bbf27.jpeg,/private/files/hygiene_papier/ALWAYS_DUO_PK_MAXI_FRESH_X16_1b6bbf27.jpeg,1,Home/Attachments,Item,ALWAYS_DUO_PK_MAXI_FRESH_X16
ALWAYS_MAXI_EXTRA_LONG_X8_92ba7d32.png,/private/files/hygiene_papier/ALWAYS_MAXI_EXTRA_LONG_X8_92ba7d32.png,1,Home/Attachments,Item,ALWAYS_MAXI_EXTRA_LONG_X8
ALWAYS_DI_PAD_M4_LNG_PLUS_X16_931865b3.png,/private/files/hygiene_papier/ALWAYS_DI_PAD_M4_LNG_PLUS_X16_931865b3.png,1,Home/Attachments,Item,ALWAYS_DI_PAD_M4_LNG_PLUS_X16
ALWAYS_DISC_MEDIUM_X9_CULOTTES_931865b3.png,/private/files/hygiene_papier/ALWAYS_DISC_MEDIUM_X9_CULOTTES_931865b3.png,1,Home/Attachments,Item,ALWAYS_DISC_MEDIUM_X9_CULOTTES
ALWAYS_DISC_LARGEX10_CULOTTES_931865b3.png,/private/files/hygiene_papier/ALWAYS_DISC_LARGEX10_CULOTTES_931865b3.png,1,Home/Attachments,Item,ALWAYS_DISC_LARGEX10_CULOTTES
ALTESSE_PREMIUM_2_PLY_6_ROLLS_931865b3.png,/private/files/hygiene_papier/ALTESSE_PREMIUM_2_PLY_6_ROLLS_931865b3.png,1,Home/Attachments,Item,ALTESSE_PREMIUM_2_PLY_6_ROLLS
ALTESSE_PREMIUM_F_PK_2PLY_24_R_931865b3.png,/private/files/hygiene_papier/ALTESSE_PREMIUM_F_PK_2PLY_24_R_931865b3.png,1,Home/Attachments,Item,ALTESSE_PREMIUM_F_PK_2PLY_24_R
ALTESSE_KITCHEN_TOWEL_LUXIA_X2_931865b3.png,/private/files/hygiene_papier/ALTESSE_KITCHEN_TOWEL_LUXIA_X2_931865b3.png,1,Home/Attachments,Item,ALTESSE_KITCHEN_TOWEL_LUXIA_X2
ALTESSE_FACIAL_3PLY_70_SHEETS_931865b3.png,/private/files/hygiene_papier/ALTESSE_FACIAL_3PLY_70_SHEETS_931865b3.png,1,Home/Attachments,Item,ALTESSE_FACIAL_3PLY_70_SHEETS
AAB_BABY_WIPES_X_150_5f06478c.png,/private/files/hygiene_papier/AAB_BABY_WIPES_X_150_5f06478c.png,1,Home/Attachments,Item,AAB_BABY_WIPES_X_150
AAB_ADULT_DIAPERS_XXL_X10_931865b3.png,/private/files/hygiene_papier/AAB_ADULT_DIAPERS_XXL_X10_931865b3.png,1,Home/Attachments,Item,AAB_ADULT_DIAPERS_XXL_X10
ADIDAS_GD_AFTER_SPORT_M_250ML_4822b597.png,/private/files/hygiene_parfumerie/ADIDAS_GD_AFTER_SPORT_M_250ML_4822b597.png,1,Home/Attachments,Item,ADIDAS_GD_AFTER_SPORT_M_250ML
ADIDAS_GD_ACTIVE_START_M_250ML_f1f6db87.png,/private/files/hygiene_parfumerie/ADIDAS_GD_ACTIVE_START_M_250ML_f1f6db87.png,1,Home/Attachments,Item,ADIDAS_GD_ACTIVE_START_M_250ML
ADIDAS_DEO_H_DYNAMIC_PUL_150ML_fe481f5b.png,/private/files/hygiene_parfumerie/ADIDAS_DEO_H_DYNAMIC_PUL_150ML_fe481f5b.png,1,Home/Attachments,Item,ADIDAS_DEO_H_DYNAMIC_PUL_150ML
ADIDAS_DEO_AFTER_SPORT_M_150ML_6f2cc981.png,/private/files/hygiene_parfumerie/ADIDAS_DEO_AFTER_SPORT_M_150ML_6f2cc981.png,1,Home/Attachments,Item,ADIDAS_DEO_AFTER_SPORT_M_150ML
ADIDAS_VICTORY_LEAGUE_M_150ML_7089457b.png,/private/files/hygiene_parfumerie/ADIDAS_VICTORY_LEAGUE_M_150ML_7089457b.png,1,Home/Attachments,Item,ADIDAS_VICTORY_LEAGUE_M_150ML
ADIDAS_BODY_TEAM_FORC_M_150ML_11552899.png,/private/files/hygiene_parfumerie/ADIDAS_BODY_TEAM_FORC_M_150ML_11552899.png,1,Home/Attachments,Item,ADIDAS_BODY_TEAM_FORC_M_150ML
ADIDAS_BODY_PURE_GAME_M_150ML_da9a17bf.png,/private/files/hygiene_parfumerie/ADIDAS_BODY_PURE_GAME_M_150ML_da9a17bf.png,1,Home/Attachments,Item,ADIDAS_BODY_PURE_GAME_M_150ML
ADIDAS_DEO_H_ICE_DIVE_150ML_af7891b6.png,/private/files/hygiene_parfumerie/ADIDAS_DEO_H_ICE_DIVE_150ML_af7891b6.png,1,Home/Attachments,Item,ADIDAS_DEO_H_ICE_DIVE_150ML
ADIDAS_BILLE_PRO_INVIS_W_50ML_1b17086a.png,/private/files/hygiene_parfumerie/ADIDAS_BILLE_PRO_INVIS_W_50ML_1b17086a.png,1,Home/Attachments,Item,ADIDAS_BILLE_PRO_INVIS_W_50ML
ADIDAS_BILLE_POWR_BOOST_W_50ML_f872ea72.png,/private/files/hygiene_parfumerie/ADIDAS_BILLE_POWR_BOOST_W_50ML_f872ea72.png,1,Home/Attachments,Item,ADIDAS_BILLE_POWR_BOOST_W_50ML
ADIDAS_DEO_POW_BOOSTER_M_150ML_139f1b15.png,/private/files/hygiene_parfumerie/ADIDAS_DEO_POW_BOOSTER_M_150ML_139f1b15.png,1,Home/Attachments,Item,ADIDAS_DEO_POW_BOOSTER_M_150ML
ADIDAS_DEO_ENDURANCE_M_150ML_45f33a20.png,/private/files/hygiene_parfumerie/ADIDAS_DEO_ENDURANCE_M_150ML_45f33a20.png,1,Home/Attachments,Item,ADIDAS_DEO_ENDURANCE_M_150ML
ADIDAS_DEO_FEM_CLIMACOOL_150ML_82405041.png,/private/files/hygiene_parfumerie/ADIDAS_DEO_FEM_CLIMACOOL_150ML_82405041.png,1,Home/Attachments,Item,ADIDAS_DEO_FEM_CLIMACOOL_150ML
ACTIVE_MOUTHRINS_SOFT_M_750ML_5881afd8.png,/private/files/hygiene_parfumerie/ACTIVE_MOUTHRINS_SOFT_M_750ML_5881afd8.png,1,Home/Attachments,Item,ACTIVE_MOUTHRINS_SOFT_M_750ML
ACTIVE_MOUTHRINS_GREEN_M_750ML_97126ff6.png,/private/files/hygiene_parfumerie/ACTIVE_MOUTHRINS_GREEN_M_750ML_97126ff6.png,1,Home/Attachments,Item,ACTIVE_MOUTHRINS_GREEN_M_750ML
365_JRS_EDC_100ML_NATURELL_SPR_7beea19a.png,/private/files/hygiene_parfumerie/365_JRS_EDC_100ML_NATURELL_SPR_7beea19a.png,1,Home/Attachments,Item,365_JRS_EDC_100ML_NATURELL_SPR
ABRO_DASHBOARD_POLISH_4_REFS_d2f8784c.jpeg,/private/files/interior_car/ABRO_DASHBOARD_POLISH_4_REFS_d2f8784c.jpeg,1,Home/Attachments,Item,ABRO_DASHBOARD_POLISH_4_REFS
ARMAR_ALL_WHEEL_TIRE_CLEANER_7fc6ef21.webp,/private/files/interior_car/ARMAR_ALL_WHEEL_TIRE_CLEANER_7fc6ef21.webp,1,Home/Attachments,Item,ARMAR_ALL_WHEEL_TIRE_CLEANER
ARMAR_ALL_SPEED_WAX_500_ML_1bf38d9d.webp,/private/files/interior_car/ARMAR_ALL_SPEED_WAX_500_ML_1bf38d9d.webp,1,Home/Attachments,Item,ARMAR_ALL_SPEED_WAX_500_ML
ARMAR_ALL_SHIELD_TIRE_GLAZE_50_099529ca.webp,/private/files/interior_car/ARMAR_ALL_SHIELD_TIRE_GLAZE_50_099529ca.webp,1,Home/Attachments,Item,ARMAR_ALL_SHIELD_TIRE_GLAZE_50
ARMAR_ALL_COCKPIT_SHINE_NEW_CA_9bdab49b.webp,/private/files/interior_car/ARMAR_ALL_COCKPIT_SHINE_NEW_CA_9bdab49b.webp,1,Home/Attachments,Item,ARMAR_ALL_COCKPIT_SHINE_NEW_CA
ARMAR_ALL_COCKPIT_SHINE_LEMON_da49d20b.jpeg,/private/files/interior_car/ARMAR_ALL_COCKPIT_SHINE_LEMON_da49d20b.jpeg,1,Home/Attachments,Item,ARMAR_ALL_COCKPIT_SHINE_LEMON
SHI_MICROFIBRE_GRSE_CLOTHS_10P_96ad7adf.png,/private/files/interior_car/SHI_MICROFIBRE_GRSE_CLOTHS_10P_96ad7adf.png,1,Home/Attachments,Item,SHI_MICROFIBRE_GRSE_CLOTHS_10P
ESPUNA_CHORIZO_DOUX_200G_931865b3.png,/private/files/jambon_scisson_sec/ESPUNA_CHORIZO_DOUX_200G_931865b3.png,1,Home/Attachments,Item,ESPUNA_CHORIZO_DOUX_200G
ESPUNA_CANITAS_X6_F_DOLOT60G_931865b3.png,/private/files/jambon_scisson_sec/ESPUNA_CANITAS_X6_F_DOLOT60G_931865b3.png,1,Home/Attachments,Item,ESPUNA_CANITAS_X6_F_DOLOT60G
ELPOZO_TAPAS_MJAMBON_SAU120G_931865b3.png,/private/files/jambon_scisson_sec/ELPOZO_TAPAS_MJAMBON_SAU120G_931865b3.png,1,Home/Attachments,Item,ELPOZO_TAPAS_MJAMBON_SAU120G
ELPOZO_SAUCISSON_EXTRA_80G_931865b3.png,/private/files/jambon_scisson_sec/ELPOZO_SAUCISSON_EXTRA_80G_931865b3.png,1,Home/Attachments,Item,ELPOZO_SAUCISSON_EXTRA_80G
ELPOZO_FUETEC_IBERIQUE_150G_931865b3.png,/private/files/jambon_scisson_sec/ELPOZO_FUETEC_IBERIQUE_150G_931865b3.png,1,Home/Attachments,Item,ELPOZO_FUETEC_IBERIQUE_150G
ELPOZO_FOUET_CASERO_170G_931865b3.png,/private/files/jambon_scisson_sec/ELPOZO_FOUET_CASERO_170G_931865b3.png,1,Home/Attachments,Item,ELPOZO_FOUET_CASERO_170G
ELPOZO_CHORIZO_SENTFORT_200G_931865b3.png,/private/files/jambon_scisson_sec/ELPOZO_CHORIZO_SENTFORT_200G_931865b3.png,1,Home/Attachments,Item,ELPOZO_CHORIZO_SENTFORT_200G
ELPOZO_CHORIZO_SENTDOUX_200G_931865b3.png,/private/files/jambon_scisson_sec/ELPOZO_CHORIZO_SENTDOUX_200G_931865b3.png,1,Home/Attachments,Item,ELPOZO_CHORIZO_SENTDOUX_200G
EL_POZO_FUETEC_TRUFFE_150G_931865b3.png,/private/files/jambon_scisson_sec/EL_POZO_FUETEC_TRUFFE_150G_931865b3.png,1,Home/Attachments,Item,EL_POZO_FUETEC_TRUFFE_150G
EL_POZO_FUETEC_MEDITERR150G_931865b3.png,/private/files/jambon_scisson_sec/EL_POZO_FUETEC_MEDITERR150G_931865b3.png,1,Home/Attachments,Item,EL_POZO_FUETEC_MEDITERR150G
CITTERIO_BASTONCINI_SPICY_60G_931865b3.png,/private/files/jambon_scisson_sec/CITTERIO_BASTONCINI_SPICY_60G_931865b3.png,1,Home/Attachments,Item,CITTERIO_BASTONCINI_SPICY_60G
CITTERIO_BASTONCINI_SALAME_80G_931865b3.png,/private/files/jambon_scisson_sec/CITTERIO_BASTONCINI_SALAME_80G_931865b3.png,1,Home/Attachments,Item,CITTERIO_BASTONCINI_SALAME_80G
BERE_SAUCISSON_CACCIATORE_150G_931865b3.png,/private/files/jambon_scisson_sec/BERE_SAUCISSON_CACCIATORE_150G_931865b3.png,1,Home/Attachments,Item,BERE_SAUCISSON_CACCIATORE_150G
BERE_SALAMINI_SNACK_CLASS_85G_931865b3.png,/private/files/jambon_scisson_sec/BERE_SALAMINI_SNACK_CLASS_85G_931865b3.png,1,Home/Attachments,Item,BERE_SALAMINI_SNACK_CLASS_85G
AUVERNOU_MINI_SNACK_PIM_75G_931865b3.png,/private/files/jambon_scisson_sec/AUVERNOU_MINI_SNACK_PIM_75G_931865b3.png,1,Home/Attachments,Item,AUVERNOU_MINI_SNACK_PIM_75G
AOSTE_SAUCISSON_GAUL_250G_931865b3.png,/private/files/jambon_scisson_sec/AOSTE_SAUCISSON_GAUL_250G_931865b3.png,1,Home/Attachments,Item,AOSTE_SAUCISSON_GAUL_250G
SAUCISSON_SEC_PUR_PORC_200G_931865b3.png,/private/files/jambon_scisson_sec/SAUCISSON_SEC_PUR_PORC_200G_931865b3.png,1,Home/Attachments,Item,SAUCISSON_SEC_PUR_PORC_200G
ESPUNA_SAUCMONT_KICO_100G_931865b3.png,/private/files/jambon_scisson_sec/ESPUNA_SAUCMONT_KICO_100G_931865b3.png,1,Home/Attachments,Item,ESPUNA_SAUCMONT_KICO_100G
CO_MINI_BAT_SCISSON_SEC_100G_931865b3.png,/private/files/jambon_scisson_sec/CO_MINI_BAT_SCISSON_SEC_100G_931865b3.png,1,Home/Attachments,Item,CO_MINI_BAT_SCISSON_SEC_100G
CO_SAUCISSE_DROITE_250G_931865b3.png,/private/files/jambon_scisson_sec/CO_SAUCISSE_DROITE_250G_931865b3.png,1,Home/Attachments,Item,CO_SAUCISSE_DROITE_250G
MULTI_V_PARROT_N_PARAKEET_20ML_931865b3.png,/private/files/jardinerie/MULTI_V_PARROT_N_PARAKEET_20ML_931865b3.png,1,Home/Attachments,Item,MULTI_V_PARROT_N_PARAKEET_20ML
FRONTLINE_CAT_PIPETTES_931865b3.png,/private/files/jardinerie/FRONTLINE_CAT_PIPETTES_931865b3.png,1,Home/Attachments,Item,FRONTLINE_CAT_PIPETTES
FRESH_BREATH_SPRAY_931865b3.png,/private/files/jardinerie/FRESH_BREATH_SPRAY_931865b3.png,1,Home/Attachments,Item,FRESH_BREATH_SPRAY
EAR_CLEANER_931865b3.png,/private/files/jardinerie/EAR_CLEANER_931865b3.png,1,Home/Attachments,Item,EAR_CLEANER
CAMPING_BISTRO_3_931865b3.png,/private/files/jardinerie/CAMPING_BISTRO_3_931865b3.png,1,Home/Attachments,Item,CAMPING_BISTRO_3
BOL_NATURAL_FLEA_N_TICK_SPRAY_931865b3.png,/private/files/jardinerie/BOL_NATURAL_FLEA_N_TICK_SPRAY_931865b3.png,1,Home/Attachments,Item,BOL_NATURAL_FLEA_N_TICK_SPRAY
BOL_ALLERGY_N_ITCH_RELIEF_SHMP_931865b3.png,/private/files/jardinerie/BOL_ALLERGY_N_ITCH_RELIEF_SHMP_931865b3.png,1,Home/Attachments,Item,BOL_ALLERGY_N_ITCH_RELIEF_SHMP
SPORT_NAUTIQUE_bccd47f4.jpeg,/private/files/jouet_garcon/SPORT_NAUTIQUE_bccd47f4.jpeg,1,Home/Attachments,Item,SPORT_NAUTIQUE
CONDITIONS_OF_USE_bccd47f4.jpeg,/private/files/accessoires_femmes/CONDITIONS_OF_USE_bccd47f4.jpeg,1,Home/Attachments,Item,CONDITIONS_OF_USE
PRIVACY_NOTICE_bccd47f4.jpeg,/private/files/accessoires_femmes/PRIVACY_NOTICE_bccd47f4.jpeg,1,Home/Attachments,Item,PRIVACY_NOTICE
FREQUENTLY_ASKED_QUESTIONS_bccd47f4.jpeg,/private/files/accessoires_femmes/FREQUENTLY_ASKED_QUESTIONS_bccd47f4.jpeg,1,Home/Attachments,Item,FREQUENTLY_ASKED_QUESTIONS
TEXTILE_4_bccd47f4.jpeg,/private/files/accessoires_femmes/TEXTILE_4_bccd47f4.jpeg,1,Home/Attachments,Item,TEXTILE_4
TEXTILE_3_bccd47f4.jpeg,/private/files/accessoires_femmes/TEXTILE_3_bccd47f4.jpeg,1,Home/Attachments,Item,TEXTILE_3
LINGE_DE_MAISON_bccd47f4.jpeg,/private/files/accessoires_femmes/LINGE_DE_MAISON_bccd47f4.jpeg,1,Home/Attachments,Item,LINGE_DE_MAISON
LA_CUISINE_bccd47f4.jpeg,/private/files/accessoires_femmes/LA_CUISINE_bccd47f4.jpeg,1,Home/Attachments,Item,LA_CUISINE
WINNERS_ORCHARD_bccd47f4.jpeg,/private/files/accessoires_femmes/WINNERS_ORCHARD_bccd47f4.jpeg,1,Home/Attachments,Item,WINNERS_ORCHARD
WINNERS_WINDSOR_bccd47f4.jpeg,/private/files/accessoires_femmes/WINNERS_WINDSOR_bccd47f4.jpeg,1,Home/Attachments,Item,WINNERS_WINDSOR
WINNERS_TRIBECA_bccd47f4.jpeg,/private/files/accessoires_femmes/WINNERS_TRIBECA_bccd47f4.jpeg,1,Home/Attachments,Item,WINNERS_TRIBECA
WINNERS_TRIANON_bccd47f4.jpeg,/private/files/accessoires_femmes/WINNERS_TRIANON_bccd47f4.jpeg,1,Home/Attachments,Item,WINNERS_TRIANON
WINNERS_VICTORIA_URBAN_TERMINAL_bccd47f4.jpeg,/private/files/accessoires_femmes/WINNERS_VICTORIA_URBAN_TERMINAL_bccd47f4.jpeg,1,Home/Attachments,Item,WINNERS_VICTORIA_URBAN_TERMINAL
WINNERS_GARDEN_TOWER_bccd47f4.jpeg,/private/files/accessoires_femmes/WINNERS_GARDEN_TOWER_bccd47f4.jpeg,1,Home/Attachments,Item,WINNERS_GARDEN_TOWER
WINNERS_LA_SOURCE_bccd47f4.jpeg,/private/files/accessoires_femmes/WINNERS_LA_SOURCE_bccd47f4.jpeg,1,Home/Attachments,Item,WINNERS_LA_SOURCE
WINNERS_PEREYB%C3%A8RE_bccd47f4.jpeg,/private/files/accessoires_femmes/WINNERS_PEREYB%C3%A8RE_bccd47f4.jpeg,1,Home/Attachments,Item,WINNERS_PEREYB_C3_A8RE
WINNERS_ROSE_HILL_bccd47f4.jpeg,/private/files/accessoires_femmes/WINNERS_ROSE_HILL_bccd47f4.jpeg,1,Home/Attachments,Item,WINNERS_ROSE_HILL
WINNERS_BAMBOUS_bccd47f4.jpeg,/private/files/accessoires_femmes/WINNERS_BAMBOUS_bccd47f4.jpeg,1,Home/Attachments,Item,WINNERS_BAMBOUS
WINNERS_PLAINE_MAGNIEN_bccd47f4.jpeg,/private/files/accessoires_femmes/WINNERS_PLAINE_MAGNIEN_bccd47f4.jpeg,1,Home/Attachments,Item,WINNERS_PLAINE_MAGNIEN
WINNERS_GOODLANDS_bccd47f4.jpeg,/private/files/accessoires_femmes/WINNERS_GOODLANDS_bccd47f4.jpeg,1,Home/Attachments,Item,WINNERS_GOODLANDS
WINNERS_TERRE_ROUGE_bccd47f4.jpeg,/private/files/accessoires_femmes/WINNERS_TERRE_ROUGE_bccd47f4.jpeg,1,Home/Attachments,Item,WINNERS_TERRE_ROUGE
WINNERS_COROMANDEL_bccd47f4.jpeg,/private/files/accessoires_femmes/WINNERS_COROMANDEL_bccd47f4.jpeg,1,Home/Attachments,Item,WINNERS_COROMANDEL
WINNERS_SAINT_PIERRE_bccd47f4.jpeg,/private/files/accessoires_femmes/WINNERS_SAINT_PIERRE_bccd47f4.jpeg,1,Home/Attachments,Item,WINNERS_SAINT_PIERRE
WINNERS_BOULET_ROUGE_bccd47f4.jpeg,/private/files/accessoires_femmes/WINNERS_BOULET_ROUGE_bccd47f4.jpeg,1,Home/Attachments,Item,WINNERS_BOULET_ROUGE
WINNERS_TRIOLET_bccd47f4.jpeg,/private/files/accessoires_femmes/WINNERS_TRIOLET_bccd47f4.jpeg,1,Home/Attachments,Item,WINNERS_TRIOLET
WINNERS_CHEMIN_GRENIER_bccd47f4.jpeg,/private/files/accessoires_femmes/WINNERS_CHEMIN_GRENIER_bccd47f4.jpeg,1,Home/Attachments,Item,WINNERS_CHEMIN_GRENIER
WINNERS_BEL_AIR_bccd47f4.jpeg,/private/files/accessoires_femmes/WINNERS_BEL_AIR_bccd47f4.jpeg,1,Home/Attachments,Item,WINNERS_BEL_AIR
WINNERS_SAINT_PAUL_bccd47f4.jpeg,/private/files/accessoires_femmes/WINNERS_SAINT_PAUL_bccd47f4.jpeg,1,Home/Attachments,Item,WINNERS_SAINT_PAUL
WINNERS_CANDOS_bccd47f4.jpeg,/private/files/accessoires_femmes/WINNERS_CANDOS_bccd47f4.jpeg,1,Home/Attachments,Item,WINNERS_CANDOS
WINNERS_RIVI%C3%A8RE_REMPART_bccd47f4.jpeg,/private/files/accessoires_femmes/WINNERS_RIVI%C3%A8RE_REMPART_bccd47f4.jpeg,1,Home/Attachments,Item,WINNERS_RIVI_C3_A8RE_REMPART
WINNERS_FOREST_SIDE_bccd47f4.jpeg,/private/files/accessoires_femmes/WINNERS_FOREST_SIDE_bccd47f4.jpeg,1,Home/Attachments,Item,WINNERS_FOREST_SIDE
WINNERS_VACOAS_bccd47f4.jpeg,/private/files/accessoires_femmes/WINNERS_VACOAS_bccd47f4.jpeg,1,Home/Attachments,Item,WINNERS_VACOAS
WINNERS_CASCAVELLE_bccd47f4.jpeg,/private/files/accessoires_femmes/WINNERS_CASCAVELLE_bccd47f4.jpeg,1,Home/Attachments,Item,WINNERS_CASCAVELLE
WINNERS_ROSE_BELLE_bccd47f4.jpeg,/private/files/accessoires_femmes/WINNERS_ROSE_BELLE_bccd47f4.jpeg,1,Home/Attachments,Item,WINNERS_ROSE_BELLE
CO_MINI_CHORIZO_75G_931865b3.png,/private/files/jambon_scisson_sec/CO_MINI_CHORIZO_75G_931865b3.png,1,Home/Attachments,Item,CO_MINI_CHORIZO_75G
WINNERS_ROCHES_BRUNES_bccd47f4.jpeg,/private/files/accessoires_femmes/WINNERS_ROCHES_BRUNES_bccd47f4.jpeg,1,Home/Attachments,Item,WINNERS_ROCHES_BRUNES
ALL_SHOPS_bccd47f4.jpeg,/private/files/accessoires_femmes/ALL_SHOPS_bccd47f4.jpeg,1,Home/Attachments,Item,ALL_SHOPS
CO_CHORIZO_FORT_225G_931865b3.png,/private/files/jambon_scisson_sec/CO_CHORIZO_FORT_225G_931865b3.png,1,Home/Attachments,Item,CO_CHORIZO_FORT_225G
CO_CHORIZO_DOUX_225G_931865b3.png,/private/files/jambon_scisson_sec/CO_CHORIZO_DOUX_225G_931865b3.png,1,Home/Attachments,Item,CO_CHORIZO_DOUX_225G
DANETTE_LIEGEOIS_VANIL_4X100G_931865b3.png,/private/files/ultra_frais/DANETTE_LIEGEOIS_VANIL_4X100G_931865b3.png,1,Home/Attachments,Item,DANETTE_LIEGEOIS_VANIL_4X100G
DANETTE_LIEGEOIS_CHOCO_4X100G_931865b3.png,/private/files/ultra_frais/DANETTE_LIEGEOIS_CHOCO_4X100G_931865b3.png,1,Home/Attachments,Item,DANETTE_LIEGEOIS_CHOCO_4X100G
CO_TIRAMISU_SPECUL_2X100G_931865b3.png,/private/files/ultra_frais/CO_TIRAMISU_SPECUL_2X100G_931865b3.png,1,Home/Attachments,Item,CO_TIRAMISU_SPECUL_2X100G
CO_TIRAMISU_FRAMB_2X100G_931865b3.png,/private/files/ultra_frais/CO_TIRAMISU_FRAMB_2X100G_931865b3.png,1,Home/Attachments,Item,CO_TIRAMISU_FRAMB_2X100G
CO_SOJA_SUR_LIT_FRAISES_4X100G_931865b3.png,/private/files/ultra_frais/CO_SOJA_SUR_LIT_FRAISES_4X100G_931865b3.png,1,Home/Attachments,Item,CO_SOJA_SUR_LIT_FRAISES_4X100G
CO_RIZ_LAIT_VANILLE_4X115G_931865b3.png,/private/files/ultra_frais/CO_RIZ_LAIT_VANILLE_4X115G_931865b3.png,1,Home/Attachments,Item,CO_RIZ_LAIT_VANILLE_4X115G
CO_PROFITEROLES_CHOCO_2X90G_931865b3.png,/private/files/ultra_frais/CO_PROFITEROLES_CHOCO_2X90G_931865b3.png,1,Home/Attachments,Item,CO_PROFITEROLES_CHOCO_2X90G
CO_PANA_COTTA_MANGPASS2X120G_931865b3.png,/private/files/ultra_frais/CO_PANA_COTTA_MANGPASS2X120G_931865b3.png,1,Home/Attachments,Item,CO_PANA_COTTA_MANGPASS2X120G
GRANA_TORTELLINI_RISPIN_250G_931865b3.png,/private/files/traiteur_ls/GRANA_TORTELLINI_RISPIN_250G_931865b3.png,1,Home/Attachments,Item,GRANA_TORTELLINI_RISPIN_250G
MAILLOT_FLAVIA_97d0f0ac.webp,/private/files/textile/MAILLOT_FLAVIA_97d0f0ac.webp,1,Home/Attachments,Item,MAILLOT_FLAVIA
FIGO_CHEESE_SEAFOOD_TOFU_500G_2d68e964.jpeg,/private/files/traiteur_surgeles/FIGO_CHEESE_SEAFOOD_TOFU_500G_2d68e964.jpeg,1,Home/Attachments,Item,FIGO_CHEESE_SEAFOOD_TOFU_500G
DODO_FISH_ASS_HOT_POT_500G_69ae98ce.jpeg,/private/files/traiteur_surgeles/DODO_FISH_ASS_HOT_POT_500G_69ae98ce.jpeg,1,Home/Attachments,Item,DODO_FISH_ASS_HOT_POT_500G
DFOOD_WANTAN_CHICKEN_X15_44806d2b.png,/private/files/traiteur_surgeles/DFOOD_WANTAN_CHICKEN_X15_44806d2b.png,1,Home/Attachments,Item,DFOOD_WANTAN_CHICKEN_X15
DFOOD_VEGSHAO_MAI_X15_0ec0fa67.png,/private/files/traiteur_surgeles/DFOOD_VEGSHAO_MAI_X15_0ec0fa67.png,1,Home/Attachments,Item,DFOOD_VEGSHAO_MAI_X15
DFOOD_VEG_NIOUK_YEN_300G_41b3b3c1.jpeg,/private/files/traiteur_surgeles/DFOOD_VEG_NIOUK_YEN_300G_41b3b3c1.jpeg,1,Home/Attachments,Item,DFOOD_VEG_NIOUK_YEN_300G
DFOOD_SHRIMP_SHAO_MAI_X15_58f5e86b.png,/private/files/traiteur_surgeles/DFOOD_SHRIMP_SHAO_MAI_X15_58f5e86b.png,1,Home/Attachments,Item,DFOOD_SHRIMP_SHAO_MAI_X15
DFOOD_S_JCHICSAO_MAI_X15_8ae318e7.png,/private/files/traiteur_surgeles/DFOOD_S_JCHICSAO_MAI_X15_8ae318e7.png,1,Home/Attachments,Item,DFOOD_S_JCHICSAO_MAI_X15
DFOOD_S_JCHICNIOUKYEN_X15_0134183b.png,/private/files/traiteur_surgeles/DFOOD_S_JCHICNIOUKYEN_X15_0134183b.png,1,Home/Attachments,Item,DFOOD_S_JCHICNIOUKYEN_X15
DFOOD_BOUL_BOEUF_X15_73bb8e2e.png,/private/files/traiteur_surgeles/DFOOD_BOUL_BOEUF_X15_73bb8e2e.png,1,Home/Attachments,Item,DFOOD_BOUL_BOEUF_X15
HAREN_BATH_TOW_70_X_140_TURQ_292d1dad.jpeg,/private/files/textile/HAREN_BATH_TOW_70_X_140_TURQ_292d1dad.jpeg,1,Home/Attachments,Item,HAREN_BATH_TOW_70_X_140_TURQ
HAREN_BATH_TOW_70_X_140_DGREY_6ad8cd7b.jpeg,/private/files/textile/HAREN_BATH_TOW_70_X_140_DGREY_6ad8cd7b.jpeg,1,Home/Attachments,Item,HAREN_BATH_TOW_70_X_140_DGREY
HAREN_BATH_TOW_70_X_140_DGREEN_d626b121.webp,/private/files/textile/HAREN_BATH_TOW_70_X_140_DGREEN_d626b121.webp,1,Home/Attachments,Item,HAREN_BATH_TOW_70_X_140_DGREEN
FACE_TOWEL_30X30CM_PK_5_ca6496d6.jpeg,/private/files/textile/FACE_TOWEL_30X30CM_PK_5_ca6496d6.jpeg,1,Home/Attachments,Item,FACE_TOWEL_30X30CM_PK_5
CAM_SHEAR_BEACH_TOW_90X160_WH_4205d34e.png,/private/files/textile/CAM_SHEAR_BEACH_TOW_90X160_WH_4205d34e.png,1,Home/Attachments,Item,CAM_SHEAR_BEACH_TOW_90X160_WH
CAM_SH_BEACH_TOW_APL_90X160_WH_21c303f7.png,/private/files/textile/CAM_SH_BEACH_TOW_APL_90X160_WH_21c303f7.png,1,Home/Attachments,Item,CAM_SH_BEACH_TOW_APL_90X160_WH
BIKINI_BANDEAU_9e515a7c.webp,/private/files/textile/BIKINI_BANDEAU_9e515a7c.webp,1,Home/Attachments,Item,BIKINI_BANDEAU
BAVIK_GUEST_TOW_40_X70_MIX_COL_4a48aab5.jpeg,/private/files/textile/BAVIK_GUEST_TOW_40_X70_MIX_COL_4a48aab5.jpeg,1,Home/Attachments,Item,BAVIK_GUEST_TOW_40_X70_MIX_COL
BAVIK_BATH_TOW_70X140_MIX_COL_a70ce303.jpeg,/private/files/textile/BAVIK_BATH_TOW_70X140_MIX_COL_a70ce303.jpeg,1,Home/Attachments,Item,BAVIK_BATH_TOW_70X140_MIX_COL
BATH_TOWEL_70X140CM_500_ec5ae98a.png,/private/files/textile/BATH_TOWEL_70X140CM_500_ec5ae98a.png,1,Home/Attachments,Item,BATH_TOWEL_70X140CM_500
BATH_TOWEL_70X140CM_425_7a58b145.jpeg,/private/files/textile/BATH_TOWEL_70X140CM_425_7a58b145.jpeg,1,Home/Attachments,Item,BATH_TOWEL_70X140CM_425
BATH_TOWEL_70X140CM_310_cfb5c9dd.jpeg,/private/files/textile/BATH_TOWEL_70X140CM_310_cfb5c9dd.jpeg,1,Home/Attachments,Item,BATH_TOWEL_70X140CM_310
10S_HAND_TOWEL_30CMX30CM_b06ded32.jpeg,/private/files/textile/10S_HAND_TOWEL_30CMX30CM_b06ded32.jpeg,1,Home/Attachments,Item,10S_HAND_TOWEL_30CMX30CM
10S_BATH_TOWEL70_CMX140CM_587c950c.jpeg,/private/files/textile/10S_BATH_TOWEL70_CMX140CM_587c950c.jpeg,1,Home/Attachments,Item,10S_BATH_TOWEL70_CMX140CM
TEXPERT_NS_30_X_30CM_931865b3.png,/private/files/textile/TEXPERT_NS_30_X_30CM_931865b3.png,1,Home/Attachments,Item,TEXPERT_NS_30_X_30CM
TEXPERT_MC_40_X_60CM_931865b3.png,/private/files/textile/TEXPERT_MC_40_X_60CM_931865b3.png,1,Home/Attachments,Item,TEXPERT_MC_40_X_60CM
TEXPERT_MC_40_X_40CM_931865b3.png,/private/files/textile/TEXPERT_MC_40_X_40CM_931865b3.png,1,Home/Attachments,Item,TEXPERT_MC_40_X_40CM
TEXPERT_KT_50_X_70CM_931865b3.png,/private/files/textile/TEXPERT_KT_50_X_70CM_931865b3.png,1,Home/Attachments,Item,TEXPERT_KT_50_X_70CM
GRANA_TORTELLINI_BASILI_250G_931865b3.png,/private/files/traiteur_ls/GRANA_TORTELLINI_BASILI_250G_931865b3.png,1,Home/Attachments,Item,GRANA_TORTELLINI_BASILI_250G
GRANA_RAVTOMMOZZ_250G_931865b3.png,/private/files/traiteur_ls/GRANA_RAVTOMMOZZ_250G_931865b3.png,1,Home/Attachments,Item,GRANA_RAVTOMMOZZ_250G
GRANA_RAV_4_CHEES_250G_931865b3.png,/private/files/traiteur_ls/GRANA_RAV_4_CHEES_250G_931865b3.png,1,Home/Attachments,Item,GRANA_RAV_4_CHEES_250G
GRANA_GNOCCHI_400G_931865b3.png,/private/files/traiteur_ls/GRANA_GNOCCHI_400G_931865b3.png,1,Home/Attachments,Item,GRANA_GNOCCHI_400G
EGGS_NOODLES_TASTY_MEAL_500G_f406fbda.webp,/private/files/traiteur_ls/EGGS_NOODLES_TASTY_MEAL_500G_f406fbda.webp,1,Home/Attachments,Item,EGGS_NOODLES_TASTY_MEAL_500G
COCO_SNACK_GINGER_BALL_X15_a551617e.jpeg,/private/files/traiteur_ls/COCO_SNACK_GINGER_BALL_X15_a551617e.jpeg,1,Home/Attachments,Item,COCO_SNACK_GINGER_BALL_X15
BERT_TOMATO_MOZZABASI_250G_b1546959.jpeg,/private/files/traiteur_ls/BERT_TOMATO_MOZZABASI_250G_b1546959.jpeg,1,Home/Attachments,Item,BERT_TOMATO_MOZZABASI_250G
BERT_TAGLIATELLE_300G_b8b2c519.jpeg,/private/files/traiteur_ls/BERT_TAGLIATELLE_300G_b8b2c519.jpeg,1,Home/Attachments,Item,BERT_TAGLIATELLE_300G
BERT_RICOTTA_SPINACH_250G_e79cccac.jpeg,/private/files/traiteur_ls/BERT_RICOTTA_SPINACH_250G_e79cccac.jpeg,1,Home/Attachments,Item,BERT_RICOTTA_SPINACH_250G
BERT_MUSHROOMS_250G_75a53f5a.jpeg,/private/files/traiteur_ls/BERT_MUSHROOMS_250G_75a53f5a.jpeg,1,Home/Attachments,Item,BERT_MUSHROOMS_250G
BERT_FOUR_CHEESESE_250G_65b08a44.jpeg,/private/files/traiteur_ls/BERT_FOUR_CHEESESE_250G_65b08a44.jpeg,1,Home/Attachments,Item,BERT_FOUR_CHEESESE_250G
BERT_FETTUCINE_NESTS_300G_7699cdff.jpeg,/private/files/traiteur_ls/BERT_FETTUCINE_NESTS_300G_7699cdff.jpeg,1,Home/Attachments,Item,BERT_FETTUCINE_NESTS_300G
BERT_AUBERGINESPARMESA_250G_931865b3.png,/private/files/traiteur_ls/BERT_AUBERGINESPARMESA_250G_931865b3.png,1,Home/Attachments,Item,BERT_AUBERGINESPARMESA_250G
SODEBO_FUSILI_SAUMON_CIT_280G_931865b3.png,/private/files/traiteur_ls/SODEBO_FUSILI_SAUMON_CIT_280G_931865b3.png,1,Home/Attachments,Item,SODEBO_FUSILI_SAUMON_CIT_280G
RANDY_FEUILLET_JAMBCH_280G_931865b3.png,/private/files/traiteur_ls/RANDY_FEUILLET_JAMBCH_280G_931865b3.png,1,Home/Attachments,Item,RANDY_FEUILLET_JAMBCH_280G
GRANA_TAGIATELLE_250G_931865b3.png,/private/files/traiteur_ls/GRANA_TAGIATELLE_250G_931865b3.png,1,Home/Attachments,Item,GRANA_TAGIATELLE_250G
GRANA_SPAGHETTI_250G_931865b3.png,/private/files/traiteur_ls/GRANA_SPAGHETTI_250G_931865b3.png,1,Home/Attachments,Item,GRANA_SPAGHETTI_250G
FRUIT_DE_MER_PROVENCAL_200G_931865b3.png,/private/files/traiteur_ls/FRUIT_DE_MER_PROVENCAL_200G_931865b3.png,1,Home/Attachments,Item,FRUIT_DE_MER_PROVENCAL_200G
RANDY_FEUILL_CHEVEPIN_240G_931865b3.png,/private/files/traiteur_ls/RANDY_FEUILL_CHEVEPIN_240G_931865b3.png,1,Home/Attachments,Item,RANDY_FEUILL_CHEVEPIN_240G
CO_TAGLIATELLE_350G_931865b3.png,/private/files/traiteur_ls/CO_TAGLIATELLE_350G_931865b3.png,1,Home/Attachments,Item,CO_TAGLIATELLE_350G
CO_RAVIOLI_FROMAGE_300G_931865b3.png,/private/files/traiteur_ls/CO_RAVIOLI_FROMAGE_300G_931865b3.png,1,Home/Attachments,Item,CO_RAVIOLI_FROMAGE_300G
CO_PATE_FEUILLETE_230G_931865b3.png,/private/files/traiteur_ls/CO_PATE_FEUILLETE_230G_931865b3.png,1,Home/Attachments,Item,CO_PATE_FEUILLETE_230G
CO_GRATIN_ENDIVES_JAMBON_280G_931865b3.png,/private/files/traiteur_ls/CO_GRATIN_ENDIVES_JAMBON_280G_931865b3.png,1,Home/Attachments,Item,CO_GRATIN_ENDIVES_JAMBON_280G
CO_PANNA_COTTA_FRA_2X120G_931865b3.png,/private/files/ultra_frais/CO_PANNA_COTTA_FRA_2X120G_931865b3.png,1,Home/Attachments,Item,CO_PANNA_COTTA_FRA_2X120G
CO_PANNA_COTTA_CAR_4X90G_931865b3.png,/private/files/ultra_frais/CO_PANNA_COTTA_CAR_4X90G_931865b3.png,1,Home/Attachments,Item,CO_PANNA_COTTA_CAR_4X90G
PIZZA_POULET_PRECUIT_cf4dc129.jpeg,/private/files/viennoiserie/PIZZA_POULET_PRECUIT_cf4dc129.jpeg,1,Home/Attachments,Item,PIZZA_POULET_PRECUIT
CO_FLAN_PATISSIER_4X100G_931865b3.png,/private/files/ultra_frais/CO_FLAN_PATISSIER_4X100G_931865b3.png,1,Home/Attachments,Item,CO_FLAN_PATISSIER_4X100G
CO_CREM_DESS_SAV_CHOCO_4X125G_931865b3.png,/private/files/ultra_frais/CO_CREM_DESS_SAV_CHOCO_4X125G_931865b3.png,1,Home/Attachments,Item,CO_CREM_DESS_SAV_CHOCO_4X125G
CO_CROEUF_VAN_LIT_CAR_4X100G_931865b3.png,/private/files/ultra_frais/CO_CROEUF_VAN_LIT_CAR_4X100G_931865b3.png,1,Home/Attachments,Item,CO_CROEUF_VAN_LIT_CAR_4X100G
PATE_PIZZA_PRECUITE_300G_1PC_7f27c076.jpeg,/private/files/viennoiserie/PATE_PIZZA_PRECUITE_300G_1PC_7f27c076.jpeg,1,Home/Attachments,Item,PATE_PIZZA_PRECUITE_300G_1PC
PATE_PIZZA_PRECUITE_125GX2PCS_c4a47dcd.png,/private/files/viennoiserie/PATE_PIZZA_PRECUITE_125GX2PCS_c4a47dcd.png,1,Home/Attachments,Item,PATE_PIZZA_PRECUITE_125GX2PCS
PATE_FEUILLETAGE_CRUS_1KG_f82426c7.jpeg,/private/files/viennoiserie/PATE_FEUILLETAGE_CRUS_1KG_f82426c7.jpeg,1,Home/Attachments,Item,PATE_FEUILLETAGE_CRUS_1KG
PAIN_AUX_RAISINS_X_3PCS_c0285f54.webp,/private/files/viennoiserie/PAIN_AUX_RAISINS_X_3PCS_c0285f54.webp,1,Home/Attachments,Item,PAIN_AUX_RAISINS_X_3PCS
PAIN_AU_CHOCOLAT_X_3PCS_4983f1fa.webp,/private/files/viennoiserie/PAIN_AU_CHOCOLAT_X_3PCS_4983f1fa.webp,1,Home/Attachments,Item,PAIN_AU_CHOCOLAT_X_3PCS
MINI_VOL_AUX_VENTS_X8PCS_85c37fe0.jpeg,/private/files/viennoiserie/MINI_VOL_AUX_VENTS_X8PCS_85c37fe0.jpeg,1,Home/Attachments,Item,MINI_VOL_AUX_VENTS_X8PCS
MINI_PAIN_AUX_RAISINS_X_6PCS_8fb80989.jpeg,/private/files/viennoiserie/MINI_PAIN_AUX_RAISINS_X_6PCS_8fb80989.jpeg,1,Home/Attachments,Item,MINI_PAIN_AUX_RAISINS_X_6PCS
MINI_PAIN_AU_CHOCOLAT_X_6PCS_02eabed2.png,/private/files/viennoiserie/MINI_PAIN_AU_CHOCOLAT_X_6PCS_02eabed2.png,1,Home/Attachments,Item,MINI_PAIN_AU_CHOCOLAT_X_6PCS
MINI_CROISSANT_NATURE_X_6PCS_b03a4cbf.jpeg,/private/files/viennoiserie/MINI_CROISSANT_NATURE_X_6PCS_b03a4cbf.jpeg,1,Home/Attachments,Item,MINI_CROISSANT_NATURE_X_6PCS
MINI_CROISSANT_AU_FRO_X_6PCS_7d6fa440.jpeg,/private/files/viennoiserie/MINI_CROISSANT_AU_FRO_X_6PCS_7d6fa440.jpeg,1,Home/Attachments,Item,MINI_CROISSANT_AU_FRO_X_6PCS
GARLIC_NAAN_X_4PCSRDEL_931865b3.png,/private/files/viennoiserie/GARLIC_NAAN_X_4PCSRDEL_931865b3.png,1,Home/Attachments,Item,GARLIC_NAAN_X_4PCSRDEL
CROISSANT_AU_FROMAGE_X_3PCS_f31f476c.jpeg,/private/files/viennoiserie/CROISSANT_AU_FROMAGE_X_3PCS_f31f476c.jpeg,1,Home/Attachments,Item,CROISSANT_AU_FROMAGE_X_3PCS
FARMSTEAD_BURGER_HERBES_200G_f9182a0f.jpeg,/private/files/volailles_ls/FARMSTEAD_BURGER_HERBES_200G_f9182a0f.jpeg,1,Home/Attachments,Item,FARMSTEAD_BURGER_HERBES_200G
CTECLER_HANCHES_X8FR_ea2d029d.png,/private/files/volailles_ls/CTECLER_HANCHES_X8FR_ea2d029d.png,1,Home/Attachments,Item,CTECLER_HANCHES_X8FR
G7_GELATO_SALTED_CARAMEL_1L_9f9d49fb.png,/private/files/vrac/G7_GELATO_SALTED_CARAMEL_1L_9f9d49fb.png,1,Home/Attachments,Item,G7_GELATO_SALTED_CARAMEL_1L
DLIGHT_DRKING_YOG_VAN_200G_f38ee6a8.png,/private/files/yaourts/DLIGHT_DRKING_YOG_VAN_200G_f38ee6a8.png,1,Home/Attachments,Item,DLIGHT_DRKING_YOG_VAN_200G
DLIGHT_DRKING_YOG_PEA_200G_eff33db9.png,/private/files/yaourts/DLIGHT_DRKING_YOG_PEA_200G_eff33db9.png,1,Home/Attachments,Item,DLIGHT_DRKING_YOG_PEA_200G
DLIGHT_DRKING_YOG_NAT_200G_b728f1d1.png,/private/files/yaourts/DLIGHT_DRKING_YOG_NAT_200G_b728f1d1.png,1,Home/Attachments,Item,DLIGHT_DRKING_YOG_NAT_200G
DLIGHT_DRKING_YOG_EX_200G_a1670c2c.png,/private/files/yaourts/DLIGHT_DRKING_YOG_EX_200G_a1670c2c.png,1,Home/Attachments,Item,DLIGHT_DRKING_YOG_EX_200G
DLIGHT_DRKING_YOG_AL_200G_420c1a9d.png,/private/files/yaourts/DLIGHT_DRKING_YOG_AL_200G_420c1a9d.png,1,Home/Attachments,Item,DLIGHT_DRKING_YOG_AL_200G
DDL_DRINKING_YOGVANILLE_250ML_41288fff.png,/private/files/yaourts/DDL_DRINKING_YOGVANILLE_250ML_41288fff.png,1,Home/Attachments,Item,DDL_DRINKING_YOGVANILLE_250ML
DIVINE_S_SWT_ROSE_LYC_75CL_c951d337.jpeg,/private/files/vins_courant/DIVINE_S_SWT_ROSE_LYC_75CL_c951d337.jpeg,1,Home/Attachments,Item,DIVINE_S_SWT_ROSE_LYC_75CL
BMAMAN_CREME_BRULEE_2X100G_931865b3.png,/private/files/ultra_frais/BMAMAN_CREME_BRULEE_2X100G_931865b3.png,1,Home/Attachments,Item,BMAMAN_CREME_BRULEE_2X100G
DIVINE_O_DRY_BLC_LYC_75CL_931865b3.png,/private/files/vins_courant/DIVINE_O_DRY_BLC_LYC_75CL_931865b3.png,1,Home/Attachments,Item,DIVINE_O_DRY_BLC_LYC_75CL
CORDON_ROUGE_75CL_a1b4474b.png,/private/files/vins_courant/CORDON_ROUGE_75CL_a1b4474b.png,1,Home/Attachments,Item,CORDON_ROUGE_75CL
CORDON_ROSE_75CL_973ce687.png,/private/files/vins_courant/CORDON_ROSE_75CL_973ce687.png,1,Home/Attachments,Item,CORDON_ROSE_75CL
CORDON_BLANC_75CL_fe9da9f7.png,/private/files/vins_courant/CORDON_BLANC_75CL_fe9da9f7.png,1,Home/Attachments,Item,CORDON_BLANC_75CL
CHAPTALIN_ROUGE_75CL_44b84866.png,/private/files/vins_courant/CHAPTALIN_ROUGE_75CL_44b84866.png,1,Home/Attachments,Item,CHAPTALIN_ROUGE_75CL
CHAPTALIN_ROSE_75CL_a7d9faea.png,/private/files/vins_courant/CHAPTALIN_ROSE_75CL_a7d9faea.png,1,Home/Attachments,Item,CHAPTALIN_ROSE_75CL
CHAPTALIN_BLANC_75CL_0a103da2.png,/private/files/vins_courant/CHAPTALIN_BLANC_75CL_0a103da2.png,1,Home/Attachments,Item,CHAPTALIN_BLANC_75CL
BORDOFIN_ROUGE_70CL_eded3875.png,/private/files/vins_courant/BORDOFIN_ROUGE_70CL_eded3875.png,1,Home/Attachments,Item,BORDOFIN_ROUGE_70CL
BORDOFIN_ROSE_70CL_3d40b313.png,/private/files/vins_courant/BORDOFIN_ROSE_70CL_3d40b313.png,1,Home/Attachments,Item,BORDOFIN_ROSE_70CL
BORDOFIN_ICE_ROSE_MOEL_75CL_b9584538.jpeg,/private/files/vins_courant/BORDOFIN_ICE_ROSE_MOEL_75CL_b9584538.jpeg,1,Home/Attachments,Item,BORDOFIN_ICE_ROSE_MOEL_75CL
BORDOFIN_ICE_BLANC_MOE_75CL_08a96515.png,/private/files/vins_courant/BORDOFIN_ICE_BLANC_MOE_75CL_08a96515.png,1,Home/Attachments,Item,BORDOFIN_ICE_BLANC_MOE_75CL
BORDOFIN_BLANC_70CL_def16399.png,/private/files/vins_courant/BORDOFIN_BLANC_70CL_def16399.png,1,Home/Attachments,Item,BORDOFIN_BLANC_70CL
CTECLER_GRILL_MARINE_HONEY_GAR_b60106a2.png,/private/files/volailles_ls/CTECLER_GRILL_MARINE_HONEY_GAR_b60106a2.png,1,Home/Attachments,Item,CTECLER_GRILL_MARINE_HONEY_GAR
CTECLER_GRILL_MARINE_CHAR_SUI_a92fb4b6.png,/private/files/volailles_ls/CTECLER_GRILL_MARINE_CHAR_SUI_a92fb4b6.png,1,Home/Attachments,Item,CTECLER_GRILL_MARINE_CHAR_SUI
CTECLER_ESCALOPES_X6FR_aa027836.png,/private/files/volailles_ls/CTECLER_ESCALOPES_X6FR_aa027836.png,1,Home/Attachments,Item,CTECLER_ESCALOPES_X6FR
CTECLER_ESCALOPES_X3FR_f89f9c79.png,/private/files/volailles_ls/CTECLER_ESCALOPES_X3FR_f89f9c79.png,1,Home/Attachments,Item,CTECLER_ESCALOPES_X3FR
CTECLER_CUISSE_ENTIERESX2_25f70268.png,/private/files/volailles_ls/CTECLER_CUISSE_ENTIERESX2_25f70268.png,1,Home/Attachments,Item,CTECLER_CUISSE_ENTIERESX2
CTECLER_CUIS_BLANC_BARQ_630c0595.png,/private/files/volailles_ls/CTECLER_CUIS_BLANC_BARQ_630c0595.png,1,Home/Attachments,Item,CTECLER_CUIS_BLANC_BARQ
CTECLER_COTELETTES_X6_dd5397bb.png,/private/files/volailles_ls/CTECLER_COTELETTES_X6_dd5397bb.png,1,Home/Attachments,Item,CTECLER_COTELETTES_X6
CTECLER_CARCASSE_FRAIS_b69c7702.png,/private/files/volailles_ls/CTECLER_CARCASSE_FRAIS_b69c7702.png,1,Home/Attachments,Item,CTECLER_CARCASSE_FRAIS
CTECLER_CAISSETTE_CARRY_d35815dc.png,/private/files/volailles_ls/CTECLER_CAISSETTE_CARRY_d35815dc.png,1,Home/Attachments,Item,CTECLER_CAISSETTE_CARRY
CTECLER_BLANC_SANS_PEAU_74ed4263.png,/private/files/volailles_ls/CTECLER_BLANC_SANS_PEAU_74ed4263.png,1,Home/Attachments,Item,CTECLER_BLANC_SANS_PEAU
CTECLER_BLANC_AVEC_PEAU_19b7f3e8.png,/private/files/volailles_ls/CTECLER_BLANC_AVEC_PEAU_19b7f3e8.png,1,Home/Attachments,Item,CTECLER_BLANC_AVEC_PEAU
WS_CRISPY_STRIPS_PIMENTEE_LS_f84f43d1.png,/private/files/volailles_ls/WS_CRISPY_STRIPS_PIMENTEE_LS_f84f43d1.png,1,Home/Attachments,Item,WS_CRISPY_STRIPS_PIMENTEE_LS
CHT_PILONS_X4_FRAIS_KG_6b8d079f.png,/private/files/volailles_ls/CHT_PILONS_X4_FRAIS_KG_6b8d079f.png,1,Home/Attachments,Item,CHT_PILONS_X4_FRAIS_KG
CHANTECLER_FERMIER_BLANC_X2_FR_95b34b37.png,/private/files/volailles_ls/CHANTECLER_FERMIER_BLANC_X2_FR_95b34b37.png,1,Home/Attachments,Item,CHANTECLER_FERMIER_BLANC_X2_FR
CHANTECLER_3_HANCHES_3_PILONS_b77abab8.png,/private/files/volailles_ls/CHANTECLER_3_HANCHES_3_PILONS_b77abab8.png,1,Home/Attachments,Item,CHANTECLER_3_HANCHES_3_PILONS
WS_CHICKEN_TIKKA_PIMENTEE_dbe8bb65.png,/private/files/volailles_traditionelle/WS_CHICKEN_TIKKA_PIMENTEE_dbe8bb65.png,1,Home/Attachments,Item,WS_CHICKEN_TIKKA_PIMENTEE
G7_GELATO_PANNA_CON_FRAGOLE_1L_465f14ff.png,/private/files/vrac/G7_GELATO_PANNA_CON_FRAGOLE_1L_465f14ff.png,1,Home/Attachments,Item,G7_GELATO_PANNA_CON_FRAGOLE_1L
G7_GELATO_FIORDILATTE_1L_1d61e76a.png,/private/files/vrac/G7_GELATO_FIORDILATTE_1L_1d61e76a.png,1,Home/Attachments,Item,G7_GELATO_FIORDILATTE_1L
G7_GELATO_CROAL_CIOCCOLATO_1L_c0027574.jpeg,/private/files/vrac/G7_GELATO_CROAL_CIOCCOLATO_1L_c0027574.jpeg,1,Home/Attachments,Item,G7_GELATO_CROAL_CIOCCOLATO_1L
G7_GELATO_COCCO_1LT_931865b3.png,/private/files/vrac/G7_GELATO_COCCO_1LT_931865b3.png,1,Home/Attachments,Item,G7_GELATO_COCCO_1LT
G7_GELATO_BACIO_1LT_7d75cc1c.png,/private/files/vrac/G7_GELATO_BACIO_1LT_7d75cc1c.png,1,Home/Attachments,Item,G7_GELATO_BACIO_1LT
ERHARD_MOCHIS_GL_EXOTIQUE_280G_931865b3.png,/private/files/vrac/ERHARD_MOCHIS_GL_EXOTIQUE_280G_931865b3.png,1,Home/Attachments,Item,ERHARD_MOCHIS_GL_EXOTIQUE_280G
ERHARD_MOCHGLAC_VANILLE_140G_931865b3.png,/private/files/vrac/ERHARD_MOCHGLAC_VANILLE_140G_931865b3.png,1,Home/Attachments,Item,ERHARD_MOCHGLAC_VANILLE_140G
ERHARD_MOCHGLAC_CLASSIQ_280G_931865b3.png,/private/files/vrac/ERHARD_MOCHGLAC_CLASSIQ_280G_931865b3.png,1,Home/Attachments,Item,ERHARD_MOCHGLAC_CLASSIQ_280G
ERHARD_MOCHGLAC_CITY_140G_931865b3.png,/private/files/vrac/ERHARD_MOCHGLAC_CITY_140G_931865b3.png,1,Home/Attachments,Item,ERHARD_MOCHGLAC_CITY_140G
ERHARD_MOCHGLAC_CARABIS_140G_931865b3.png,/private/files/vrac/ERHARD_MOCHGLAC_CARABIS_140G_931865b3.png,1,Home/Attachments,Item,ERHARD_MOCHGLAC_CARABIS_140G
ERHARD_GLACE_SPECULOOS_450G_931865b3.png,/private/files/vrac/ERHARD_GLACE_SPECULOOS_450G_931865b3.png,1,Home/Attachments,Item,ERHARD_GLACE_SPECULOOS_450G
ERHARD_GLACE_MARRON_450G_931865b3.png,/private/files/vrac/ERHARD_GLACE_MARRON_450G_931865b3.png,1,Home/Attachments,Item,ERHARD_GLACE_MARRON_450G
ERHARD_GLACE_CITRON_YUZU_450G_931865b3.png,/private/files/vrac/ERHARD_GLACE_CITRON_YUZU_450G_931865b3.png,1,Home/Attachments,Item,ERHARD_GLACE_CITRON_YUZU_450G
ERHARD_GLACE_CAFE_450G_931865b3.png,/private/files/vrac/ERHARD_GLACE_CAFE_450G_931865b3.png,1,Home/Attachments,Item,ERHARD_GLACE_CAFE_450G
ERHARD_GL_PISTACHE_ECLATS_450G_931865b3.png,/private/files/vrac/ERHARD_GL_PISTACHE_ECLATS_450G_931865b3.png,1,Home/Attachments,Item,ERHARD_GL_PISTACHE_ECLATS_450G
DDL_DRINKING_YOGPECABR_250ML_82dd7565.png,/private/files/yaourts/DDL_DRINKING_YOGPECABR_250ML_82dd7565.png,1,Home/Attachments,Item,DDL_DRINKING_YOGPECABR_250ML
DDL_DRINKING_YOGNATSUC_250ML_3dc99d7b.jpeg,/private/files/yaourts/DDL_DRINKING_YOGNATSUC_250ML_3dc99d7b.jpeg,1,Home/Attachments,Item,DDL_DRINKING_YOGNATSUC_250ML
DDL_DRINKING_YOGFRAISE_250ML_06281000.png,/private/files/yaourts/DDL_DRINKING_YOGFRAISE_250ML_06281000.png,1,Home/Attachments,Item,DDL_DRINKING_YOGFRAISE_250ML
DDL_DRINKING_YOGFRPASS_250ML_0b9fa4d4.png,/private/files/yaourts/DDL_DRINKING_YOGFRPASS_250ML_0b9fa4d4.png,1,Home/Attachments,Item,DDL_DRINKING_YOGFRPASS_250ML
DDL_DRINKING_YOGFRBOIS_250ML_c934b441.png,/private/files/yaourts/DDL_DRINKING_YOGFRBOIS_250ML_c934b441.png,1,Home/Attachments,Item,DDL_DRINKING_YOGFRBOIS_250ML
SOIGNON_YRT_CHEVRE_VAN_4X125G_931865b3.png,/private/files/yaourts/SOIGNON_YRT_CHEVRE_VAN_4X125G_931865b3.png,1,Home/Attachments,Item,SOIGNON_YRT_CHEVRE_VAN_4X125G
SOIGNON_YRT_CHEVRE_MYRT_4X125G_931865b3.png,/private/files/yaourts/SOIGNON_YRT_CHEVRE_MYRT_4X125G_931865b3.png,1,Home/Attachments,Item,SOIGNON_YRT_CHEVRE_MYRT_4X125G
LES_2_VACHES_BIO_POIRE_4X115G_931865b3.png,/private/files/yaourts/LES_2_VACHES_BIO_POIRE_4X115G_931865b3.png,1,Home/Attachments,Item,LES_2_VACHES_BIO_POIRE_4X115G
LES_2_VACHES_BIO_COCO_4X115G_931865b3.png,/private/files/yaourts/LES_2_VACHES_BIO_COCO_4X115G_931865b3.png,1,Home/Attachments,Item,LES_2_VACHES_BIO_COCO_4X115G
GERVITA_FROMBLC_NAT_4X100G_931865b3.png,/private/files/yaourts/GERVITA_FROMBLC_NAT_4X100G_931865b3.png,1,Home/Attachments,Item,GERVITA_FROMBLC_NAT_4X100G
CO_BIO_YRT_NATURE_4X125G_931865b3.png,/private/files/yaourts/CO_BIO_YRT_NATURE_4X125G_931865b3.png,1,Home/Attachments,Item,CO_BIO_YRT_NATURE_4X125G
ACTIVIA_FRUITS_MANGUE_4X125G_931865b3.png,/private/files/yaourts/ACTIVIA_FRUITS_MANGUE_4X125G_931865b3.png,1,Home/Attachments,Item,ACTIVIA_FRUITS_MANGUE_4X125G
ACTIVIA_FRUITS_FRAISE_4X125G_931865b3.png,/private/files/yaourts/ACTIVIA_FRUITS_FRAISE_4X125G_931865b3.png,1,Home/Attachments,Item,ACTIVIA_FRUITS_FRAISE_4X125G
ACTIVIA_FRUITS_ANANAS_4X125G_931865b3.png,/private/files/yaourts/ACTIVIA_FRUITS_ANANAS_4X125G_931865b3.png,1,Home/Attachments,Item,ACTIVIA_FRUITS_ANANAS_4X125G
ACTIVIA_FRUITS_ABRICOT_4X125G_931865b3.png,/private/files/yaourts/ACTIVIA_FRUITS_ABRICOT_4X125G_931865b3.png,1,Home/Attachments,Item,ACTIVIA_FRUITS_ABRICOT_4X125G
ACTIMEL_A_BOIRE_ORIGINAL_645G_931865b3.png,/private/files/yaourts/ACTIMEL_A_BOIRE_ORIGINAL_645G_931865b3.png,1,Home/Attachments,Item,ACTIMEL_A_BOIRE_ORIGINAL_645G
ACTIMEL_ORIGNAT6X100G_931865b3.png,/private/files/yaourts/ACTIMEL_ORIGNAT6X100G_931865b3.png,1,Home/Attachments,Item,ACTIMEL_ORIGNAT6X100G
ACTIMEL_MUREMYRT_6X100G_931865b3.png,/private/files/yaourts/ACTIMEL_MUREMYRT_6X100G_931865b3.png,1,Home/Attachments,Item,ACTIMEL_MUREMYRT_6X100G
TABLE_HOLDER_HOLDER_K2_55c8d7e6.png,/private/files/telephonie/TABLE_HOLDER_HOLDER_K2_55c8d7e6.png,1,Home/Attachments,Item,TABLE_HOLDER_HOLDER_K2
ARDO_BROCCOLI_FLORETS_400G_033d5bac.png,/private/files/surgeles/ARDO_BROCCOLI_FLORETS_400G_033d5bac.png,1,Home/Attachments,Item,ARDO_BROCCOLI_FLORETS_400G
AP_DES_ILES_WANTAN_POULET_X15_72ba690e.jpeg,/private/files/surgeles/AP_DES_ILES_WANTAN_POULET_X15_72ba690e.jpeg,1,Home/Attachments,Item,AP_DES_ILES_WANTAN_POULET_X15
Y_C815ABL_20M_UTP_d66488bf.png,/private/files/support_enregistrement/Y_C815ABL_20M_UTP_d66488bf.png,1,Home/Attachments,Item,Y_C815ABL_20M_UTP
YC8134ABL_10M_UTP_931865b3.png,/private/files/support_enregistrement/YC8134ABL_10M_UTP_931865b3.png,1,Home/Attachments,Item,YC8134ABL_10M_UTP
Y_C811ABL_3M_UTP_91652028.png,/private/files/support_enregistrement/Y_C811ABL_3M_UTP_91652028.png,1,Home/Attachments,Item,Y_C811ABL_3M_UTP
Y_C47_3BK_1M_USB_2_0_ee61650b.png,/private/files/support_enregistrement/Y_C47_3BK_1M_USB_2_0_ee61650b.png,1,Home/Attachments,Item,Y_C47_3BK_1M_USB_2_0
Y_C461BBK_1M_USB_3_0_M_fe873a86.webp,/private/files/support_enregistrement/Y_C461BBK_1M_USB_3_0_M_fe873a86.webp,1,Home/Attachments,Item,Y_C461BBK_1M_USB_3_0_M
YC451_GBK_1M_USB_2_0_TYPE_A_d317868c.png,/private/files/support_enregistrement/YC451_GBK_1M_USB_2_0_TYPE_A_d317868c.png,1,Home/Attachments,Item,YC451_GBK_1M_USB_2_0_TYPE_A
Y21460_11M_USB_2_4PORT_HUB_01cb5387.png,/private/files/support_enregistrement/Y21460_11M_USB_2_4PORT_HUB_01cb5387.png,1,Home/Attachments,Item,Y21460_11M_USB_2_4PORT_HUB
Y__247A_USB_TO_STEREO_AUDIO_CO_8df4b5ec.png,/private/files/support_enregistrement/Y__247A_USB_TO_STEREO_AUDIO_CO_8df4b5ec.png,1,Home/Attachments,Item,Y__247A_USB_TO_STEREO_AUDIO_CO
USB_SILICONE_FAN_5ec05aba.png,/private/files/support_enregistrement/USB_SILICONE_FAN_5ec05aba.png,1,Home/Attachments,Item,USB_SILICONE_FAN
USB_OCTOPUS_CHARGER_CABLE_e2a38fad.png,/private/files/support_enregistrement/USB_OCTOPUS_CHARGER_CABLE_e2a38fad.png,1,Home/Attachments,Item,USB_OCTOPUS_CHARGER_CABLE
USB_MINI_VACCUM_CLEANER_37f4d63c.png,/private/files/support_enregistrement/USB_MINI_VACCUM_CLEANER_37f4d63c.png,1,Home/Attachments,Item,USB_MINI_VACCUM_CLEANER
USB_CABLE_A__AF__USB_EXTENSION_610fec98.png,/private/files/support_enregistrement/USB_CABLE_A__AF__USB_EXTENSION_610fec98.png,1,Home/Attachments,Item,USB_CABLE_A__AF__USB_EXTENSION
MP3_MP4_USB_CHARGER_PLUG_329833b6.png,/private/files/support_enregistrement/MP3_MP4_USB_CHARGER_PLUG_329833b6.png,1,Home/Attachments,Item,MP3_MP4_USB_CHARGER_PLUG
MICRO_USB_FAN__ANDROID_e3c652e4.png,/private/files/support_enregistrement/MICRO_USB_FAN__ANDROID_e3c652e4.png,1,Home/Attachments,Item,MICRO_USB_FAN__ANDROID
LAMPE_USB_SILICONE_ASST_COLOR_60235063.png,/private/files/support_enregistrement/LAMPE_USB_SILICONE_ASST_COLOR_60235063.png,1,Home/Attachments,Item,LAMPE_USB_SILICONE_ASST_COLOR
POWER_BANK_10000_MAH__BR_100T_50388985.png,/private/files/support_enregistrement/POWER_BANK_10000_MAH__BR_100T_50388985.png,1,Home/Attachments,Item,POWER_BANK_10000_MAH__BR_100T
AP_DES_ILES_WANTAN_CREVETTES_5fcedc54.jpeg,/private/files/surgeles/AP_DES_ILES_WANTAN_CREVETTES_5fcedc54.jpeg,1,Home/Attachments,Item,AP_DES_ILES_WANTAN_CREVETTES
AP_DES_ILES_SAMOUSSA_CREV_X30_21689e06.png,/private/files/surgeles/AP_DES_ILES_SAMOUSSA_CREV_X30_21689e06.png,1,Home/Attachments,Item,AP_DES_ILES_SAMOUSSA_CREV_X30
AP_DES_ILES_NEMS_SURIMI_ff0220ee.jpeg,/private/files/surgeles/AP_DES_ILES_NEMS_SURIMI_ff0220ee.jpeg,1,Home/Attachments,Item,AP_DES_ILES_NEMS_SURIMI
AP_DES_ILES_NEMS_POULET_X12_c56cfab0.jpeg,/private/files/surgeles/AP_DES_ILES_NEMS_POULET_X12_c56cfab0.jpeg,1,Home/Attachments,Item,AP_DES_ILES_NEMS_POULET_X12
AP_DES_ILES_CROUSTILLANT_LEGUM_bdd9bcf5.jpeg,/private/files/surgeles/AP_DES_ILES_CROUSTILLANT_LEGUM_bdd9bcf5.jpeg,1,Home/Attachments,Item,AP_DES_ILES_CROUSTILLANT_LEGUM
1000_PATES_MINI_FEUILLEAMANDE_0ac53d6b.png,/private/files/surgeles/1000_PATES_MINI_FEUILLEAMANDE_0ac53d6b.png,1,Home/Attachments,Item,1000_PATES_MINI_FEUILLEAMANDE
1000_PATES_MINI_FEUILCHOCOLAT_2961284d.png,/private/files/surgeles/1000_PATES_MINI_FEUILCHOCOLAT_2961284d.png,1,Home/Attachments,Item,1000_PATES_MINI_FEUILCHOCOLAT
1000_PATES_MINI_FEUIL_BANANE_a1746ef9.png,/private/files/surgeles/1000_PATES_MINI_FEUIL_BANANE_a1746ef9.png,1,Home/Attachments,Item,1000_PATES_MINI_FEUIL_BANANE
1000_PATES_FEUILLETE_CREME_1920a2cc.png,/private/files/surgeles/1000_PATES_FEUILLETE_CREME_1920a2cc.png,1,Home/Attachments,Item,1000_PATES_FEUILLETE_CREME
1000_PATES_FEUILLEAU_FROMAGE_d4411044.png,/private/files/surgeles/1000_PATES_FEUILLEAU_FROMAGE_d4411044.png,1,Home/Attachments,Item,1000_PATES_FEUILLEAU_FROMAGE
WS_DORADE_FILLET_931865b3.png,/private/files/surgeles/WS_DORADE_FILLET_931865b3.png,1,Home/Attachments,Item,WS_DORADE_FILLET
WS_BECUNE_SLICES_500G_931865b3.png,/private/files/surgeles/WS_BECUNE_SLICES_500G_931865b3.png,1,Home/Attachments,Item,WS_BECUNE_SLICES_500G
RONSARD_WHOLE_TURKEY_24KG_931865b3.png,/private/files/surgeles/RONSARD_WHOLE_TURKEY_24KG_931865b3.png,1,Home/Attachments,Item,RONSARD_WHOLE_TURKEY_24KG
MAREMLOBSTER_TAIL_MDG_KG_931865b3.png,/private/files/surgeles/MAREMLOBSTER_TAIL_MDG_KG_931865b3.png,1,Home/Attachments,Item,MAREMLOBSTER_TAIL_MDG_KG
MAREM_SH16_20_MAD_500G_931865b3.png,/private/files/surgeles/MAREM_SH16_20_MAD_500G_931865b3.png,1,Home/Attachments,Item,MAREM_SH16_20_MAD_500G
MAREM_H_ON_OCTOPUS_G_A_M_1KG_931865b3.png,/private/files/surgeles/MAREM_H_ON_OCTOPUS_G_A_M_1KG_931865b3.png,1,Home/Attachments,Item,MAREM_H_ON_OCTOPUS_G_A_M_1KG
MAREMER_CAPITAINE_ECAILLES_931865b3.png,/private/files/surgeles/MAREMER_CAPITAINE_ECAILLES_931865b3.png,1,Home/Attachments,Item,MAREMER_CAPITAINE_ECAILLES
MBORDE_GIROLLES_24CM_1KG_931865b3.png,/private/files/surgeles/MBORDE_GIROLLES_24CM_1KG_931865b3.png,1,Home/Attachments,Item,MBORDE_GIROLLES_24CM_1KG
DOUX_WHOLE_TURKEY_KG_931865b3.png,/private/files/surgeles/DOUX_WHOLE_TURKEY_KG_931865b3.png,1,Home/Attachments,Item,DOUX_WHOLE_TURKEY_KG
DUNHILL_RED_X_20HL_61852b05.jpeg,/private/files/tabac_2/DUNHILL_RED_X_20HL_61852b05.jpeg,1,Home/Attachments,Item,DUNHILL_RED_X_20HL
CHESTERFIELD_YELLOW_024fd6fc.png,/private/files/tabac_2/CHESTERFIELD_YELLOW_024fd6fc.png,1,Home/Attachments,Item,CHESTERFIELD_YELLOW
CAMEL_DOUBLE_MINT_PURPLE_1426f4df.png,/private/files/tabac_2/CAMEL_DOUBLE_MINT_PURPLE_1426f4df.png,1,Home/Attachments,Item,CAMEL_DOUBLE_MINT_PURPLE
PROMATE_WHT_FSTRAP_PHONEHOLDER_af22c24c.jpeg,/private/files/telephonie/PROMATE_WHT_FSTRAP_PHONEHOLDER_af22c24c.jpeg,1,Home/Attachments,Item,PROMATE_WHT_FSTRAP_PHONEHOLDER
BT_SPORTS_BONE_EARP_RIPPLE_BLU_e4af8dfb.jpeg,/private/files/telephonie/BT_SPORTS_BONE_EARP_RIPPLE_BLU_e4af8dfb.jpeg,1,Home/Attachments,Item,BT_SPORTS_BONE_EARP_RIPPLE_BLU
PROMATE_BLK_FSTRAP_PHONEHOLDER_955172b7.jpeg,/private/files/telephonie/PROMATE_BLK_FSTRAP_PHONEHOLDER_955172b7.jpeg,1,Home/Attachments,Item,PROMATE_BLK_FSTRAP_PHONEHOLDER
OFIA_CHARGER_KIT_3XUSB_MICRO_9bf75f95.png,/private/files/telephonie/OFIA_CHARGER_KIT_3XUSB_MICRO_9bf75f95.png,1,Home/Attachments,Item,OFIA_CHARGER_KIT_3XUSB_MICRO
OFIA_CHARGER_KIT_3XUSB_IPHONE_206da412.png,/private/files/telephonie/OFIA_CHARGER_KIT_3XUSB_IPHONE_206da412.png,1,Home/Attachments,Item,OFIA_CHARGER_KIT_3XUSB_IPHONE
TYPE_C_EARPHONE_e13d7017.jpeg,/private/files/telephonie/TYPE_C_EARPHONE_e13d7017.jpeg,1,Home/Attachments,Item,TYPE_C_EARPHONE
LIGHTING_EARPHONE_IPHONE_0273ff6a.jpeg,/private/files/telephonie/LIGHTING_EARPHONE_IPHONE_0273ff6a.jpeg,1,Home/Attachments,Item,LIGHTING_EARPHONE_IPHONE
MONOPOD_TELEPHONE_SELFIE_HOLDE_0271cb56.png,/private/files/telephonie/MONOPOD_TELEPHONE_SELFIE_HOLDE_0271cb56.png,1,Home/Attachments,Item,MONOPOD_TELEPHONE_SELFIE_HOLDE
MOBILE_TRIPOD_STICK_c52edb4e.png,/private/files/telephonie/MOBILE_TRIPOD_STICK_c52edb4e.png,1,Home/Attachments,Item,MOBILE_TRIPOD_STICK
MIRROR_MOUNTED_MOB_HOLDER_0c062527.png,/private/files/telephonie/MIRROR_MOUNTED_MOB_HOLDER_0c062527.png,1,Home/Attachments,Item,MIRROR_MOUNTED_MOB_HOLDER
JBL_L29_BASS_EARPHONE_7b5fb93a.jpeg,/private/files/telephonie/JBL_L29_BASS_EARPHONE_7b5fb93a.jpeg,1,Home/Attachments,Item,JBL_L29_BASS_EARPHONE
FREE_YR_HAND_MOB_HOLDER_a66469e2.png,/private/files/telephonie/FREE_YR_HAND_MOB_HOLDER_a66469e2.png,1,Home/Attachments,Item,FREE_YR_HAND_MOB_HOLDER
FOLDABLE_TELEPHONE_STAND_a40017a1.png,/private/files/telephonie/FOLDABLE_TELEPHONE_STAND_a40017a1.png,1,Home/Attachments,Item,FOLDABLE_TELEPHONE_STAND
G3_CELEBRAT_WIRED_EARPHONES_c98a1208.jpeg,/private/files/telephonie/G3_CELEBRAT_WIRED_EARPHONES_c98a1208.jpeg,1,Home/Attachments,Item,G3_CELEBRAT_WIRED_EARPHONES
G12_CELEBRAT_WIRED_EARPHONES_45b115ba.jpeg,/private/files/telephonie/G12_CELEBRAT_WIRED_EARPHONES_45b115ba.jpeg,1,Home/Attachments,Item,G12_CELEBRAT_WIRED_EARPHONES
TERRINE_DE_PORC_ENTIER_4da547bd.png,/private/files/stand/TERRINE_DE_PORC_ENTIER_4da547bd.png,1,Home/Attachments,Item,TERRINE_DE_PORC_ENTIER
SALAMI_MILANO_b223e1fc.png,/private/files/stand/SALAMI_MILANO_b223e1fc.png,1,Home/Attachments,Item,SALAMI_MILANO
BAY_CARDAMOM_LARGE_931865b3.png,/private/files/souk/BAY_CARDAMOM_LARGE_931865b3.png,1,Home/Attachments,Item,BAY_CARDAMOM_LARGE
BAY_CAJUN_SPICES_931865b3.png,/private/files/souk/BAY_CAJUN_SPICES_931865b3.png,1,Home/Attachments,Item,BAY_CAJUN_SPICES
BAY_BURGHOL_FINE_931865b3.png,/private/files/souk/BAY_BURGHOL_FINE_931865b3.png,1,Home/Attachments,Item,BAY_BURGHOL_FINE
MIKO_MAG_MN_WHITE_6X55ML_25bda0a8.png,/private/files/specialites_indiv_a_partager/MIKO_MAG_MN_WHITE_6X55ML_25bda0a8.png,1,Home/Attachments,Item,MIKO_MAG_MN_WHITE_6X55ML
LP_CORNETS_RH_RAISIN_X6_414G_931865b3.png,/private/files/specialites_indiv_a_partager/LP_CORNETS_RH_RAISIN_X6_414G_931865b3.png,1,Home/Attachments,Item,LP_CORNETS_RH_RAISIN_X6_414G
LDAIRY_TRIO_HAZ_BCHOC_6X60ML_b805ff0f.png,/private/files/specialites_indiv_a_partager/LDAIRY_TRIO_HAZ_BCHOC_6X60ML_b805ff0f.png,1,Home/Attachments,Item,LDAIRY_TRIO_HAZ_BCHOC_6X60ML
LD_MN_SORBMANG_RASPB_6X50ML_ce7e903a.png,/private/files/specialites_indiv_a_partager/LD_MN_SORBMANG_RASPB_6X50ML_ce7e903a.png,1,Home/Attachments,Item,LD_MN_SORBMANG_RASPB_6X50ML
SALAME_SPIANATA_PICCANTE_9f1aac7f.png,/private/files/stand/SALAME_SPIANATA_PICCANTE_9f1aac7f.png,1,Home/Attachments,Item,SALAME_SPIANATA_PICCANTE
PATE_DE_CAMPAGNE_PUR_PORC_ENT_d9491e3d.png,/private/files/stand/PATE_DE_CAMPAGNE_PUR_PORC_ENT_d9491e3d.png,1,Home/Attachments,Item,PATE_DE_CAMPAGNE_PUR_PORC_ENT
LOSTE_JAMBON_DE_BAYONNE_8baa8ef5.png,/private/files/stand/LOSTE_JAMBON_DE_BAYONNE_8baa8ef5.png,1,Home/Attachments,Item,LOSTE_JAMBON_DE_BAYONNE
CHIKO_SAUCISSE_CHINOISE_VOL_f05f132b.png,/private/files/stand/CHIKO_SAUCISSE_CHINOISE_VOL_f05f132b.png,1,Home/Attachments,Item,CHIKO_SAUCISSE_CHINOISE_VOL
CHIKO_MOUSSELINE_VOL_ENT_931865b3.png,/private/files/stand/CHIKO_MOUSSELINE_VOL_ENT_931865b3.png,1,Home/Attachments,Item,CHIKO_MOUSSELINE_VOL_ENT
BARO_SALAMI_ENTIER_58f7b879.png,/private/files/stand/BARO_SALAMI_ENTIER_58f7b879.png,1,Home/Attachments,Item,BARO_SALAMI_ENTIER
CHUTES_JBN_VOLKG_931865b3.png,/private/files/stand/CHUTES_JBN_VOLKG_931865b3.png,1,Home/Attachments,Item,CHUTES_JBN_VOLKG
CHUTES_DE_JAMBON_SUPERIEUR_931865b3.png,/private/files/stand/CHUTES_DE_JAMBON_SUPERIEUR_931865b3.png,1,Home/Attachments,Item,CHUTES_DE_JAMBON_SUPERIEUR
CHUTES_DE_JAMBON_931865b3.png,/private/files/stand/CHUTES_DE_JAMBON_931865b3.png,1,Home/Attachments,Item,CHUTES_DE_JAMBON
MMAYO_MAYONNAISE_ORIGSM_170G_2b9ad97e.png,/private/files/sauce_frais/MMAYO_MAYONNAISE_ORIGSM_170G_2b9ad97e.png,1,Home/Attachments,Item,MMAYO_MAYONNAISE_ORIGSM_170G
GUYADER_TARTTHON_FROMAGE_120G_b830f318.jpeg,/private/files/saurisserie/GUYADER_TARTTHON_FROMAGE_120G_b830f318.jpeg,1,Home/Attachments,Item,GUYADER_TARTTHON_FROMAGE_120G
EL_POZO_SOUBRESSADIBERIQ_200G_931865b3.png,/private/files/saurisserie/EL_POZO_SOUBRESSADIBERIQ_200G_931865b3.png,1,Home/Attachments,Item,EL_POZO_SOUBRESSADIBERIQ_200G
ATLANTIC_SALT_SNOEK_TRAY_200G_e41302db.png,/private/files/saurisserie/ATLANTIC_SALT_SNOEK_TRAY_200G_e41302db.png,1,Home/Attachments,Item,ATLANTIC_SALT_SNOEK_TRAY_200G
TLJ_SAUMON_FUME_180G_931865b3.png,/private/files/saurisserie/TLJ_SAUMON_FUME_180G_931865b3.png,1,Home/Attachments,Item,TLJ_SAUMON_FUME_180G
TARAMA_100G_931865b3.png,/private/files/saurisserie/TARAMA_100G_931865b3.png,1,Home/Attachments,Item,TARAMA_100G
SMOKED_TUNA_SLICES_500G_931865b3.png,/private/files/saurisserie/SMOKED_TUNA_SLICES_500G_931865b3.png,1,Home/Attachments,Item,SMOKED_TUNA_SLICES_500G
SMOKED_MARLIN_SLICES_500G_931865b3.png,/private/files/saurisserie/SMOKED_MARLIN_SLICES_500G_931865b3.png,1,Home/Attachments,Item,SMOKED_MARLIN_SLICES_500G
PATE_CAMPAGNE_SUPTR_160G_931865b3.png,/private/files/saurisserie/PATE_CAMPAGNE_SUPTR_160G_931865b3.png,1,Home/Attachments,Item,PATE_CAMPAGNE_SUPTR_160G
PATE_CAMPAGNE_POIVRE_VERT_160G_931865b3.png,/private/files/saurisserie/PATE_CAMPAGNE_POIVRE_VERT_160G_931865b3.png,1,Home/Attachments,Item,PATE_CAMPAGNE_POIVRE_VERT_160G
PG_MOULE_MARINEES_APER_20OG_931865b3.png,/private/files/saurisserie/PG_MOULE_MARINEES_APER_20OG_931865b3.png,1,Home/Attachments,Item,PG_MOULE_MARINEES_APER_20OG
MOUSSE_DE_CANARD_TR_160G_931865b3.png,/private/files/saurisserie/MOUSSE_DE_CANARD_TR_160G_931865b3.png,1,Home/Attachments,Item,MOUSSE_DE_CANARD_TR_160G
MONEGASQUE_FILET_ANCHOIS_100G_931865b3.png,/private/files/saurisserie/MONEGASQUE_FILET_ANCHOIS_100G_931865b3.png,1,Home/Attachments,Item,MONEGASQUE_FILET_ANCHOIS_100G
LABEY_OEUFS_DE_LOMPE_ROUGE_80G_931865b3.png,/private/files/saurisserie/LABEY_OEUFS_DE_LOMPE_ROUGE_80G_931865b3.png,1,Home/Attachments,Item,LABEY_OEUFS_DE_LOMPE_ROUGE_80G
FISH_AVEN_SAUMON_FUM_ATL_150G_931865b3.png,/private/files/saurisserie/FISH_AVEN_SAUMON_FUM_ATL_150G_931865b3.png,1,Home/Attachments,Item,FISH_AVEN_SAUMON_FUM_ATL_150G
CO_SAUMON_ECOSSE_4TR_160G_931865b3.png,/private/files/saurisserie/CO_SAUMON_ECOSSE_4TR_160G_931865b3.png,1,Home/Attachments,Item,CO_SAUMON_ECOSSE_4TR_160G
CO_FILHAR_HUILE_AROM125G_931865b3.png,/private/files/saurisserie/CO_FILHAR_HUILE_AROM125G_931865b3.png,1,Home/Attachments,Item,CO_FILHAR_HUILE_AROM125G
CO_FANCHOIS_A_L_DOLIVE_200G_931865b3.png,/private/files/saurisserie/CO_FANCHOIS_A_L_DOLIVE_200G_931865b3.png,1,Home/Attachments,Item,CO_FANCHOIS_A_L_DOLIVE_200G
CO_CVI_BRANDADE_MORUE_200G_931865b3.png,/private/files/saurisserie/CO_CVI_BRANDADE_MORUE_200G_931865b3.png,1,Home/Attachments,Item,CO_CVI_BRANDADE_MORUE_200G
CO_BIO_LARDONS_SAUMON_90G_931865b3.png,/private/files/saurisserie/CO_BIO_LARDONS_SAUMON_90G_931865b3.png,1,Home/Attachments,Item,CO_BIO_LARDONS_SAUMON_90G
CO_BIO_EMINCE_SAUMON_100G_931865b3.png,/private/files/saurisserie/CO_BIO_EMINCE_SAUMON_100G_931865b3.png,1,Home/Attachments,Item,CO_BIO_EMINCE_SAUMON_100G
COCEAN_RILLETTES_SAUMON_150G_931865b3.png,/private/files/saurisserie/COCEAN_RILLETTES_SAUMON_150G_931865b3.png,1,Home/Attachments,Item,COCEAN_RILLETTES_SAUMON_150G
COCEAN_RILLETTE_DE_THON_150G_931865b3.png,/private/files/saurisserie/COCEAN_RILLETTE_DE_THON_150G_931865b3.png,1,Home/Attachments,Item,COCEAN_RILLETTE_DE_THON_150G
MMAYO_MAYONNAISE_ORIGLG_430G_fa82c447.png,/private/files/sauce_frais/MMAYO_MAYONNAISE_ORIGLG_430G_fa82c447.png,1,Home/Attachments,Item,MMAYO_MAYONNAISE_ORIGLG_430G
MMAYO_MAYONNAISE_COMBAVA_340G_a07a7db1.png,/private/files/sauce_frais/MMAYO_MAYONNAISE_COMBAVA_340G_a07a7db1.png,1,Home/Attachments,Item,MMAYO_MAYONNAISE_COMBAVA_340G
MMAYO_MAYONNAISE_COMBAVA_170G_ebfb00d8.png,/private/files/sauce_frais/MMAYO_MAYONNAISE_COMBAVA_170G_ebfb00d8.png,1,Home/Attachments,Item,MMAYO_MAYONNAISE_COMBAVA_170G
TARTARE_NX_ECLAT_AMANDES_250G_931865b3.png,/private/files/sauce_frais/TARTARE_NX_ECLAT_AMANDES_250G_931865b3.png,1,Home/Attachments,Item,TARTARE_NX_ECLAT_AMANDES_250G
TARTARE_CIB_ECH250G_931865b3.png,/private/files/sauce_frais/TARTARE_CIB_ECH250G_931865b3.png,1,Home/Attachments,Item,TARTARE_CIB_ECH250G
FIESTA_WANTAN_AU_POISSON_200G_931865b3.png,/private/files/potages_et_entrees_surgeles/FIESTA_WANTAN_AU_POISSON_200G_931865b3.png,1,Home/Attachments,Item,FIESTA_WANTAN_AU_POISSON_200G
ZFARM_TRANCHE_DE_PORC_PANNE_ac4383b6.jpeg,/private/files/porc_traditionel/ZFARM_TRANCHE_DE_PORC_PANNE_ac4383b6.jpeg,1,Home/Attachments,Item,ZFARM_TRANCHE_DE_PORC_PANNE
ZFARM_SAO_MAI_PORC_X_12_BARQ_bec31b6b.jpeg,/private/files/porc_ls/ZFARM_SAO_MAI_PORC_X_12_BARQ_bec31b6b.jpeg,1,Home/Attachments,Item,ZFARM_SAO_MAI_PORC_X_12_BARQ
ZFARM_NIOUK_YEN_PORC_X_12_BARQ_3895d04d.webp,/private/files/porc_ls/ZFARM_NIOUK_YEN_PORC_X_12_BARQ_3895d04d.webp,1,Home/Attachments,Item,ZFARM_NIOUK_YEN_PORC_X_12_BARQ
ZFARM_BOUCHON_PORC_X_12_BARQ_c69542ed.png,/private/files/porc_ls/ZFARM_BOUCHON_PORC_X_12_BARQ_c69542ed.png,1,Home/Attachments,Item,ZFARM_BOUCHON_PORC_X_12_BARQ
ZF_SAUTE_DE_PORC_2fd5c795.jpeg,/private/files/porc_ls/ZF_SAUTE_DE_PORC_2fd5c795.jpeg,1,Home/Attachments,Item,ZF_SAUTE_DE_PORC
ZF_SAUCISSE_PAYS_385b095c.jpeg,/private/files/porc_ls/ZF_SAUCISSE_PAYS_385b095c.jpeg,1,Home/Attachments,Item,ZF_SAUCISSE_PAYS
ZF_SAUCISSE_NATURE_33fc24f1.webp,/private/files/porc_ls/ZF_SAUCISSE_NATURE_33fc24f1.webp,1,Home/Attachments,Item,ZF_SAUCISSE_NATURE
ZF_SAUCISSE_MERGUEZ_5c551dd6.jpeg,/private/files/porc_ls/ZF_SAUCISSE_MERGUEZ_5c551dd6.jpeg,1,Home/Attachments,Item,ZF_SAUCISSE_MERGUEZ
ZF_SAUCISSE_CHIPOLATA_7ace09b4.jpeg,/private/files/porc_ls/ZF_SAUCISSE_CHIPOLATA_7ace09b4.jpeg,1,Home/Attachments,Item,ZF_SAUCISSE_CHIPOLATA
ZF_ROTI_AU_JAMBON_03fcbd51.webp,/private/files/porc_ls/ZF_ROTI_AU_JAMBON_03fcbd51.webp,1,Home/Attachments,Item,ZF_ROTI_AU_JAMBON
ZF_LARD_FRAIS_9f401479.jpeg,/private/files/porc_ls/ZF_LARD_FRAIS_9f401479.jpeg,1,Home/Attachments,Item,ZF_LARD_FRAIS
ZF_JAMBON_ARTIZAN_e29fd668.webp,/private/files/porc_ls/ZF_JAMBON_ARTIZAN_e29fd668.webp,1,Home/Attachments,Item,ZF_JAMBON_ARTIZAN
ZF_HACHE_PREPAREE_5c6e0158.jpeg,/private/files/porc_ls/ZF_HACHE_PREPAREE_5c6e0158.jpeg,1,Home/Attachments,Item,ZF_HACHE_PREPAREE
ZF_HACHE_NATURE_ac8d2461.png,/private/files/porc_ls/ZF_HACHE_NATURE_ac8d2461.png,1,Home/Attachments,Item,ZF_HACHE_NATURE
ZF_CREPINETTE_255484ff.jpeg,/private/files/porc_ls/ZF_CREPINETTE_255484ff.jpeg,1,Home/Attachments,Item,ZF_CREPINETTE
ZF_COTE_A_MANCHE_b553ff0f.webp,/private/files/porc_ls/ZF_COTE_A_MANCHE_b553ff0f.webp,1,Home/Attachments,Item,ZF_COTE_A_MANCHE
ZFARM_SAUCISSE_VIENNOISE_5cce444f.webp,/private/files/porc_ls/ZFARM_SAUCISSE_VIENNOISE_5cce444f.webp,1,Home/Attachments,Item,ZFARM_SAUCISSE_VIENNOISE
ZFARM_SAUCISSE_CAMPAGNE_2_1875cd89.png,/private/files/porc_ls/ZFARM_SAUCISSE_CAMPAGNE_2_1875cd89.png,1,Home/Attachments,Item,ZFARM_SAUCISSE_CAMPAGNE_2
WS_SAUTE_DE_PORC_LS_feb0e6df.png,/private/files/porc_ls/WS_SAUTE_DE_PORC_LS_feb0e6df.png,1,Home/Attachments,Item,WS_SAUTE_DE_PORC_LS
WS_SAUCISSE_DE_PORC_NATURE_LS_caff2ea7.jpeg,/private/files/porc_ls/WS_SAUCISSE_DE_PORC_NATURE_LS_caff2ea7.jpeg,1,Home/Attachments,Item,WS_SAUCISSE_DE_PORC_NATURE_LS
WS_SAUCISSE_CREOLE_LS_cdbc5b34.jpeg,/private/files/porc_ls/WS_SAUCISSE_CREOLE_LS_cdbc5b34.jpeg,1,Home/Attachments,Item,WS_SAUCISSE_CREOLE_LS
WS_SAUCISSE_CHINOISE_LS_822005e7.jpeg,/private/files/porc_ls/WS_SAUCISSE_CHINOISE_LS_822005e7.jpeg,1,Home/Attachments,Item,WS_SAUCISSE_CHINOISE_LS
WS_BOUCANE_LS_1499f017.jpeg,/private/files/porc_ls/WS_BOUCANE_LS_1499f017.jpeg,1,Home/Attachments,Item,WS_BOUCANE_LS
ZFARM_TETE_ROTI_931865b3.png,/private/files/porc_traditionel/ZFARM_TETE_ROTI_931865b3.png,1,Home/Attachments,Item,ZFARM_TETE_ROTI
ZFARM_SAUCISSE_FUMEE_6c662f6a.jpeg,/private/files/porc_traditionel/ZFARM_SAUCISSE_FUMEE_6c662f6a.jpeg,1,Home/Attachments,Item,ZFARM_SAUCISSE_FUMEE
ZFARM_ROTI_ORLOFF_e7a5c2a0.jpeg,/private/files/porc_traditionel/ZFARM_ROTI_ORLOFF_e7a5c2a0.jpeg,1,Home/Attachments,Item,ZFARM_ROTI_ORLOFF
ZFARM_ROTI_MAISON_be2a150e.jpeg,/private/files/porc_traditionel/ZFARM_ROTI_MAISON_be2a150e.jpeg,1,Home/Attachments,Item,ZFARM_ROTI_MAISON
ZFARM_ROGNON_d922153b.jpeg,/private/files/porc_traditionel/ZFARM_ROGNON_d922153b.jpeg,1,Home/Attachments,Item,ZFARM_ROGNON
ZFARM_POITRINE_FUMEE_7dfdf83e.jpeg,/private/files/porc_traditionel/ZFARM_POITRINE_FUMEE_7dfdf83e.jpeg,1,Home/Attachments,Item,ZFARM_POITRINE_FUMEE
ZFARM_PATE_CAMPAGNE_9132f673.jpeg,/private/files/porc_traditionel/ZFARM_PATE_CAMPAGNE_9132f673.jpeg,1,Home/Attachments,Item,ZFARM_PATE_CAMPAGNE
ZFARM_NOIX_FUMEE_10e297d6.jpeg,/private/files/porc_traditionel/ZFARM_NOIX_FUMEE_10e297d6.jpeg,1,Home/Attachments,Item,ZFARM_NOIX_FUMEE
ZFARM_LOIN_RIBS_8afa1502.webp,/private/files/porc_traditionel/ZFARM_LOIN_RIBS_8afa1502.webp,1,Home/Attachments,Item,ZFARM_LOIN_RIBS
ZFARM_COTE_AU_FILET_404c0513.png,/private/files/porc_traditionel/ZFARM_COTE_AU_FILET_404c0513.png,1,Home/Attachments,Item,ZFARM_COTE_AU_FILET
ZFARM_CHORIZO_dc2d064b.jpeg,/private/files/porc_traditionel/ZFARM_CHORIZO_dc2d064b.jpeg,1,Home/Attachments,Item,ZFARM_CHORIZO
ZFARM_BOUCANE_43af21f4.jpeg,/private/files/porc_traditionel/ZFARM_BOUCANE_43af21f4.jpeg,1,Home/Attachments,Item,ZFARM_BOUCANE
DLAPEYHONEY_GRILL_SAUSAGE_3d2e99f1.png,/private/files/porc_traditionel/DLAPEYHONEY_GRILL_SAUSAGE_3d2e99f1.png,1,Home/Attachments,Item,DLAPEYHONEY_GRILL_SAUSAGE
FIESTA_SAMOUSSA_LEGUMES_225G_96c4cbe8.png,/private/files/potages_et_entrees_surgeles/FIESTA_SAMOUSSA_LEGUMES_225G_96c4cbe8.png,1,Home/Attachments,Item,FIESTA_SAMOUSSA_LEGUMES_225G
FIESTA_SAMOUSSA_FROMAGE_200G_32de61cd.jpeg,/private/files/potages_et_entrees_surgeles/FIESTA_SAMOUSSA_FROMAGE_200G_32de61cd.jpeg,1,Home/Attachments,Item,FIESTA_SAMOUSSA_FROMAGE_200G
FIESTA_SAMOUSSA_AU_POULET_200G_5905ad18.jpeg,/private/files/potages_et_entrees_surgeles/FIESTA_SAMOUSSA_AU_POULET_200G_5905ad18.jpeg,1,Home/Attachments,Item,FIESTA_SAMOUSSA_AU_POULET_200G
FIESTA_HAKIEN_AUX_LEGUMES_200G_931865b3.png,/private/files/potages_et_entrees_surgeles/FIESTA_HAKIEN_AUX_LEGUMES_200G_931865b3.png,1,Home/Attachments,Item,FIESTA_HAKIEN_AUX_LEGUMES_200G
FIESTA_HAKIEN_AU_POULET_200G_931865b3.png,/private/files/potages_et_entrees_surgeles/FIESTA_HAKIEN_AU_POULET_200G_931865b3.png,1,Home/Attachments,Item,FIESTA_HAKIEN_AU_POULET_200G
FIESTA_CROQUETTES_PLT_200G_931865b3.png,/private/files/potages_et_entrees_surgeles/FIESTA_CROQUETTES_PLT_200G_931865b3.png,1,Home/Attachments,Item,FIESTA_CROQUETTES_PLT_200G
FIESTA_CROQUETTES_FROMAGE_200G_931865b3.png,/private/files/potages_et_entrees_surgeles/FIESTA_CROQUETTES_FROMAGE_200G_931865b3.png,1,Home/Attachments,Item,FIESTA_CROQUETTES_FROMAGE_200G
DR_OTKR_TIKKA_CHICPIZ_330G_6d476f28.png,/private/files/potages_et_entrees_surgeles/DR_OTKR_TIKKA_CHICPIZ_330G_6d476f28.png,1,Home/Attachments,Item,DR_OTKR_TIKKA_CHICPIZ_330G
DR_OTKR_PIZ_SNCK_SL_BBQ_420G_fa644b8b.png,/private/files/potages_et_entrees_surgeles/DR_OTKR_PIZ_SNCK_SL_BBQ_420G_fa644b8b.png,1,Home/Attachments,Item,DR_OTKR_PIZ_SNCK_SL_BBQ_420G
DR_OTKR_IP_FCHIJALAPENO_529G_628da57c.png,/private/files/potages_et_entrees_surgeles/DR_OTKR_IP_FCHIJALAPENO_529G_628da57c.png,1,Home/Attachments,Item,DR_OTKR_IP_FCHIJALAPENO_529G
DR_OTKR_IP_FBACONSPRON_514G_d7e3b48f.png,/private/files/potages_et_entrees_surgeles/DR_OTKR_IP_FBACONSPRON_514G_d7e3b48f.png,1,Home/Attachments,Item,DR_OTKR_IP_FBACONSPRON_514G
DR_OTKR_CLC_BBQ_CHICK_300G_d88bc030.png,/private/files/potages_et_entrees_surgeles/DR_OTKR_CLC_BBQ_CHICK_300G_d88bc030.png,1,Home/Attachments,Item,DR_OTKR_CLC_BBQ_CHICK_300G
WS_SQUID_U_10_VRAC_14576bfd.jpeg,/private/files/poissonscrustaces_surgele/WS_SQUID_U_10_VRAC_14576bfd.jpeg,1,Home/Attachments,Item,WS_SQUID_U_10_VRAC
WS_THON_ROUGE_6d1891d9.jpeg,/private/files/poissons_frais/WS_THON_ROUGE_6d1891d9.jpeg,1,Home/Attachments,Item,WS_THON_ROUGE
CREVETTE_ROSE_CUITE_3040_LS_12bc46f2.webp,/private/files/poissonnerie/CREVETTE_ROSE_CUITE_3040_LS_12bc46f2.webp,1,Home/Attachments,Item,CREVETTE_ROSE_CUITE_3040_LS
WS_ESPADON_c7dc01fa.png,/private/files/poissons_frais/WS_ESPADON_c7dc01fa.png,1,Home/Attachments,Item,WS_ESPADON
CHOOK_YELLOW_FINTUNA_SEYCHEL_27931393.png,/private/files/poissons_fde_merescarg/CHOOK_YELLOW_FINTUNA_SEYCHEL_27931393.png,1,Home/Attachments,Item,CHOOK_YELLOW_FINTUNA_SEYCHEL
CHOOK_VACOAS_GJ_SLICE_PP_KG_b61bd4a8.jpeg,/private/files/poissons_fde_merescarg/CHOOK_VACOAS_GJ_SLICE_PP_KG_b61bd4a8.jpeg,1,Home/Attachments,Item,CHOOK_VACOAS_GJ_SLICE_PP_KG
CHOOK_TUNA_LOINS_PP_SEYCHELLE_fbcd5fc3.jpeg,/private/files/poissons_fde_merescarg/CHOOK_TUNA_LOINS_PP_SEYCHELLE_fbcd5fc3.jpeg,1,Home/Attachments,Item,CHOOK_TUNA_LOINS_PP_SEYCHELLE
CHOOK_NILE_PERCH_FISH_FILLET_075d499c.webp,/private/files/poissons_fde_merescarg/CHOOK_NILE_PERCH_FISH_FILLET_075d499c.webp,1,Home/Attachments,Item,CHOOK_NILE_PERCH_FISH_FILLET
CHOOK_LOBSTER_TAIL_931865b3.png,/private/files/poissons_fde_merescarg/CHOOK_LOBSTER_TAIL_931865b3.png,1,Home/Attachments,Item,CHOOK_LOBSTER_TAIL
CHOOK_GROUPER_SLICES_f1d7d93a.webp,/private/files/poissons_fde_merescarg/CHOOK_GROUPER_SLICES_f1d7d93a.webp,1,Home/Attachments,Item,CHOOK_GROUPER_SLICES
CHOOK_GIANT_SQUID_FILLET_f6ed355e.jpeg,/private/files/poissons_fde_merescarg/CHOOK_GIANT_SQUID_FILLET_f6ed355e.jpeg,1,Home/Attachments,Item,CHOOK_GIANT_SQUID_FILLET
CHOOK_BAR_TROPICAL_STEAK_PP_931865b3.png,/private/files/poissons_fde_merescarg/CHOOK_BAR_TROPICAL_STEAK_PP_931865b3.png,1,Home/Attachments,Item,CHOOK_BAR_TROPICAL_STEAK_PP
WS_BAROIS_ddabe1a9.png,/private/files/poissons_frais/WS_BAROIS_ddabe1a9.png,1,Home/Attachments,Item,WS_BAROIS
WS_SMOKED_TUNA_CHUTES_250G_931865b3.png,/private/files/poissons_fumessales/WS_SMOKED_TUNA_CHUTES_250G_931865b3.png,1,Home/Attachments,Item,WS_SMOKED_TUNA_CHUTES_250G
WS_SMOKED_TUNA_BLOCK_931865b3.png,/private/files/poissons_fumessales/WS_SMOKED_TUNA_BLOCK_931865b3.png,1,Home/Attachments,Item,WS_SMOKED_TUNA_BLOCK
SMOKED_MARLIN_SLICES_150G_931865b3.png,/private/files/poissons_fumessales/SMOKED_MARLIN_SLICES_150G_931865b3.png,1,Home/Attachments,Item,SMOKED_MARLIN_SLICES_150G
SESKEL_SNOEK_TRAY_200G_0083f984.png,/private/files/poissons_fumessales/SESKEL_SNOEK_TRAY_200G_0083f984.png,1,Home/Attachments,Item,SESKEL_SNOEK_TRAY_200G
PTIT_SALE_SALTED_SNOEK_180G_c564eed1.png,/private/files/poissons_fumessales/PTIT_SALE_SALTED_SNOEK_180G_c564eed1.png,1,Home/Attachments,Item,PTIT_SALE_SALTED_SNOEK_180G
LEADER_SNOEK_200G_4c229246.jpeg,/private/files/poissons_fumessales/LEADER_SNOEK_200G_4c229246.jpeg,1,Home/Attachments,Item,LEADER_SNOEK_200G
LABEYRIE_SAUFLE_SAUV6TR_180_f631fcd7.webp,/private/files/poissons_fumessales/LABEYRIE_SAUFLE_SAUV6TR_180_f631fcd7.webp,1,Home/Attachments,Item,LABEYRIE_SAUFLE_SAUV6TR_180
LABEYSFUME_TRAD2TR_75G_af6d4040.jpeg,/private/files/poissons_fumessales/LABEYSFUME_TRAD2TR_75G_af6d4040.jpeg,1,Home/Attachments,Item,LABEYSFUME_TRAD2TR_75G
LABEYSFUME_LORIG2TR_75G_7d4b34ef.jpeg,/private/files/poissons_fumessales/LABEYSFUME_LORIG2TR_75G_7d4b34ef.jpeg,1,Home/Attachments,Item,LABEYSFUME_LORIG2TR_75G
DODO_FISH_FINGERS_360G_0224919b.png,/private/files/plats_cuisines_surgeles/DODO_FISH_FINGERS_360G_0224919b.png,1,Home/Attachments,Item,DODO_FISH_FINGERS_360G
DFOODS_VEG_BUNS_200G_931865b3.png,/private/files/plats_cuisines_surgeles/DFOODS_VEG_BUNS_200G_931865b3.png,1,Home/Attachments,Item,DFOODS_VEG_BUNS_200G
SOINS_DU_LINGE_bccd47f4.jpeg,/private/files/petit_dejeuner/SOINS_DU_LINGE_bccd47f4.jpeg,1,Home/Attachments,Item,SOINS_DU_LINGE
MOULINEX_UNO_KETTLE_REF_BY1501_931865b3.png,/private/files/petit_dejeuner/MOULINEX_UNO_KETTLE_REF_BY1501_931865b3.png,1,Home/Attachments,Item,MOULINEX_UNO_KETTLE_REF_BY1501
MOULINEX_TOASTER_TWO_SLOTS_931865b3.png,/private/files/petit_dejeuner/MOULINEX_TOASTER_TWO_SLOTS_931865b3.png,1,Home/Attachments,Item,MOULINEX_TOASTER_TWO_SLOTS
MOULINEX_TOASTER_PRINCIPIO_931865b3.png,/private/files/petit_dejeuner/MOULINEX_TOASTER_PRINCIPIO_931865b3.png,1,Home/Attachments,Item,MOULINEX_TOASTER_PRINCIPIO
SOLEIL_COFFEE_MAKER_FG381A10_931865b3.png,/private/files/petit_dejeuner/SOLEIL_COFFEE_MAKER_FG381A10_931865b3.png,1,Home/Attachments,Item,SOLEIL_COFFEE_MAKER_FG381A10
MELITTA_FILTRES_A_CAFE_X4_931865b3.png,/private/files/petit_dejeuner/MELITTA_FILTRES_A_CAFE_X4_931865b3.png,1,Home/Attachments,Item,MELITTA_FILTRES_A_CAFE_X4
DECA_SANDWICH_TOASTER_KEEC001W_931865b3.png,/private/files/petit_dejeuner/DECA_SANDWICH_TOASTER_KEEC001W_931865b3.png,1,Home/Attachments,Item,DECA_SANDWICH_TOASTER_KEEC001W
DECAKILA_GLASS_KETTLE_1_8L_931865b3.png,/private/files/petit_dejeuner/DECAKILA_GLASS_KETTLE_1_8L_931865b3.png,1,Home/Attachments,Item,DECAKILA_GLASS_KETTLE_1_8L
LUMINARC_TRANS_MUG_NEW_MORNING_6b3f89ed.png,/private/files/petit_dejeuner/LUMINARC_TRANS_MUG_NEW_MORNING_6b3f89ed.png,1,Home/Attachments,Item,LUMINARC_TRANS_MUG_NEW_MORNING
LUMINARC_MUG_SWEET_IMPRESSION_ae315841.png,/private/files/petit_dejeuner/LUMINARC_MUG_SWEET_IMPRESSION_ae315841.png,1,Home/Attachments,Item,LUMINARC_MUG_SWEET_IMPRESSION
LUMINARC_MUG_PRUNELLA_7df96d87.png,/private/files/petit_dejeuner/LUMINARC_MUG_PRUNELLA_7df96d87.png,1,Home/Attachments,Item,LUMINARC_MUG_PRUNELLA
LUMINARC_MUG_POSITIVITY_551b4250.png,/private/files/petit_dejeuner/LUMINARC_MUG_POSITIVITY_551b4250.png,1,Home/Attachments,Item,LUMINARC_MUG_POSITIVITY
LUMINARC_MUG_PARADIS_8aad6314.png,/private/files/petit_dejeuner/LUMINARC_MUG_PARADIS_8aad6314.png,1,Home/Attachments,Item,LUMINARC_MUG_PARADIS
LUMINARC_MUG_N_CV_TRANSP_32CL_5a49c5ec.png,/private/files/petit_dejeuner/LUMINARC_MUG_N_CV_TRANSP_32CL_5a49c5ec.png,1,Home/Attachments,Item,LUMINARC_MUG_N_CV_TRANSP_32CL
LUMINARC_MUG_HAWORTH_20OZ_b713f5a6.png,/private/files/petit_dejeuner/LUMINARC_MUG_HAWORTH_20OZ_b713f5a6.png,1,Home/Attachments,Item,LUMINARC_MUG_HAWORTH_20OZ
LUMINARC_MUG_HAWORTH_10OZ_95e3e92c.png,/private/files/petit_dejeuner/LUMINARC_MUG_HAWORTH_10OZ_95e3e92c.png,1,Home/Attachments,Item,LUMINARC_MUG_HAWORTH_10OZ
LUMINARC_MUG_FLOROSA_72bc0114.png,/private/files/petit_dejeuner/LUMINARC_MUG_FLOROSA_72bc0114.png,1,Home/Attachments,Item,LUMINARC_MUG_FLOROSA
LUMINARC_MUG_FIZZ_32_9ffba7c4.png,/private/files/petit_dejeuner/LUMINARC_MUG_FIZZ_32_9ffba7c4.png,1,Home/Attachments,Item,LUMINARC_MUG_FIZZ_32
LUMINARC_MUG_CONSERV_ROSE_25CL_f385be7c.png,/private/files/petit_dejeuner/LUMINARC_MUG_CONSERV_ROSE_25CL_f385be7c.png,1,Home/Attachments,Item,LUMINARC_MUG_CONSERV_ROSE_25CL
LUMINARC_MUG_COFFEE_LOVE_4ae3d34d.png,/private/files/petit_dejeuner/LUMINARC_MUG_COFFEE_LOVE_4ae3d34d.png,1,Home/Attachments,Item,LUMINARC_MUG_COFFEE_LOVE
LUMINARC_MUG_CAFFINSTRY_69cc906e.png,/private/files/petit_dejeuner/LUMINARC_MUG_CAFFINSTRY_69cc906e.png,1,Home/Attachments,Item,LUMINARC_MUG_CAFFINSTRY
LUMINARC_MUG_BRITANNIA_20OZ_6a73f51b.png,/private/files/petit_dejeuner/LUMINARC_MUG_BRITANNIA_20OZ_6a73f51b.png,1,Home/Attachments,Item,LUMINARC_MUG_BRITANNIA_20OZ
LUMINARC_MUG_BRITANNIA_10OZ_8ca5ff2c.png,/private/files/petit_dejeuner/LUMINARC_MUG_BRITANNIA_10OZ_8ca5ff2c.png,1,Home/Attachments,Item,LUMINARC_MUG_BRITANNIA_10OZ
LUMINARC_MUG_BELIAROSA_d66fa024.png,/private/files/petit_dejeuner/LUMINARC_MUG_BELIAROSA_d66fa024.png,1,Home/Attachments,Item,LUMINARC_MUG_BELIAROSA
LUMINARC_MUG__TRIANON_f137fbb0.png,/private/files/petit_dejeuner/LUMINARC_MUG__TRIANON_f137fbb0.png,1,Home/Attachments,Item,LUMINARC_MUG__TRIANON
LUM_MUG_N_CV_MIX_COLOR_32CL_769f72cf.png,/private/files/petit_dejeuner/LUM_MUG_N_CV_MIX_COLOR_32CL_769f72cf.png,1,Home/Attachments,Item,LUM_MUG_N_CV_MIX_COLOR_32CL
DFOODS_RED_BEAN_BUNS_200G_931865b3.png,/private/files/plats_cuisines_surgeles/DFOODS_RED_BEAN_BUNS_200G_931865b3.png,1,Home/Attachments,Item,DFOODS_RED_BEAN_BUNS_200G
DFOODS_CHICKEN_BUNS_200G_931865b3.png,/private/files/plats_cuisines_surgeles/DFOODS_CHICKEN_BUNS_200G_931865b3.png,1,Home/Attachments,Item,DFOODS_CHICKEN_BUNS_200G
BYKESKIN_CORDON_BLEU_440G_50d710f1.png,/private/files/plats_cuisines_surgeles/BYKESKIN_CORDON_BLEU_440G_50d710f1.png,1,Home/Attachments,Item,BYKESKIN_CORDON_BLEU_440G
BYKESKIN_CHICKEN_NUGGETS_260G_339c37d6.png,/private/files/plats_cuisines_surgeles/BYKESKIN_CHICKEN_NUGGETS_260G_339c37d6.png,1,Home/Attachments,Item,BYKESKIN_CHICKEN_NUGGETS_260G
BUFFET_VEG_MOMOS_250G_a3876e1a.png,/private/files/plats_cuisines_surgeles/BUFFET_VEG_MOMOS_250G_a3876e1a.png,1,Home/Attachments,Item,BUFFET_VEG_MOMOS_250G
BUFFET_VEG_CUTLET_300G_83ac9bcb.png,/private/files/plats_cuisines_surgeles/BUFFET_VEG_CUTLET_300G_83ac9bcb.png,1,Home/Attachments,Item,BUFFET_VEG_CUTLET_300G
BUFFET_TANDOORI_NAAN_340G_8352f5d0.png,/private/files/plats_cuisines_surgeles/BUFFET_TANDOORI_NAAN_340G_8352f5d0.png,1,Home/Attachments,Item,BUFFET_TANDOORI_NAAN_340G
BUFFET_MULTIGRAIN_PARATHA_300G_6514f50e.png,/private/files/plats_cuisines_surgeles/BUFFET_MULTIGRAIN_PARATHA_300G_6514f50e.png,1,Home/Attachments,Item,BUFFET_MULTIGRAIN_PARATHA_300G
BUFFET_MALABAR_PARATHA_300G_372ed819.png,/private/files/plats_cuisines_surgeles/BUFFET_MALABAR_PARATHA_300G_372ed819.png,1,Home/Attachments,Item,BUFFET_MALABAR_PARATHA_300G
BUFFET_FLAKY_PARATHA_400G_0a1f0a06.png,/private/files/plats_cuisines_surgeles/BUFFET_FLAKY_PARATHA_400G_0a1f0a06.png,1,Home/Attachments,Item,BUFFET_FLAKY_PARATHA_400G
BUFFET_BUTTER_PARATHA_300G_3ee37a01.png,/private/files/plats_cuisines_surgeles/BUFFET_BUTTER_PARATHA_300G_3ee37a01.png,1,Home/Attachments,Item,BUFFET_BUTTER_PARATHA_300G
BUFFET_BREADED_VEG_FINGER_300G_8e32c507.png,/private/files/plats_cuisines_surgeles/BUFFET_BREADED_VEG_FINGER_300G_8e32c507.png,1,Home/Attachments,Item,BUFFET_BREADED_VEG_FINGER_300G
BUFFET_ALOO_PARATHA_400G_a3a157e3.png,/private/files/plats_cuisines_surgeles/BUFFET_ALOO_PARATHA_400G_a3a157e3.png,1,Home/Attachments,Item,BUFFET_ALOO_PARATHA_400G
BIBIGO_PB_KIMCH_DUMPLING_420G_99e836e1.png,/private/files/plats_cuisines_surgeles/BIBIGO_PB_KIMCH_DUMPLING_420G_99e836e1.png,1,Home/Attachments,Item,BIBIGO_PB_KIMCH_DUMPLING_420G
BIBIGO_PB_DUMPLING_ORIG_420G_6d13f21c.png,/private/files/plats_cuisines_surgeles/BIBIGO_PB_DUMPLING_ORIG_420G_6d13f21c.png,1,Home/Attachments,Item,BIBIGO_PB_DUMPLING_ORIG_420G
CHARLOTTE_PASSION1015PERS_21e1456e.png,/private/files/patisserie/CHARLOTTE_PASSION1015PERS_21e1456e.png,1,Home/Attachments,Item,CHARLOTTE_PASSION1015PERS
CUSTARD_BUNS_6f222f7d.jpeg,/private/files/pain_speciaux/CUSTARD_BUNS_6f222f7d.jpeg,1,Home/Attachments,Item,CUSTARD_BUNS
CROUTONS_AUX_4_MERVEILLES_b008f313.jpeg,/private/files/pain_speciaux/CROUTONS_AUX_4_MERVEILLES_b008f313.jpeg,1,Home/Attachments,Item,CROUTONS_AUX_4_MERVEILLES
BROWN_TOAST_BREADLARGE_630G_f81dce30.webp,/private/files/pain_speciaux/BROWN_TOAST_BREADLARGE_630G_f81dce30.webp,1,Home/Attachments,Item,BROWN_TOAST_BREADLARGE_630G
BROWN_TOAST_BREAD_SM_360G_55f24067.webp,/private/files/pain_speciaux/BROWN_TOAST_BREAD_SM_360G_55f24067.webp,1,Home/Attachments,Item,BROWN_TOAST_BREAD_SM_360G
BRIOCHE_RONDE_100G_X_2_54acde2d.png,/private/files/pain_speciaux/BRIOCHE_RONDE_100G_X_2_54acde2d.png,1,Home/Attachments,Item,BRIOCHE_RONDE_100G_X_2
BRIOCHE_FEUILLETE_AUX_RAISINS_3cce05e8.jpeg,/private/files/pain_speciaux/BRIOCHE_FEUILLETE_AUX_RAISINS_3cce05e8.jpeg,1,Home/Attachments,Item,BRIOCHE_FEUILLETE_AUX_RAISINS
BRIOCHE_FEUILLETE_AUX_FRUITS_be78b076.webp,/private/files/pain_speciaux/BRIOCHE_FEUILLETE_AUX_FRUITS_be78b076.webp,1,Home/Attachments,Item,BRIOCHE_FEUILLETE_AUX_FRUITS
BRIOCHE_FEUILLETE_AU_CHOCOLAT_3cacb66e.jpeg,/private/files/pain_speciaux/BRIOCHE_FEUILLETE_AU_CHOCOLAT_3cacb66e.jpeg,1,Home/Attachments,Item,BRIOCHE_FEUILLETE_AU_CHOCOLAT
BRIOCHE_FEUILLE_AU_CHOCOLAT_01c9199a.png,/private/files/pain_speciaux/BRIOCHE_FEUILLE_AU_CHOCOLAT_01c9199a.png,1,Home/Attachments,Item,BRIOCHE_FEUILLE_AU_CHOCOLAT
BREAD_CRUMBS_CHAPELURE_500G_8a6367bd.jpeg,/private/files/pain_speciaux/BREAD_CRUMBS_CHAPELURE_500G_8a6367bd.jpeg,1,Home/Attachments,Item,BREAD_CRUMBS_CHAPELURE_500G
BAGUETTE_VIENNOIS_200G_197ebfc9.png,/private/files/pain_speciaux/BAGUETTE_VIENNOIS_200G_197ebfc9.png,1,Home/Attachments,Item,BAGUETTE_VIENNOIS_200G
BAGUETTE_A_LANCIENNE_BLANCHE_66f5ce96.webp,/private/files/pain_speciaux/BAGUETTE_A_LANCIENNE_BLANCHE_66f5ce96.webp,1,Home/Attachments,Item,BAGUETTE_A_LANCIENNE_BLANCHE
BAG_A_LANC_OLIVES_NOIRES_PER_a65db91f.png,/private/files/pain_speciaux/BAG_A_LANC_OLIVES_NOIRES_PER_a65db91f.png,1,Home/Attachments,Item,BAG_A_LANC_OLIVES_NOIRES_PER
BAG_A_LANC_OIGNON_ET_FR_24bd8a21.png,/private/files/pain_speciaux/BAG_A_LANC_OIGNON_ET_FR_24bd8a21.png,1,Home/Attachments,Item,BAG_A_LANC_OIGNON_ET_FR
ASSORTED_TOAST_4_SAVEURS_2d9795da.png,/private/files/pain_speciaux/ASSORTED_TOAST_4_SAVEURS_2d9795da.png,1,Home/Attachments,Item,ASSORTED_TOAST_4_SAVEURS
ARTIST_CANVAS_PAD_A4_10_SHEET_3e1ba698.jpeg,/private/files/papeterie/ARTIST_CANVAS_PAD_A4_10_SHEET_3e1ba698.jpeg,1,Home/Attachments,Item,ARTIST_CANVAS_PAD_A4_10_SHEET
ARTIST_CANVAS_PAD_A3_10_SHEET_a9cbd25e.jpeg,/private/files/papeterie/ARTIST_CANVAS_PAD_A3_10_SHEET_a9cbd25e.jpeg,1,Home/Attachments,Item,ARTIST_CANVAS_PAD_A3_10_SHEET
ARTIST_CANVAS_60X80CM_fb6120db.webp,/private/files/papeterie/ARTIST_CANVAS_60X80CM_fb6120db.webp,1,Home/Attachments,Item,ARTIST_CANVAS_60X80CM
ARTIST_CANVAS_20X30CM_0c400cc0.jpeg,/private/files/papeterie/ARTIST_CANVAS_20X30CM_0c400cc0.jpeg,1,Home/Attachments,Item,ARTIST_CANVAS_20X30CM
ARTIST_BRUSH_SET_8007_2dd834af.png,/private/files/papeterie/ARTIST_BRUSH_SET_8007_2dd834af.png,1,Home/Attachments,Item,ARTIST_BRUSH_SET_8007
ARTIST_BRUSH_POUCH_931865b3.png,/private/files/papeterie/ARTIST_BRUSH_POUCH_931865b3.png,1,Home/Attachments,Item,ARTIST_BRUSH_POUCH
ARTIST_BRUSH_9_PCS_931865b3.png,/private/files/papeterie/ARTIST_BRUSH_9_PCS_931865b3.png,1,Home/Attachments,Item,ARTIST_BRUSH_9_PCS
ARTIST_BRUSH_6PCS_ROUND_536ace49.png,/private/files/papeterie/ARTIST_BRUSH_6PCS_ROUND_536ace49.png,1,Home/Attachments,Item,ARTIST_BRUSH_6PCS_ROUND
ARTIST_BRUSH_609R_931865b3.png,/private/files/papeterie/ARTIST_BRUSH_609R_931865b3.png,1,Home/Attachments,Item,ARTIST_BRUSH_609R
ARTIST_BRUSH_609F_931865b3.png,/private/files/papeterie/ARTIST_BRUSH_609F_931865b3.png,1,Home/Attachments,Item,ARTIST_BRUSH_609F
ARTIST_BRUSH_5_PCS_c606ba10.png,/private/files/papeterie/ARTIST_BRUSH_5_PCS_c606ba10.png,1,Home/Attachments,Item,ARTIST_BRUSH_5_PCS
ARTIST_BRUSH_252_6PCS_958f3b26.jpeg,/private/files/papeterie/ARTIST_BRUSH_252_6PCS_958f3b26.jpeg,1,Home/Attachments,Item,ARTIST_BRUSH_252_6PCS
ARTIST_BRUSH_12P_931865b3.png,/private/files/papeterie/ARTIST_BRUSH_12P_931865b3.png,1,Home/Attachments,Item,ARTIST_BRUSH_12P
AIR_VENT_MOB_HOLDER_A8_7139aea8.jpeg,/private/files/papeterie/AIR_VENT_MOB_HOLDER_A8_7139aea8.jpeg,1,Home/Attachments,Item,AIR_VENT_MOB_HOLDER_A8
AIR_CLAY_6013_8ea0ea1b.jpeg,/private/files/papeterie/AIR_CLAY_6013_8ea0ea1b.jpeg,1,Home/Attachments,Item,AIR_CLAY_6013
ACRYLIC_COLOUR_6_d2361430.jpeg,/private/files/papeterie/ACRYLIC_COLOUR_6_d2361430.jpeg,1,Home/Attachments,Item,ACRYLIC_COLOUR_6
ACRYLIC_COLOUR_48dbc5d3.jpeg,/private/files/papeterie/ACRYLIC_COLOUR_48dbc5d3.jpeg,1,Home/Attachments,Item,ACRYLIC_COLOUR
ACRON_BUTTERFLY_KIT_f1a450bb.png,/private/files/papeterie/ACRON_BUTTERFLY_KIT_f1a450bb.png,1,Home/Attachments,Item,ACRON_BUTTERFLY_KIT
5PCS_STATIONERY_SET_801_9a18dd41.png,/private/files/papeterie/5PCS_STATIONERY_SET_801_9a18dd41.png,1,Home/Attachments,Item,5PCS_STATIONERY_SET_801
TAPE_TRANSPARENT_60MTS_f2ab94ca.png,/private/files/papeterie/TAPE_TRANSPARENT_60MTS_f2ab94ca.png,1,Home/Attachments,Item,TAPE_TRANSPARENT_60MTS
TAPE_TRANSPARENT_30MTS_8dd67f40.png,/private/files/papeterie/TAPE_TRANSPARENT_30MTS_8dd67f40.png,1,Home/Attachments,Item,TAPE_TRANSPARENT_30MTS
CONTEMPO_WET_WILD_CONDOMS_X_3_931865b3.png,/private/files/parapharmacie/CONTEMPO_WET_WILD_CONDOMS_X_3_931865b3.png,1,Home/Attachments,Item,CONTEMPO_WET_WILD_CONDOMS_X_3
BIO_OIL_SKINCARE_OIL_NAT_200ML_931865b3.png,/private/files/parapharmacie/BIO_OIL_SKINCARE_OIL_NAT_200ML_931865b3.png,1,Home/Attachments,Item,BIO_OIL_SKINCARE_OIL_NAT_200ML
AAB_DISP_PROTECTIVE_MASK_X_10_931865b3.png,/private/files/parapharmacie/AAB_DISP_PROTECTIVE_MASK_X_10_931865b3.png,1,Home/Attachments,Item,AAB_DISP_PROTECTIVE_MASK_X_10
CARROT_CAKE_X_2PCS_9beb44c3.png,/private/files/patisserie/CARROT_CAKE_X_2PCS_9beb44c3.png,1,Home/Attachments,Item,CARROT_CAKE_X_2PCS
CARROT_CAKE_10_15PERS_d56c2bfb.png,/private/files/patisserie/CARROT_CAKE_10_15PERS_d56c2bfb.png,1,Home/Attachments,Item,CARROT_CAKE_10_15PERS
CAKE_DATTE_400G_76fd145e.webp,/private/files/patisserie/CAKE_DATTE_400G_76fd145e.webp,1,Home/Attachments,Item,CAKE_DATTE_400G
BROWNIES_X_2_PCS_858189ab.png,/private/files/patisserie/BROWNIES_X_2_PCS_858189ab.png,1,Home/Attachments,Item,BROWNIES_X_2_PCS
BROWNIES_4_6_P_5cb868e1.jpeg,/private/files/patisserie/BROWNIES_4_6_P_5cb868e1.jpeg,1,Home/Attachments,Item,BROWNIES_4_6_P
BROWNIE_VEG_20X20_10f2f312.jpeg,/private/files/patisserie/BROWNIE_VEG_20X20_10f2f312.jpeg,1,Home/Attachments,Item,BROWNIE_VEG_20X20
BLUEBERRY_VEG_CAKE_20X20_931865b3.png,/private/files/patisserie/BLUEBERRY_VEG_CAKE_20X20_931865b3.png,1,Home/Attachments,Item,BLUEBERRY_VEG_CAKE_20X20
BISCUITS_GREO_X2PC_1e64a41e.png,/private/files/patisserie/BISCUITS_GREO_X2PC_1e64a41e.png,1,Home/Attachments,Item,BISCUITS_GREO_X2PC
BISCUITS_GREO_X10PC_ea64ba07.jpeg,/private/files/patisserie/BISCUITS_GREO_X10PC_ea64ba07.jpeg,1,Home/Attachments,Item,BISCUITS_GREO_X10PC
BISCUITS_AUX_AMANDES_X10PC_952f5337.jpeg,/private/files/patisserie/BISCUITS_AUX_AMANDES_X10PC_952f5337.jpeg,1,Home/Attachments,Item,BISCUITS_AUX_AMANDES_X10PC
BATONNET_FROMAGE_SUPREME_X12PC_9f26d460.jpeg,/private/files/patisserie/BATONNET_FROMAGE_SUPREME_X12PC_9f26d460.jpeg,1,Home/Attachments,Item,BATONNET_FROMAGE_SUPREME_X12PC
RDELICE_DHOLL_PURI_X_6_145fb95c.png,/private/files/patisserie_et_boule_pate/RDELICE_DHOLL_PURI_X_6_145fb95c.png,1,Home/Attachments,Item,RDELICE_DHOLL_PURI_X_6
RDELICE_CHAPATTI_X_6_0e5f9685.png,/private/files/patisserie_et_boule_pate/RDELICE_CHAPATTI_X_6_0e5f9685.png,1,Home/Attachments,Item,RDELICE_CHAPATTI_X_6
MR_BERTI_2_RAW_DOUGH_2X250G_931865b3.png,/private/files/patisserie_et_boule_pate/MR_BERTI_2_RAW_DOUGH_2X250G_931865b3.png,1,Home/Attachments,Item,MR_BERTI_2_RAW_DOUGH_2X250G
MAHESO_CHURROS_A_FRIRE_500G_2935feb5.jpeg,/private/files/patisserie_et_boule_pate/MAHESO_CHURROS_A_FRIRE_500G_2935feb5.jpeg,1,Home/Attachments,Item,MAHESO_CHURROS_A_FRIRE_500G
FRESH_2GO_TOR10X12PL_768G_36e126ae.jpeg,/private/files/patisserie_et_boule_pate/FRESH_2GO_TOR10X12PL_768G_36e126ae.jpeg,1,Home/Attachments,Item,FRESH_2GO_TOR10X12PL_768G
FIGO_SPRROLL_PASTRY_500G_3b54ec15.jpeg,/private/files/patisserie_et_boule_pate/FIGO_SPRROLL_PASTRY_500G_3b54ec15.jpeg,1,Home/Attachments,Item,FIGO_SPRROLL_PASTRY_500G
FIESTA_LENTIL_DHALL_PITA_300G_931865b3.png,/private/files/patisserie_et_boule_pate/FIESTA_LENTIL_DHALL_PITA_300G_931865b3.png,1,Home/Attachments,Item,FIESTA_LENTIL_DHALL_PITA_300G
ERHARD_MOCHGLACES_EV8_X_35G_176d39c1.jpeg,/private/files/patisserie_et_boule_pate/ERHARD_MOCHGLACES_EV8_X_35G_176d39c1.jpeg,1,Home/Attachments,Item,ERHARD_MOCHGLACES_EV8_X_35G
DONSA_PURI_X12_396006ca.png,/private/files/patisserie_et_boule_pate/DONSA_PURI_X12_396006ca.png,1,Home/Attachments,Item,DONSA_PURI_X12
OEUDOR_MATINES_MOYEN_X_20_931865b3.png,/private/files/oeufs/OEUDOR_MATINES_MOYEN_X_20_931865b3.png,1,Home/Attachments,Item,OEUDOR_MATINES_MOYEN_X_20
EGGSMORE_TRAY_SMALL_X_30_423bb37c.png,/private/files/oeufs/EGGSMORE_TRAY_SMALL_X_30_423bb37c.png,1,Home/Attachments,Item,EGGSMORE_TRAY_SMALL_X_30
EGGSMORE_MEDIUM_X_18_693fc9b6.jpeg,/private/files/oeufs/EGGSMORE_MEDIUM_X_18_693fc9b6.jpeg,1,Home/Attachments,Item,EGGSMORE_MEDIUM_X_18
EGGSMORE_LIQUID_EGGS_WHITE_1L_3081265e.png,/private/files/oeufs/EGGSMORE_LIQUID_EGGS_WHITE_1L_3081265e.png,1,Home/Attachments,Item,EGGSMORE_LIQUID_EGGS_WHITE_1L
EGGSMORE_LARGE_X_12_931865b3.png,/private/files/oeufs/EGGSMORE_LARGE_X_12_931865b3.png,1,Home/Attachments,Item,EGGSMORE_LARGE_X_12
EGGSMORE_JUMBO_X_6_931865b3.png,/private/files/oeufs/EGGSMORE_JUMBO_X_6_931865b3.png,1,Home/Attachments,Item,EGGSMORE_JUMBO_X_6
EGGCELLENT_X_30_STANDARD_4cc7585e.png,/private/files/oeufs/EGGCELLENT_X_30_STANDARD_4cc7585e.png,1,Home/Attachments,Item,EGGCELLENT_X_30_STANDARD
DONN_SA_DHALL_PITA_400G_999e62c5.png,/private/files/patisserie_et_boule_pate/DONN_SA_DHALL_PITA_400G_999e62c5.png,1,Home/Attachments,Item,DONN_SA_DHALL_PITA_400G
DATSCHAUB_LAVA_CAKES_X_2_180G_4cd3cb23.png,/private/files/patisserie_et_boule_pate/DATSCHAUB_LAVA_CAKES_X_2_180G_4cd3cb23.png,1,Home/Attachments,Item,DATSCHAUB_LAVA_CAKES_X_2_180G
EGGCELLENT_EGGS_X_15_f6f0f0aa.png,/private/files/oeufs/EGGCELLENT_EGGS_X_15_f6f0f0aa.png,1,Home/Attachments,Item,EGGCELLENT_EGGS_X_15
PAIN_ROND_BRUN_X_2_PCS_1d979d00.jpeg,/private/files/pain_ordinaire/PAIN_ROND_BRUN_X_2_PCS_1d979d00.jpeg,1,Home/Attachments,Item,PAIN_ROND_BRUN_X_2_PCS
PAIN_MAISON_100GX2PCS_6e1f003f.jpeg,/private/files/pain_ordinaire/PAIN_MAISON_100GX2PCS_6e1f003f.jpeg,1,Home/Attachments,Item,PAIN_MAISON_100GX2PCS
FLUTE_BLANC_100G_X_2PCS_38923b5e.jpeg,/private/files/pain_ordinaire/FLUTE_BLANC_100G_X_2PCS_38923b5e.jpeg,1,Home/Attachments,Item,FLUTE_BLANC_100G_X_2PCS
BAGUETTE_PARISIENNE_300G_a0f24ec1.jpeg,/private/files/pain_ordinaire/BAGUETTE_PARISIENNE_300G_a0f24ec1.jpeg,1,Home/Attachments,Item,BAGUETTE_PARISIENNE_300G
MAZZA_ANCHOV_FIL_IN_S_OIL_80G_e504ed79.jpeg,/private/files/marinades/MAZZA_ANCHOV_FIL_IN_S_OIL_80G_e504ed79.jpeg,1,Home/Attachments,Item,MAZZA_ANCHOV_FIL_IN_S_OIL_80G
DOBE_DUAL_CHARGING_DOCK_TP4002_ae5ef8a9.jpeg,/private/files/micro_informatique/DOBE_DUAL_CHARGING_DOCK_TP4002_ae5ef8a9.jpeg,1,Home/Attachments,Item,DOBE_DUAL_CHARGING_DOCK_TP4002
LUMINARC_ASS_DIWALI_TURQ_25CM_a46a2519.png,/private/files/menage/LUMINARC_ASS_DIWALI_TURQ_25CM_a46a2519.png,1,Home/Attachments,Item,LUMINARC_ASS_DIWALI_TURQ_25CM
MOTHERS_CHOICE_500G_d5794bee.png,/private/files/margarine/MOTHERS_CHOICE_500G_d5794bee.png,1,Home/Attachments,Item,MOTHERS_CHOICE_500G
LURPAK_COOKSPRAY_SALTED_200ML_b7990eb2.png,/private/files/margarine/LURPAK_COOKSPRAY_SALTED_200ML_b7990eb2.png,1,Home/Attachments,Item,LURPAK_COOKSPRAY_SALTED_200ML
ST_HUBOMEGA_3_SS_SEL_250G_931865b3.png,/private/files/margarine/ST_HUBOMEGA_3_SS_SEL_250G_931865b3.png,1,Home/Attachments,Item,ST_HUBOMEGA_3_SS_SEL_250G
ST_HUB_PUR_VEGEDX_275G_931865b3.png,/private/files/margarine/ST_HUB_PUR_VEGEDX_275G_931865b3.png,1,Home/Attachments,Item,ST_HUB_PUR_VEGEDX_275G
LUMINARC_ASS_DIWALI_NOIR_25CM_62fc5eff.png,/private/files/menage/LUMINARC_ASS_DIWALI_NOIR_25CM_62fc5eff.png,1,Home/Attachments,Item,LUMINARC_ASS_DIWALI_NOIR_25CM
LUMINARC_ASS_DIWALI_BLANC_25CM_00badb90.png,/private/files/menage/LUMINARC_ASS_DIWALI_BLANC_25CM_00badb90.png,1,Home/Attachments,Item,LUMINARC_ASS_DIWALI_BLANC_25CM
LUMINARC_ASS_DIRECT_PLATE_c7b85870.png,/private/files/menage/LUMINARC_ASS_DIRECT_PLATE_c7b85870.png,1,Home/Attachments,Item,LUMINARC_ASS_DIRECT_PLATE
LUMINARC_AS_DIWALI_GRANIT_25CM_306ab9bc.png,/private/files/menage/LUMINARC_AS_DIWALI_GRANIT_25CM_306ab9bc.png,1,Home/Attachments,Item,LUMINARC_AS_DIWALI_GRANIT_25CM
LUM_PLAT_TRIANON_RT_FOUR_32X26_1cd907f0.png,/private/files/menage/LUM_PLAT_TRIANON_RT_FOUR_32X26_1cd907f0.png,1,Home/Attachments,Item,LUM_PLAT_TRIANON_RT_FOUR_32X26
LUM_PLAT_TRIANON_RC_FOUR_29X23_c54d5e16.png,/private/files/menage/LUM_PLAT_TRIANON_RC_FOUR_29X23_c54d5e16.png,1,Home/Attachments,Item,LUM_PLAT_TRIANON_RC_FOUR_29X23
LUM_PLAT_TRIANON_OV_FOUR_22X16_aaed392f.png,/private/files/menage/LUM_PLAT_TRIANON_OV_FOUR_22X16_aaed392f.png,1,Home/Attachments,Item,LUM_PLAT_TRIANON_OV_FOUR_22X16
LUM_PLAT_CARINE_RECFOUR_34X25_5510475e.png,/private/files/menage/LUM_PLAT_CARINE_RECFOUR_34X25_5510475e.png,1,Home/Attachments,Item,LUM_PLAT_CARINE_RECFOUR_34X25
LUM_PLAT_CARINE_REC_FOUR_38X28_08feadf3.png,/private/files/menage/LUM_PLAT_CARINE_REC_FOUR_38X28_08feadf3.png,1,Home/Attachments,Item,LUM_PLAT_CARINE_REC_FOUR_38X28
LUM_PLAT_CARINE_REC_FOUR_30X22_eef50e57.png,/private/files/menage/LUM_PLAT_CARINE_REC_FOUR_30X22_eef50e57.png,1,Home/Attachments,Item,LUM_PLAT_CARINE_REC_FOUR_30X22
LUM_PLAT_CARINE_CAR_FOUR_20X20_29d8f1a0.png,/private/files/menage/LUM_PLAT_CARINE_CAR_FOUR_20X20_29d8f1a0.png,1,Home/Attachments,Item,LUM_PLAT_CARINE_CAR_FOUR_20X20
LUM_PLAT_CARIN_OVAL_FOUR_38X23_10340993.png,/private/files/menage/LUM_PLAT_CARIN_OVAL_FOUR_38X23_10340993.png,1,Home/Attachments,Item,LUM_PLAT_CARIN_OVAL_FOUR_38X23
LUM_PLAT_CARIN_OVAL_FOUR_25X15_144baecd.png,/private/files/menage/LUM_PLAT_CARIN_OVAL_FOUR_25X15_144baecd.png,1,Home/Attachments,Item,LUM_PLAT_CARIN_OVAL_FOUR_25X15
DUR_PICARDIE_GR_TUMBLER_6X31CL_931865b3.png,/private/files/menage/DUR_PICARDIE_GR_TUMBLER_6X31CL_931865b3.png,1,Home/Attachments,Item,DUR_PICARDIE_GR_TUMBLER_6X31CL
DUR_MANHATT_GRD_TUMBLER_6X31CL_931865b3.png,/private/files/menage/DUR_MANHATT_GRD_TUMBLER_6X31CL_931865b3.png,1,Home/Attachments,Item,DUR_MANHATT_GRD_TUMBLER_6X31CL
DUR_MANHATT_GRIGHBALL_6X305CL_931865b3.png,/private/files/menage/DUR_MANHATT_GRIGHBALL_6X305CL_931865b3.png,1,Home/Attachments,Item,DUR_MANHATT_GRIGHBALL_6X305CL
DOBE_CONTROLLER_GRIP_TNS_851B_52343d1e.jpeg,/private/files/micro_informatique/DOBE_CONTROLLER_GRIP_TNS_851B_52343d1e.jpeg,1,Home/Attachments,Item,DOBE_CONTROLLER_GRIP_TNS_851B
DMZ_10D_KIDS_HEADSET_9bd823d3.jpeg,/private/files/micro_informatique/DMZ_10D_KIDS_HEADSET_9bd823d3.jpeg,1,Home/Attachments,Item,DMZ_10D_KIDS_HEADSET
DESKTOP_STAND_X11_34c3f023.jpeg,/private/files/micro_informatique/DESKTOP_STAND_X11_34c3f023.jpeg,1,Home/Attachments,Item,DESKTOP_STAND_X11
D35_BEAUTY_LIVE_SQ_RINGLIGHT_85758230.jpeg,/private/files/micro_informatique/D35_BEAUTY_LIVE_SQ_RINGLIGHT_85758230.jpeg,1,Home/Attachments,Item,D35_BEAUTY_LIVE_SQ_RINGLIGHT
MFUNCTION_TV_REMOTE_CONTROL_476584fb.jpeg,/private/files/micro_informatique/MFUNCTION_TV_REMOTE_CONTROL_476584fb.jpeg,1,Home/Attachments,Item,MFUNCTION_TV_REMOTE_CONTROL
CHAOBA_HAIR_DRYER_2800_999889d8.jpeg,/private/files/micro_informatique/CHAOBA_HAIR_DRYER_2800_999889d8.jpeg,1,Home/Attachments,Item,CHAOBA_HAIR_DRYER_2800
CELEBRAT_STEREO_EARPHONE_D2_9713a45a.jpeg,/private/files/micro_informatique/CELEBRAT_STEREO_EARPHONE_D2_9713a45a.jpeg,1,Home/Attachments,Item,CELEBRAT_STEREO_EARPHONE_D2
CEL_SECURE_FAST_DATA_CABLE_FLY_52878983.jpeg,/private/files/micro_informatique/CEL_SECURE_FAST_DATA_CABLE_FLY_52878983.jpeg,1,Home/Attachments,Item,CEL_SECURE_FAST_DATA_CABLE_FLY
CELEBRAT_C9_EARPHONE_f6a741ab.jpeg,/private/files/micro_informatique/CELEBRAT_C9_EARPHONE_f6a741ab.jpeg,1,Home/Attachments,Item,CELEBRAT_C9_EARPHONE
CELEBRAT_35_AUX_AUDIO_CABLE_aab3bc62.jpeg,/private/files/micro_informatique/CELEBRAT_35_AUX_AUDIO_CABLE_aab3bc62.jpeg,1,Home/Attachments,Item,CELEBRAT_35_AUX_AUDIO_CABLE
CELEBRAT_1000M_DATA_CABLE_CB09_ae786b0f.jpeg,/private/files/micro_informatique/CELEBRAT_1000M_DATA_CABLE_CB09_ae786b0f.jpeg,1,Home/Attachments,Item,CELEBRAT_1000M_DATA_CABLE_CB09
CAR_HOLDER__X38_9359151c.jpeg,/private/files/micro_informatique/CAR_HOLDER__X38_9359151c.jpeg,1,Home/Attachments,Item,CAR_HOLDER__X38
CAR_FOLDING_VACCUM_CLEANER_V1_0810ff75.jpeg,/private/files/micro_informatique/CAR_FOLDING_VACCUM_CLEANER_V1_0810ff75.jpeg,1,Home/Attachments,Item,CAR_FOLDING_VACCUM_CLEANER_V1
CAR_CHARGER_C_833_56a1d4df.jpeg,/private/files/micro_informatique/CAR_CHARGER_C_833_56a1d4df.jpeg,1,Home/Attachments,Item,CAR_CHARGER_C_833
AWEI_SPEAKER_Y520_36b261de.jpeg,/private/files/micro_informatique/AWEI_SPEAKER_Y520_36b261de.jpeg,1,Home/Attachments,Item,AWEI_SPEAKER_Y520
AWEI_HAIR_DRYER_DS1_7943f540.jpeg,/private/files/micro_informatique/AWEI_HAIR_DRYER_DS1_7943f540.jpeg,1,Home/Attachments,Item,AWEI_HAIR_DRYER_DS1
ANDROID_BOX_MXQPRO_4K_5G_cbef1053.jpeg,/private/files/micro_informatique/ANDROID_BOX_MXQPRO_4K_5G_cbef1053.jpeg,1,Home/Attachments,Item,ANDROID_BOX_MXQPRO_4K_5G
ADJUSTABLE_LAPTOP_STAND_OT155_021441a8.png,/private/files/micro_informatique/ADJUSTABLE_LAPTOP_STAND_OT155_021441a8.png,1,Home/Attachments,Item,ADJUSTABLE_LAPTOP_STAND_OT155
4IN1_USB_C_5GBPS_HUB_H1208B_08685bc7.png,/private/files/micro_informatique/4IN1_USB_C_5GBPS_HUB_H1208B_08685bc7.png,1,Home/Attachments,Item,4IN1_USB_C_5GBPS_HUB_H1208B
ADAPTER_USB_CABLE_25W_PD_595aa3f1.jpeg,/private/files/micro_informatique/ADAPTER_USB_CABLE_25W_PD_595aa3f1.jpeg,1,Home/Attachments,Item,ADAPTER_USB_CABLE_25W_PD
2_PORT_WALL_CHARGER_USBAC_20W_ba700387.png,/private/files/micro_informatique/2_PORT_WALL_CHARGER_USBAC_20W_ba700387.png,1,Home/Attachments,Item,2_PORT_WALL_CHARGER_USBAC_20W
CO_COTEAUX_D_LAY_CS_HV_BL_75CL_931865b3.png,/private/files/liquide/CO_COTEAUX_D_LAY_CS_HV_BL_75CL_931865b3.png,1,Home/Attachments,Item,CO_COTEAUX_D_LAY_CS_HV_BL_75CL
6PCS_RIBBON_BOW_SHINING_81af2b01.jpeg,/private/files/librairiepapeteriebagage/6PCS_RIBBON_BOW_SHINING_81af2b01.jpeg,1,Home/Attachments,Item,6PCS_RIBBON_BOW_SHINING
PAPER_BAG_S_931865b3.png,/private/files/librairie/PAPER_BAG_S_931865b3.png,1,Home/Attachments,Item,PAPER_BAG_S
ATOZ_TOMATE_CERISES_931865b3.png,/private/files/legumes_frais/ATOZ_TOMATE_CERISES_931865b3.png,1,Home/Attachments,Item,ATOZ_TOMATE_CERISES
ATOZ_POIVRON_ECOPACK_931865b3.png,/private/files/legumes_frais/ATOZ_POIVRON_ECOPACK_931865b3.png,1,Home/Attachments,Item,ATOZ_POIVRON_ECOPACK
EMBORG_SLCED_MUSHROOM_450G_dc03e996.png,/private/files/legumes_surgeles/EMBORG_SLCED_MUSHROOM_450G_dc03e996.png,1,Home/Attachments,Item,EMBORG_SLCED_MUSHROOM_450G
EMBORG_EDAMAME_SOYBEANS_400G_03699594.png,/private/files/legumes_surgeles/EMBORG_EDAMAME_SOYBEANS_400G_03699594.png,1,Home/Attachments,Item,EMBORG_EDAMAME_SOYBEANS_400G
EMBORG_CAULIFLOWER_RICE_450G_7e8839e5.png,/private/files/legumes_surgeles/EMBORG_CAULIFLOWER_RICE_450G_7e8839e5.png,1,Home/Attachments,Item,EMBORG_CAULIFLOWER_RICE_450G
EMBORG_BROCCOLI_FLORETS_450G_6e7b8750.png,/private/files/legumes_surgeles/EMBORG_BROCCOLI_FLORETS_450G_6e7b8750.png,1,Home/Attachments,Item,EMBORG_BROCCOLI_FLORETS_450G
DAUCY_MELANGE_MEXICAIN_1KG_c9f8c25d.png,/private/files/legumes_surgeles/DAUCY_MELANGE_MEXICAIN_1KG_c9f8c25d.png,1,Home/Attachments,Item,DAUCY_MELANGE_MEXICAIN_1KG
DATSCHAUB_GREEN_BEANS_450G_1a54bbaf.png,/private/files/legumes_surgeles/DATSCHAUB_GREEN_BEANS_450G_1a54bbaf.png,1,Home/Attachments,Item,DATSCHAUB_GREEN_BEANS_450G
DATSCHAUB_GARDEN_PEAS_450G_4622b839.png,/private/files/legumes_surgeles/DATSCHAUB_GARDEN_PEAS_450G_4622b839.png,1,Home/Attachments,Item,DATSCHAUB_GARDEN_PEAS_450G
CDREAM_ASPERGES_VERTE_EN_1KG_ecd54d95.jpeg,/private/files/legumes_surgeles/CDREAM_ASPERGES_VERTE_EN_1KG_ecd54d95.jpeg,1,Home/Attachments,Item,CDREAM_ASPERGES_VERTE_EN_1KG
BONDUELLE_CHOUX_FLEURS_1KG_d5f68db7.png,/private/files/legumes_surgeles/BONDUELLE_CHOUX_FLEURS_1KG_d5f68db7.png,1,Home/Attachments,Item,BONDUELLE_CHOUX_FLEURS_1KG
ARDO_WOK_MIX_400G_ddac76c5.png,/private/files/legumes_surgeles/ARDO_WOK_MIX_400G_ddac76c5.png,1,Home/Attachments,Item,ARDO_WOK_MIX_400G
ARDO_GARDEN_PEASCARROTS_400G_f7c14552.png,/private/files/legumes_surgeles/ARDO_GARDEN_PEASCARROTS_400G_f7c14552.png,1,Home/Attachments,Item,ARDO_GARDEN_PEASCARROTS_400G
ARDO_GARDEN_PEAS_MEDIUM_400G_9c77417a.png,/private/files/legumes_surgeles/ARDO_GARDEN_PEAS_MEDIUM_400G_9c77417a.png,1,Home/Attachments,Item,ARDO_GARDEN_PEAS_MEDIUM_400G
ARDO_CUT_GREEN_BEANS_400G_55919764.png,/private/files/legumes_surgeles/ARDO_CUT_GREEN_BEANS_400G_55919764.png,1,Home/Attachments,Item,ARDO_CUT_GREEN_BEANS_400G
ARDO_CAULIFLOWER_FLORETS_400G_0e0a7740.png,/private/files/legumes_surgeles/ARDO_CAULIFLOWER_FLORETS_400G_0e0a7740.png,1,Home/Attachments,Item,ARDO_CAULIFLOWER_FLORETS_400G
ATOZ_CAROTTE_1KG_ECONOPACK_0bf7848f.jpeg,/private/files/legumes_frais/ATOZ_CAROTTE_1KG_ECONOPACK_0bf7848f.jpeg,1,Home/Attachments,Item,ATOZ_CAROTTE_1KG_ECONOPACK
ATOZ_BABY_FENNEL_200G_931865b3.png,/private/files/legumes_frais/ATOZ_BABY_FENNEL_200G_931865b3.png,1,Home/Attachments,Item,ATOZ_BABY_FENNEL_200G
ATOZ_ASPARAGUS_125G_931865b3.png,/private/files/legumes_frais/ATOZ_ASPARAGUS_125G_931865b3.png,1,Home/Attachments,Item,ATOZ_ASPARAGUS_125G
ANGIVES_BQT_931865b3.png,/private/files/legumes_frais/ANGIVES_BQT_931865b3.png,1,Home/Attachments,Item,ANGIVES_BQT
AIL_FILLETX5SHIBOO_f052dd14.jpeg,/private/files/legumes_frais/AIL_FILLETX5SHIBOO_f052dd14.jpeg,1,Home/Attachments,Item,AIL_FILLETX5SHIBOO
AIL_BQT_016e96b6.jpeg,/private/files/legumes_frais/AIL_BQT_016e96b6.jpeg,1,Home/Attachments,Item,AIL_BQT
ACHARD_PIMENT_CAROTTE_931865b3.png,/private/files/legumes_frais/ACHARD_PIMENT_CAROTTE_931865b3.png,1,Home/Attachments,Item,ACHARD_PIMENT_CAROTTE
ACHARD_PIM_CAROT_POMME_40740636.png,/private/files/legumes_frais/ACHARD_PIM_CAROT_POMME_40740636.png,1,Home/Attachments,Item,ACHARD_PIM_CAROT_POMME
A_TO_Z_CONCOMBRE_VERT_d4aab6c6.png,/private/files/legumes_frais/A_TO_Z_CONCOMBRE_VERT_d4aab6c6.png,1,Home/Attachments,Item,A_TO_Z_CONCOMBRE_VERT
SKC_BUTTERNUT_BQT_SLICE_931865b3.png,/private/files/legumes_frais/SKC_BUTTERNUT_BQT_SLICE_931865b3.png,1,Home/Attachments,Item,SKC_BUTTERNUT_BQT_SLICE
SAFRAN_FILLET_125G_931865b3.png,/private/files/legumes_frais/SAFRAN_FILLET_125G_931865b3.png,1,Home/Attachments,Item,SAFRAN_FILLET_125G
POIVRON_VERT_PLASTIFIER_931865b3.png,/private/files/legumes_frais/POIVRON_VERT_PLASTIFIER_931865b3.png,1,Home/Attachments,Item,POIVRON_VERT_PLASTIFIER
CHAMPIGNON_PLEUROTTE_MB_125G_931865b3.png,/private/files/legumes_frais/CHAMPIGNON_PLEUROTTE_MB_125G_931865b3.png,1,Home/Attachments,Item,CHAMPIGNON_PLEUROTTE_MB_125G
BREDE_SONGE_NOIR_BQT_931865b3.png,/private/files/legumes_frais/BREDE_SONGE_NOIR_BQT_931865b3.png,1,Home/Attachments,Item,BREDE_SONGE_NOIR_BQT
PAPER_BAG_M_931865b3.png,/private/files/librairie/PAPER_BAG_M_931865b3.png,1,Home/Attachments,Item,PAPER_BAG_M
PAPER_BAG_L_931865b3.png,/private/files/librairie/PAPER_BAG_L_931865b3.png,1,Home/Attachments,Item,PAPER_BAG_L
PAPER_BAG_BOTTLE_931865b3.png,/private/files/librairie/PAPER_BAG_BOTTLE_931865b3.png,1,Home/Attachments,Item,PAPER_BAG_BOTTLE
PAPER_BAG_33X26X12CM_931865b3.png,/private/files/librairie/PAPER_BAG_33X26X12CM_931865b3.png,1,Home/Attachments,Item,PAPER_BAG_33X26X12CM
PAPER_BAG_27X21X11CM_931865b3.png,/private/files/librairie/PAPER_BAG_27X21X11CM_931865b3.png,1,Home/Attachments,Item,PAPER_BAG_27X21X11CM
PAPER_BAG_25X12_5X31__5CM_931865b3.png,/private/files/librairie/PAPER_BAG_25X12_5X31__5CM_931865b3.png,1,Home/Attachments,Item,PAPER_BAG_25X12_5X31__5CM
PAPER_BAG_21_5_X_15_X_8_931865b3.png,/private/files/librairie/PAPER_BAG_21_5_X_15_X_8_931865b3.png,1,Home/Attachments,Item,PAPER_BAG_21_5_X_15_X_8
PAPER_BAG_19X27X9CM_931865b3.png,/private/files/librairie/PAPER_BAG_19X27X9CM_931865b3.png,1,Home/Attachments,Item,PAPER_BAG_19X27X9CM
PAPER_BAG_12__5X16__5X6CM_931865b3.png,/private/files/librairie/PAPER_BAG_12__5X16__5X6CM_931865b3.png,1,Home/Attachments,Item,PAPER_BAG_12__5X16__5X6CM
LARGE_CARD_C_50_5a13bebf.jpeg,/private/files/librairie/LARGE_CARD_C_50_5a13bebf.jpeg,1,Home/Attachments,Item,LARGE_CARD_C_50
GIFT_WRAP_2MX70CM_HOT_METAL_2462d5ba.webp,/private/files/librairie/GIFT_WRAP_2MX70CM_HOT_METAL_2462d5ba.webp,1,Home/Attachments,Item,GIFT_WRAP_2MX70CM_HOT_METAL
GIFT_WRAP_2MX70CM_EVERYDAY_5734ddaf.webp,/private/files/librairie/GIFT_WRAP_2MX70CM_EVERYDAY_5734ddaf.webp,1,Home/Attachments,Item,GIFT_WRAP_2MX70CM_EVERYDAY
GIFT_BAG_XL_PLAIN_61c4c5e0.png,/private/files/librairie/GIFT_BAG_XL_PLAIN_61c4c5e0.png,1,Home/Attachments,Item,GIFT_BAG_XL_PLAIN
GIFT_BAG_XL_MOTIF_931865b3.png,/private/files/librairie/GIFT_BAG_XL_MOTIF_931865b3.png,1,Home/Attachments,Item,GIFT_BAG_XL_MOTIF
GIFT_BAG_MEDIUM_MANDALA_THEME_8684a0f7.png,/private/files/librairie/GIFT_BAG_MEDIUM_MANDALA_THEME_8684a0f7.png,1,Home/Attachments,Item,GIFT_BAG_MEDIUM_MANDALA_THEME
GIFT_BAG_LARGE_MANDALA_THEME_e4465d35.png,/private/files/librairie/GIFT_BAG_LARGE_MANDALA_THEME_e4465d35.png,1,Home/Attachments,Item,GIFT_BAG_LARGE_MANDALA_THEME
GIFT_BAG_LARGE_MOTIF_931865b3.png,/private/files/librairie/GIFT_BAG_LARGE_MOTIF_931865b3.png,1,Home/Attachments,Item,GIFT_BAG_LARGE_MOTIF
12PCS_RIBBON_BOW_SHINING_SMAL_07d786c8.webp,/private/files/librairiepapeteriebagage/12PCS_RIBBON_BOW_SHINING_SMAL_07d786c8.webp,1,Home/Attachments,Item,12PCS_RIBBON_BOW_SHINING_SMAL
CO_CDR_VILLAGES_HVE_CS_RG_75CL_931865b3.png,/private/files/liquide/CO_CDR_VILLAGES_HVE_CS_RG_75CL_931865b3.png,1,Home/Attachments,Item,CO_CDR_VILLAGES_HVE_CS_RG_75CL
CO_CHABLIS_CS_BL_75CL_931865b3.png,/private/files/liquide/CO_CHABLIS_CS_BL_75CL_931865b3.png,1,Home/Attachments,Item,CO_CHABLIS_CS_BL_75CL
CO_BGNE_PINOT_NOIR_CS_RG_75CL_931865b3.png,/private/files/liquide/CO_BGNE_PINOT_NOIR_CS_RG_75CL_931865b3.png,1,Home/Attachments,Item,CO_BGNE_PINOT_NOIR_CS_RG_75CL
CO_BOURGOGNE_HCN_CS_ROUGE_75CL_931865b3.png,/private/files/liquide/CO_BOURGOGNE_HCN_CS_ROUGE_75CL_931865b3.png,1,Home/Attachments,Item,CO_BOURGOGNE_HCN_CS_ROUGE_75CL
CO_BOURGOGNE_CS_BL_75CL_931865b3.png,/private/files/liquide/CO_BOURGOGNE_CS_BL_75CL_931865b3.png,1,Home/Attachments,Item,CO_BOURGOGNE_CS_BL_75CL
CO_BDX_SUP_RG_MIL_75CL_931865b3.png,/private/files/liquide/CO_BDX_SUP_RG_MIL_75CL_931865b3.png,1,Home/Attachments,Item,CO_BDX_SUP_RG_MIL_75CL
CO_BORDEAUX_ROSE_CS_HVE_75CL_931865b3.png,/private/files/liquide/CO_BORDEAUX_ROSE_CS_HVE_75CL_931865b3.png,1,Home/Attachments,Item,CO_BORDEAUX_ROSE_CS_HVE_75CL
CO_BLAYE_CH_LESCAT_RG_75CL_931865b3.png,/private/files/liquide/CO_BLAYE_CH_LESCAT_RG_75CL_931865b3.png,1,Home/Attachments,Item,CO_BLAYE_CH_LESCAT_RG_75CL
CO_BEN_MTIR_RG_CS_75CL_931865b3.png,/private/files/liquide/CO_BEN_MTIR_RG_CS_75CL_931865b3.png,1,Home/Attachments,Item,CO_BEN_MTIR_RG_CS_75CL
CO_BEN_MTIR_GRIS_CS_75CL_931865b3.png,/private/files/liquide/CO_BEN_MTIR_GRIS_CS_75CL_931865b3.png,1,Home/Attachments,Item,CO_BEN_MTIR_GRIS_CS_75CL
CO_TONIC_150CL_931865b3.png,/private/files/liquide/CO_TONIC_150CL_931865b3.png,1,Home/Attachments,Item,CO_TONIC_150CL
CO_SIROP_THE_PECHE_BIDON_75CL_931865b3.png,/private/files/liquide/CO_SIROP_THE_PECHE_BIDON_75CL_931865b3.png,1,Home/Attachments,Item,CO_SIROP_THE_PECHE_BIDON_75CL
CO_SIROP_ORANGE_75CL_931865b3.png,/private/files/liquide/CO_SIROP_ORANGE_75CL_931865b3.png,1,Home/Attachments,Item,CO_SIROP_ORANGE_75CL
CO_SIROP_CASSIS_BIDON_75CL_931865b3.png,/private/files/liquide/CO_SIROP_CASSIS_BIDON_75CL_931865b3.png,1,Home/Attachments,Item,CO_SIROP_CASSIS_BIDON_75CL
CO_AM_NECT_MULTI_BRIK_1L_931865b3.png,/private/files/liquide/CO_AM_NECT_MULTI_BRIK_1L_931865b3.png,1,Home/Attachments,Item,CO_AM_NECT_MULTI_BRIK_1L
CO_LIMONADE_LIGHT_15L_931865b3.png,/private/files/liquide/CO_LIMONADE_LIGHT_15L_931865b3.png,1,Home/Attachments,Item,CO_LIMONADE_LIGHT_15L
CO_LIMONADE_15L_931865b3.png,/private/files/liquide/CO_LIMONADE_15L_931865b3.png,1,Home/Attachments,Item,CO_LIMONADE_15L
CO_JUS_PAMPLEMOUSSE_BRIK_1L_961376cc.png,/private/files/liquide/CO_JUS_PAMPLEMOUSSE_BRIK_1L_961376cc.png,1,Home/Attachments,Item,CO_JUS_PAMPLEMOUSSE_BRIK_1L
CO_JUS_ORANGE_BRIK_1L_931865b3.png,/private/files/liquide/CO_JUS_ORANGE_BRIK_1L_931865b3.png,1,Home/Attachments,Item,CO_JUS_ORANGE_BRIK_1L
CO_JUS_ABC_MULTI_BRIK_1L_931865b3.png,/private/files/liquide/CO_JUS_ABC_MULTI_BRIK_1L_931865b3.png,1,Home/Attachments,Item,CO_JUS_ABC_MULTI_BRIK_1L
CO_CREME_DE_PECHE_15D_50CL_931865b3.png,/private/files/liquide/CO_CREME_DE_PECHE_15D_50CL_931865b3.png,1,Home/Attachments,Item,CO_CREME_DE_PECHE_15D_50CL
CO_CREME_DE_MURE_15D_50CL_931865b3.png,/private/files/liquide/CO_CREME_DE_MURE_15D_50CL_931865b3.png,1,Home/Attachments,Item,CO_CREME_DE_MURE_15D_50CL
CO_CREME_CASSIS_15D_70CL_931865b3.png,/private/files/liquide/CO_CREME_CASSIS_15D_70CL_931865b3.png,1,Home/Attachments,Item,CO_CREME_CASSIS_15D_70CL
CO_AMER_BIERE_18D_1L_931865b3.png,/private/files/liquide/CO_AMER_BIERE_18D_1L_931865b3.png,1,Home/Attachments,Item,CO_AMER_BIERE_18D_1L
TRPICAL_TUNA_SLID_IN_OIL_170G_e062196c.png,/private/files/kraft_250g_cheddar_cheese/TRPICAL_TUNA_SLID_IN_OIL_170G_e062196c.png,1,Home/Attachments,Item,TRPICAL_TUNA_SLID_IN_OIL_170G
TROPICAL_FLAKES_IN_OIL_170G_5197286b.png,/private/files/kraft_250g_cheddar_cheese/TROPICAL_FLAKES_IN_OIL_170G_5197286b.png,1,Home/Attachments,Item,TROPICAL_FLAKES_IN_OIL_170G
SQUEEZIT_PINEAPLE_JUICE_1L_529d673b.jpeg,/private/files/jus_et_nectar_fruits_frais/SQUEEZIT_PINEAPLE_JUICE_1L_529d673b.jpeg,1,Home/Attachments,Item,SQUEEZIT_PINEAPLE_JUICE_1L
SQUEEZIT_PEACH_APRI_JUICE_1L_88229c9e.jpeg,/private/files/jus_et_nectar_fruits_frais/SQUEEZIT_PEACH_APRI_JUICE_1L_88229c9e.jpeg,1,Home/Attachments,Item,SQUEEZIT_PEACH_APRI_JUICE_1L
SQUEEZIT_ORANGE_JUICE_1L_f3a909f5.jpeg,/private/files/jus_et_nectar_fruits_frais/SQUEEZIT_ORANGE_JUICE_1L_f3a909f5.jpeg,1,Home/Attachments,Item,SQUEEZIT_ORANGE_JUICE_1L
SQUEEZIT_MANGO_JUICE_1L_f54f0022.jpeg,/private/files/jus_et_nectar_fruits_frais/SQUEEZIT_MANGO_JUICE_1L_f54f0022.jpeg,1,Home/Attachments,Item,SQUEEZIT_MANGO_JUICE_1L
SQUEEZIT_GRAPEFRUIT_JUICE_1L_d116f66a.jpeg,/private/files/jus_et_nectar_fruits_frais/SQUEEZIT_GRAPEFRUIT_JUICE_1L_d116f66a.jpeg,1,Home/Attachments,Item,SQUEEZIT_GRAPEFRUIT_JUICE_1L
SQUEEZIT_EXOTIC_JUICE_1L_755498d7.jpeg,/private/files/jus_et_nectar_fruits_frais/SQUEEZIT_EXOTIC_JUICE_1L_755498d7.jpeg,1,Home/Attachments,Item,SQUEEZIT_EXOTIC_JUICE_1L
SQUEEZIT_APPLE_JUICE_1L_2e7232dd.jpeg,/private/files/jus_et_nectar_fruits_frais/SQUEEZIT_APPLE_JUICE_1L_2e7232dd.jpeg,1,Home/Attachments,Item,SQUEEZIT_APPLE_JUICE_1L
FRUITOPIE_TROPICAL_250ML_fb7d98b0.jpeg,/private/files/jus_et_nectar_fruits_frais/FRUITOPIE_TROPICAL_250ML_fb7d98b0.jpeg,1,Home/Attachments,Item,FRUITOPIE_TROPICAL_250ML
FRUITOPIE_TROPICAL_1L_1528ee0c.png,/private/files/jus_et_nectar_fruits_frais/FRUITOPIE_TROPICAL_1L_1528ee0c.png,1,Home/Attachments,Item,FRUITOPIE_TROPICAL_1L
FRUITOPIE_POMEGRANATE_250ML_8445d496.jpeg,/private/files/jus_et_nectar_fruits_frais/FRUITOPIE_POMEGRANATE_250ML_8445d496.jpeg,1,Home/Attachments,Item,FRUITOPIE_POMEGRANATE_250ML
FRUITOPIE_ORANGE_250ML_0f9fa15f.jpeg,/private/files/jus_et_nectar_fruits_frais/FRUITOPIE_ORANGE_250ML_0f9fa15f.jpeg,1,Home/Attachments,Item,FRUITOPIE_ORANGE_250ML
FRUITOPIE_ORANGE_1L_f02534e1.png,/private/files/jus_et_nectar_fruits_frais/FRUITOPIE_ORANGE_1L_f02534e1.png,1,Home/Attachments,Item,FRUITOPIE_ORANGE_1L
FRUITOPIE_MANGO_1L_bc6c41ea.png,/private/files/jus_et_nectar_fruits_frais/FRUITOPIE_MANGO_1L_bc6c41ea.png,1,Home/Attachments,Item,FRUITOPIE_MANGO_1L
FRUITOPIE_CRANBERRY_1L_e783a03f.jpeg,/private/files/jus_et_nectar_fruits_frais/FRUITOPIE_CRANBERRY_1L_e783a03f.jpeg,1,Home/Attachments,Item,FRUITOPIE_CRANBERRY_1L
FRUITOPIE_CRANB250ML_72d95c03.jpeg,/private/files/jus_et_nectar_fruits_frais/FRUITOPIE_CRANB250ML_72d95c03.jpeg,1,Home/Attachments,Item,FRUITOPIE_CRANB250ML
PASCUAL_CMOCAY_ESPRESSO_200ML_4f51a708.jpeg,/private/files/lait_frais/PASCUAL_CMOCAY_ESPRESSO_200ML_4f51a708.jpeg,1,Home/Attachments,Item,PASCUAL_CMOCAY_ESPRESSO_200ML
PASCUAL_CMOCAY_CAPPUC_200ML_24eac929.jpeg,/private/files/lait_frais/PASCUAL_CMOCAY_CAPPUC_200ML_24eac929.jpeg,1,Home/Attachments,Item,PASCUAL_CMOCAY_CAPPUC_200ML
MLMCFL_FRCOW_MILK_POUCH_500ML_8c1909b5.jpeg,/private/files/lait_frais/MLMCFL_FRCOW_MILK_POUCH_500ML_8c1909b5.jpeg,1,Home/Attachments,Item,MLMCFL_FRCOW_MILK_POUCH_500ML
MILO_ORIG_ACTIVGO_RTD_240ML_ab820cbf.png,/private/files/lait_frais/MILO_ORIG_ACTIVGO_RTD_240ML_ab820cbf.png,1,Home/Attachments,Item,MILO_ORIG_ACTIVGO_RTD_240ML
MILAIT_LAIT_BADAM_PIST_250ML_1d6cd330.png,/private/files/lait_frais/MILAIT_LAIT_BADAM_PIST_250ML_1d6cd330.png,1,Home/Attachments,Item,MILAIT_LAIT_BADAM_PIST_250ML
STARBUCKS_NOISETMCHIAT_220ML_931865b3.png,/private/files/lait_frais/STARBUCKS_NOISETMCHIAT_220ML_931865b3.png,1,Home/Attachments,Item,STARBUCKS_NOISETMCHIAT_220ML
SOJASUN_PLAISVANILLE_4X100G_931865b3.png,/private/files/lait_frais/SOJASUN_PLAISVANILLE_4X100G_931865b3.png,1,Home/Attachments,Item,SOJASUN_PLAISVANILLE_4X100G
SOJASUN_PLAISCHOCO_4X100G_931865b3.png,/private/files/lait_frais/SOJASUN_PLAISCHOCO_4X100G_931865b3.png,1,Home/Attachments,Item,SOJASUN_PLAISCHOCO_4X100G
SOJASUN_CITRON_4X100G_931865b3.png,/private/files/lait_frais/SOJASUN_CITRON_4X100G_931865b3.png,1,Home/Attachments,Item,SOJASUN_CITRON_4X100G
SOJASUN_FIGUES_4X100G_931865b3.png,/private/files/lait_frais/SOJASUN_FIGUES_4X100G_931865b3.png,1,Home/Attachments,Item,SOJASUN_FIGUES_4X100G
B_MAGIC_LESS_LIQ_3L_LAVENDER_5339d195.jpg,/private/files/lavage/B_MAGIC_LESS_LIQ_3L_LAVENDER_5339d195.jpg,1,Home/Attachments,Item,B_MAGIC_LESS_LIQ_3L_LAVENDER
B_MAGIC_LESS_LIQ_3L_JASMINE_ec4fa133.jpg,/private/files/lavage/B_MAGIC_LESS_LIQ_3L_JASMINE_ec4fa133.jpg,1,Home/Attachments,Item,B_MAGIC_LESS_LIQ_3L_JASMINE
BIOVIE_LESS_MAIN_LAVAND_200ML_61f033e3.webp,/private/files/lavage/BIOVIE_LESS_MAIN_LAVAND_200ML_61f033e3.webp,1,Home/Attachments,Item,BIOVIE_LESS_MAIN_LAVAND_200ML
BIOVIE_DETAC_LINGE_PERCAB_350G_931865b3.png,/private/files/lavage/BIOVIE_DETAC_LINGE_PERCAB_350G_931865b3.png,1,Home/Attachments,Item,BIOVIE_DETAC_LINGE_PERCAB_350G
BIOVIE_ASSOUP_CONC_ALOE_VER_1L_931865b3.png,/private/files/lavage/BIOVIE_ASSOUP_CONC_ALOE_VER_1L_931865b3.png,1,Home/Attachments,Item,BIOVIE_ASSOUP_CONC_ALOE_VER_1L
ARIEL_LIQUID_TOD_2_5LT_931865b3.png,/private/files/lavage/ARIEL_LIQUID_TOD_2_5LT_931865b3.png,1,Home/Attachments,Item,ARIEL_LIQUID_TOD_2_5LT
ARIEL_LIQUID_LAVENDER_2_5L_931865b3.png,/private/files/lavage/ARIEL_LIQUID_LAVENDER_2_5L_931865b3.png,1,Home/Attachments,Item,ARIEL_LIQUID_LAVENDER_2_5L
MIMIL_PET_FOOD_TUNA_WATER_170G_e3c4fb6d.png,/private/files/julies_dark_choco_vanille_120g/MIMIL_PET_FOOD_TUNA_WATER_170G_e3c4fb6d.png,1,Home/Attachments,Item,MIMIL_PET_FOOD_TUNA_WATER_170G
CAMPING_BISTRO_2_STOVE_be55a767.jpeg,/private/files/jouets_loisirs/CAMPING_BISTRO_2_STOVE_be55a767.jpeg,1,Home/Attachments,Item,CAMPING_BISTRO_2_STOVE
PLANT_DILL_ANETH_931865b3.png,/private/files/fleurs_plantes/PLANT_DILL_ANETH_931865b3.png,1,Home/Attachments,Item,PLANT_DILL_ANETH
PLANT_CURRY_LEAVES_931865b3.png,/private/files/fleurs_plantes/PLANT_CURRY_LEAVES_931865b3.png,1,Home/Attachments,Item,PLANT_CURRY_LEAVES
PLANT_CURRY_931865b3.png,/private/files/fleurs_plantes/PLANT_CURRY_931865b3.png,1,Home/Attachments,Item,PLANT_CURRY
PLANT_CUPHEA_32e7d53a.jpeg,/private/files/fleurs_plantes/PLANT_CUPHEA_32e7d53a.jpeg,1,Home/Attachments,Item,PLANT_CUPHEA
PLANT_CORONSOL_931865b3.png,/private/files/fleurs_plantes/PLANT_CORONSOL_931865b3.png,1,Home/Attachments,Item,PLANT_CORONSOL
PLANT_CORIANDER_931865b3.png,/private/files/fleurs_plantes/PLANT_CORIANDER_931865b3.png,1,Home/Attachments,Item,PLANT_CORIANDER
PLANT_CITRONELLA_931865b3.png,/private/files/fleurs_plantes/PLANT_CITRONELLA_931865b3.png,1,Home/Attachments,Item,PLANT_CITRONELLA
PLANT_CHRYSANTHEME_NAIN_931865b3.png,/private/files/fleurs_plantes/PLANT_CHRYSANTHEME_NAIN_931865b3.png,1,Home/Attachments,Item,PLANT_CHRYSANTHEME_NAIN
PLANT_CHRYSANTHEME_931865b3.png,/private/files/fleurs_plantes/PLANT_CHRYSANTHEME_931865b3.png,1,Home/Attachments,Item,PLANT_CHRYSANTHEME
PLANT_CHILLI_931865b3.png,/private/files/fleurs_plantes/PLANT_CHILLI_931865b3.png,1,Home/Attachments,Item,PLANT_CHILLI
PLANT_CHERRY_TOMATO_931865b3.png,/private/files/fleurs_plantes/PLANT_CHERRY_TOMATO_931865b3.png,1,Home/Attachments,Item,PLANT_CHERRY_TOMATO
PLANT_CELERICELERY_931865b3.png,/private/files/fleurs_plantes/PLANT_CELERICELERY_931865b3.png,1,Home/Attachments,Item,PLANT_CELERICELERY
PLANT_BAUME_DU_PEROU_931865b3.png,/private/files/fleurs_plantes/PLANT_BAUME_DU_PEROU_931865b3.png,1,Home/Attachments,Item,PLANT_BAUME_DU_PEROU
PLANT_BASILIC_931865b3.png,/private/files/fleurs_plantes/PLANT_BASILIC_931865b3.png,1,Home/Attachments,Item,PLANT_BASILIC
PLANT_AYAPANA_931865b3.png,/private/files/fleurs_plantes/PLANT_AYAPANA_931865b3.png,1,Home/Attachments,Item,PLANT_AYAPANA
PLANT_ARAUCARIA_931865b3.png,/private/files/fleurs_plantes/PLANT_ARAUCARIA_931865b3.png,1,Home/Attachments,Item,PLANT_ARAUCARIA
PLANT_ALTERNANTERA_931865b3.png,/private/files/fleurs_plantes/PLANT_ALTERNANTERA_931865b3.png,1,Home/Attachments,Item,PLANT_ALTERNANTERA
BOUQUET_REF_NO_010_931865b3.png,/private/files/fleurs_plantes/BOUQUET_REF_NO_010_931865b3.png,1,Home/Attachments,Item,BOUQUET_REF_NO_010
BOUQUET_REF_NO_007_931865b3.png,/private/files/fleurs_plantes/BOUQUET_REF_NO_007_931865b3.png,1,Home/Attachments,Item,BOUQUET_REF_NO_007
BOUQUET_REF_NO_006_ace97a6b.jpeg,/private/files/fleurs_plantes/BOUQUET_REF_NO_006_ace97a6b.jpeg,1,Home/Attachments,Item,BOUQUET_REF_NO_006
BOUQUET_REF_NO_005_931865b3.png,/private/files/fleurs_plantes/BOUQUET_REF_NO_005_931865b3.png,1,Home/Attachments,Item,BOUQUET_REF_NO_005
BOUQUET_REF_NO_003_931865b3.png,/private/files/fleurs_plantes/BOUQUET_REF_NO_003_931865b3.png,1,Home/Attachments,Item,BOUQUET_REF_NO_003
BOUQUET_REF_NO_002_931865b3.png,/private/files/fleurs_plantes/BOUQUET_REF_NO_002_931865b3.png,1,Home/Attachments,Item,BOUQUET_REF_NO_002
BOUQUET_REF_NO_001_931865b3.png,/private/files/fleurs_plantes/BOUQUET_REF_NO_001_931865b3.png,1,Home/Attachments,Item,BOUQUET_REF_NO_001
BOUQUET_REF_004_931865b3.png,/private/files/fleurs_plantes/BOUQUET_REF_004_931865b3.png,1,Home/Attachments,Item,BOUQUET_REF_004
PHOENIX_BEER_CAN_330ML_71815ff3.png,/private/files/julies_dark_choco_vanille_120g/PHOENIX_BEER_CAN_330ML_71815ff3.png,1,Home/Attachments,Item,PHOENIX_BEER_CAN_330ML
BELLE_HOLLAND_UHT_1L_12_CREAM_931865b3.png,/private/files/julies_dark_choco_vanille_120g/BELLE_HOLLAND_UHT_1L_12_CREAM_931865b3.png,1,Home/Attachments,Item,BELLE_HOLLAND_UHT_1L_12_CREAM
BAYARA_FISH_MASALA_170G_7602fa9f.jpeg,/private/files/epicerie/BAYARA_FISH_MASALA_170G_7602fa9f.jpeg,1,Home/Attachments,Item,BAYARA_FISH_MASALA_170G
BAYARA_CURRY_POWDER_200G_daf44496.jpeg,/private/files/epicerie/BAYARA_CURRY_POWDER_200G_daf44496.jpeg,1,Home/Attachments,Item,BAYARA_CURRY_POWDER_200G
BAYARA_CUMIN_WHOLE_200G_48bde260.jpeg,/private/files/epicerie/BAYARA_CUMIN_WHOLE_200G_48bde260.jpeg,1,Home/Attachments,Item,BAYARA_CUMIN_WHOLE_200G
BAYARA_CUMIN_POWDER_200G_ec9a34e7.jpeg,/private/files/epicerie/BAYARA_CUMIN_POWDER_200G_ec9a34e7.jpeg,1,Home/Attachments,Item,BAYARA_CUMIN_POWDER_200G
BAYARA_CORIANDER_WHOLE_200G_69e501a8.jpeg,/private/files/epicerie/BAYARA_CORIANDER_WHOLE_200G_69e501a8.jpeg,1,Home/Attachments,Item,BAYARA_CORIANDER_WHOLE_200G
BARANNE_LINGETTES_NETTOYANTX18_931865b3.png,/private/files/entretien/BARANNE_LINGETTES_NETTOYANTX18_931865b3.png,1,Home/Attachments,Item,BARANNE_LINGETTES_NETTOYANTX18
ASTONISH_DISINF_PINE_OIL_750ML_8c139961.png,/private/files/entretien/ASTONISH_DISINF_PINE_OIL_750ML_8c139961.png,1,Home/Attachments,Item,ASTONISH_DISINF_PINE_OIL_750ML
A_TONKITA_DUST_PAN_BRUS_TK_677_931865b3.png,/private/files/entretien/A_TONKITA_DUST_PAN_BRUS_TK_677_931865b3.png,1,Home/Attachments,Item,A_TONKITA_DUST_PAN_BRUS_TK_677
ALUMINIUM_MOP_STICK_130CM_931865b3.png,/private/files/entretien/ALUMINIUM_MOP_STICK_130CM_931865b3.png,1,Home/Attachments,Item,ALUMINIUM_MOP_STICK_130CM
ALUMINIUM_MOP_STICK_120CM_931865b3.png,/private/files/entretien/ALUMINIUM_MOP_STICK_120CM_931865b3.png,1,Home/Attachments,Item,ALUMINIUM_MOP_STICK_120CM
ALL_BLUE_TOILET_CLEAN_BLOCK_X2_931865b3.png,/private/files/entretien/ALL_BLUE_TOILET_CLEAN_BLOCK_X2_931865b3.png,1,Home/Attachments,Item,ALL_BLUE_TOILET_CLEAN_BLOCK_X2
BAYARA_CORIANDER_POWDER_200G_044d3761.jpeg,/private/files/epicerie/BAYARA_CORIANDER_POWDER_200G_044d3761.jpeg,1,Home/Attachments,Item,BAYARA_CORIANDER_POWDER_200G
BAYARA_CINNAMON_POWDER_40G_a037bb96.jpeg,/private/files/epicerie/BAYARA_CINNAMON_POWDER_40G_a037bb96.jpeg,1,Home/Attachments,Item,BAYARA_CINNAMON_POWDER_40G
BAYARA_CINNAMON_POWDER_200G_4b892bef.jpeg,/private/files/epicerie/BAYARA_CINNAMON_POWDER_200G_4b892bef.jpeg,1,Home/Attachments,Item,BAYARA_CINNAMON_POWDER_200G
BAYARA_CHILI_ROUND_100G_f769a33a.jpeg,/private/files/epicerie/BAYARA_CHILI_ROUND_100G_f769a33a.jpeg,1,Home/Attachments,Item,BAYARA_CHILI_ROUND_100G
BAYARA_CHILI_POW_KASHMIRI_200G_38183cf0.jpeg,/private/files/epicerie/BAYARA_CHILI_POW_KASHMIRI_200G_38183cf0.jpeg,1,Home/Attachments,Item,BAYARA_CHILI_POW_KASHMIRI_200G
BAYARA_CHILI_POWDER_200G_be455425.jpeg,/private/files/epicerie/BAYARA_CHILI_POWDER_200G_be455425.jpeg,1,Home/Attachments,Item,BAYARA_CHILI_POWDER_200G
BAYARA_CHIA_SEEDS_400G_751680ee.jpeg,/private/files/epicerie/BAYARA_CHIA_SEEDS_400G_751680ee.jpeg,1,Home/Attachments,Item,BAYARA_CHIA_SEEDS_400G
BAYCARDBOX_SINDHI_BIRYANI_60G_92739686.jpeg,/private/files/epicerie/BAYCARDBOX_SINDHI_BIRYANI_60G_92739686.jpeg,1,Home/Attachments,Item,BAYCARDBOX_SINDHI_BIRYANI_60G
BAYCARDBOX_MEAT_MASALA_150G_99e02a72.jpeg,/private/files/epicerie/BAYCARDBOX_MEAT_MASALA_150G_99e02a72.jpeg,1,Home/Attachments,Item,BAYCARDBOX_MEAT_MASALA_150G
BAYARA_CB_MALAY_CHICK_BIRY_60G_1f9eba6d.jpeg,/private/files/epicerie/BAYARA_CB_MALAY_CHICK_BIRY_60G_1f9eba6d.jpeg,1,Home/Attachments,Item,BAYARA_CB_MALAY_CHICK_BIRY_60G
BAYARA_CB_AUT_BOM_BIRYANI_60G_71c3f0f0.jpeg,/private/files/epicerie/BAYARA_CB_AUT_BOM_BIRYANI_60G_71c3f0f0.jpeg,1,Home/Attachments,Item,BAYARA_CB_AUT_BOM_BIRYANI_60G
BAYARA_CARDAMOM_POWDER125G_43de70d1.jpeg,/private/files/epicerie/BAYARA_CARDAMOM_POWDER125G_43de70d1.jpeg,1,Home/Attachments,Item,BAYARA_CARDAMOM_POWDER125G
BAYARA_BLACK_PEPPER_WHOLE_100G_77af52ff.jpeg,/private/files/epicerie/BAYARA_BLACK_PEPPER_WHOLE_100G_77af52ff.jpeg,1,Home/Attachments,Item,BAYARA_BLACK_PEPPER_WHOLE_100G
BAYARA_BL_PEPPER_POWDER_165G_657d0c2e.jpeg,/private/files/epicerie/BAYARA_BL_PEPPER_POWDER_165G_657d0c2e.jpeg,1,Home/Attachments,Item,BAYARA_BL_PEPPER_POWDER_165G
BAYARA_BLACK_PEPPER_POW_100G_36dd1c1c.jpeg,/private/files/epicerie/BAYARA_BLACK_PEPPER_POW_100G_36dd1c1c.jpeg,1,Home/Attachments,Item,BAYARA_BLACK_PEPPER_POW_100G
BAYARA_BIRYANI_MASALA_180G_1a4ea938.webp,/private/files/epicerie/BAYARA_BIRYANI_MASALA_180G_1a4ea938.webp,1,Home/Attachments,Item,BAYARA_BIRYANI_MASALA_180G
BAYARA_ARABIC_MIX_MASALA_200G_80929035.jpeg,/private/files/epicerie/BAYARA_ARABIC_MIX_MASALA_200G_80929035.jpeg,1,Home/Attachments,Item,BAYARA_ARABIC_MIX_MASALA_200G
BAYARA_ANISEEDS_200G_ca34cd4e.jpeg,/private/files/epicerie/BAYARA_ANISEEDS_200G_ca34cd4e.jpeg,1,Home/Attachments,Item,BAYARA_ANISEEDS_200G
BAYARA_ALL_SPICES_POWDER_200G_931865b3.png,/private/files/epicerie/BAYARA_ALL_SPICES_POWDER_200G_931865b3.png,1,Home/Attachments,Item,BAYARA_ALL_SPICES_POWDER_200G
AFTER_EIGHT_CLASSIC_400G_931865b3.png,/private/files/epicerie/AFTER_EIGHT_CLASSIC_400G_931865b3.png,1,Home/Attachments,Item,AFTER_EIGHT_CLASSIC_400G
RED_VELVET_FAMIL_8_10_PERS_5d5f88bb.png,/private/files/entremets/RED_VELVET_FAMIL_8_10_PERS_5d5f88bb.png,1,Home/Attachments,Item,RED_VELVET_FAMIL_8_10_PERS
RED_VELVET_4__6PERS_7e1b977a.png,/private/files/entremets/RED_VELVET_4__6PERS_7e1b977a.png,1,Home/Attachments,Item,RED_VELVET_4__6PERS
RED_VELVET_10_15_PERS_931865b3.png,/private/files/entremets/RED_VELVET_10_15_PERS_931865b3.png,1,Home/Attachments,Item,RED_VELVET_10_15_PERS
CRYSTAL_15L_999f12e6.png,/private/files/eaux/CRYSTAL_15L_999f12e6.png,1,Home/Attachments,Item,CRYSTAL_15L
AIRWICK_6IN1_AER_AQUAMAR_280ML_6f4cd5a7.png,/private/files/droguerie/AIRWICK_6IN1_AER_AQUAMAR_280ML_6f4cd5a7.png,1,Home/Attachments,Item,AIRWICK_6IN1_AER_AQUAMAR_280ML
A_SCENTS_M_ABSORB_500ML_NAT_a1a0c77d.png,/private/files/droguerie/A_SCENTS_M_ABSORB_500ML_NAT_a1a0c77d.png,1,Home/Attachments,Item,A_SCENTS_M_ABSORB_500ML_NAT
AIR_SCENTS_HANG_MOIST_NAT_230G_af65f2bc.png,/private/files/droguerie/AIR_SCENTS_HANG_MOIST_NAT_230G_af65f2bc.png,1,Home/Attachments,Item,AIR_SCENTS_HANG_MOIST_NAT_230G
AIR_SCENTS_HANG_MOIST_LAV_230G_e5cf2d01.png,/private/files/droguerie/AIR_SCENTS_HANG_MOIST_LAV_230G_e5cf2d01.png,1,Home/Attachments,Item,AIR_SCENTS_HANG_MOIST_LAV_230G
AIR_SCENTS_GEL_FR_VAN_PASS_70G_e042aa2f.png,/private/files/droguerie/AIR_SCENTS_GEL_FR_VAN_PASS_70G_e042aa2f.png,1,Home/Attachments,Item,AIR_SCENTS_GEL_FR_VAN_PASS_70G
AIR_SCENTS_GEL_FR_BREEZE_70G_723a0718.png,/private/files/droguerie/AIR_SCENTS_GEL_FR_BREEZE_70G_723a0718.png,1,Home/Attachments,Item,AIR_SCENTS_GEL_FR_BREEZE_70G
AIR_SCENTS_GEL_FR_AUTO_NUC_70G_6dbe4d20.png,/private/files/droguerie/AIR_SCENTS_GEL_FR_AUTO_NUC_70G_6dbe4d20.png,1,Home/Attachments,Item,AIR_SCENTS_GEL_FR_AUTO_NUC_70G
AIR_SCENTS_GEL_FR_APPLE_70G_97c76606.png,/private/files/droguerie/AIR_SCENTS_GEL_FR_APPLE_70G_97c76606.png,1,Home/Attachments,Item,AIR_SCENTS_GEL_FR_APPLE_70G
AER_POWER_POCKET_SEA_BREEZE_6c8649bc.png,/private/files/droguerie/AER_POWER_POCKET_SEA_BREEZE_6c8649bc.png,1,Home/Attachments,Item,AER_POWER_POCKET_SEA_BREEZE
AER_POWER_POCKET_LEMON_TANGY_4a5e2e04.png,/private/files/droguerie/AER_POWER_POCKET_LEMON_TANGY_4a5e2e04.png,1,Home/Attachments,Item,AER_POWER_POCKET_LEMON_TANGY
AER_POWER_POCKET_LAVENDE_BLOOM_238385bb.png,/private/files/droguerie/AER_POWER_POCKET_LAVENDE_BLOOM_238385bb.png,1,Home/Attachments,Item,AER_POWER_POCKET_LAVENDE_BLOOM
AER_POWER_POCKET_FRESH_BLOSOM_2fa107c0.png,/private/files/droguerie/AER_POWER_POCKET_FRESH_BLOSOM_2fa107c0.png,1,Home/Attachments,Item,AER_POWER_POCKET_FRESH_BLOSOM
AER_POWER_POCKET_FLORAL_DELIGH_34327b58.png,/private/files/droguerie/AER_POWER_POCKET_FLORAL_DELIGH_34327b58.png,1,Home/Attachments,Item,AER_POWER_POCKET_FLORAL_DELIGH
AER_POWER_POCKET_BERRY_RUSH_eac62e83.png,/private/files/droguerie/AER_POWER_POCKET_BERRY_RUSH_eac62e83.png,1,Home/Attachments,Item,AER_POWER_POCKET_BERRY_RUSH
ABRO_DESO_STRAWBERRY_300ML_e75255c1.png,/private/files/droguerie/ABRO_DESO_STRAWBERRY_300ML_e75255c1.png,1,Home/Attachments,Item,ABRO_DESO_STRAWBERRY_300ML
ABRO_DESODO_LEMON_300ML_3fe77fde.png,/private/files/droguerie/ABRO_DESODO_LEMON_300ML_3fe77fde.png,1,Home/Attachments,Item,ABRO_DESODO_LEMON_300ML
ABRO_DESODO_CHERRY_300ML_70542bd5.png,/private/files/droguerie/ABRO_DESODO_CHERRY_300ML_70542bd5.png,1,Home/Attachments,Item,ABRO_DESODO_CHERRY_300ML
ABRO_DESO_LILAC_300ML_d108c25d.png,/private/files/droguerie/ABRO_DESO_LILAC_300ML_d108c25d.png,1,Home/Attachments,Item,ABRO_DESO_LILAC_300ML
ABRO_DESO_LAVENDER_300ML_c2400d5c.png,/private/files/droguerie/ABRO_DESO_LAVENDER_300ML_c2400d5c.png,1,Home/Attachments,Item,ABRO_DESO_LAVENDER_300ML
AQUELLE_WMELON_SPRK_WATER_50CL_931865b3.png,/private/files/eaux/AQUELLE_WMELON_SPRK_WATER_50CL_931865b3.png,1,Home/Attachments,Item,AQUELLE_WMELON_SPRK_WATER_50CL
AQUELLE_SBRY_SPRK_WATER_50CL_e27ce921.png,/private/files/eaux/AQUELLE_SBRY_SPRK_WATER_50CL_e27ce921.png,1,Home/Attachments,Item,AQUELLE_SBRY_SPRK_WATER_50CL
AQUELLE_PAPL_SPRKL_WATER_50CL_84432cf4.png,/private/files/eaux/AQUELLE_PAPL_SPRKL_WATER_50CL_84432cf4.png,1,Home/Attachments,Item,AQUELLE_PAPL_SPRKL_WATER_50CL
AQUELLE_LIT_SPRK_WATER_50CL_931865b3.png,/private/files/eaux/AQUELLE_LIT_SPRK_WATER_50CL_931865b3.png,1,Home/Attachments,Item,AQUELLE_LIT_SPRK_WATER_50CL
AQUELLE_LEM_SPRKL_WATER_50CL_931865b3.png,/private/files/eaux/AQUELLE_LEM_SPRKL_WATER_50CL_931865b3.png,1,Home/Attachments,Item,AQUELLE_LEM_SPRKL_WATER_50CL
AQUELLE_H_MEL_SPRK_WATER_50CL_931865b3.png,/private/files/eaux/AQUELLE_H_MEL_SPRK_WATER_50CL_931865b3.png,1,Home/Attachments,Item,AQUELLE_H_MEL_SPRK_WATER_50CL
AQUELLE_H_MEL_SPRK_WATER_15L_931865b3.png,/private/files/eaux/AQUELLE_H_MEL_SPRK_WATER_15L_931865b3.png,1,Home/Attachments,Item,AQUELLE_H_MEL_SPRK_WATER_15L
AQUELLE_GRDILA_SPRK_WATER_50CL_dcef38aa.png,/private/files/eaux/AQUELLE_GRDILA_SPRK_WATER_50CL_dcef38aa.png,1,Home/Attachments,Item,AQUELLE_GRDILA_SPRK_WATER_50CL
AQUELLE_GRDILA_SPRK_WATER_15L_9beab8a7.webp,/private/files/eaux/AQUELLE_GRDILA_SPRK_WATER_15L_9beab8a7.webp,1,Home/Attachments,Item,AQUELLE_GRDILA_SPRK_WATER_15L
AQUELLE_APL_SPRK_WATER_50CL_8ff6241b.png,/private/files/eaux/AQUELLE_APL_SPRK_WATER_50CL_8ff6241b.png,1,Home/Attachments,Item,AQUELLE_APL_SPRK_WATER_50CL
AQUELLE_APL_SPRK_WATER_15L_38a89eef.png,/private/files/eaux/AQUELLE_APL_SPRK_WATER_15L_38a89eef.png,1,Home/Attachments,Item,AQUELLE_APL_SPRK_WATER_15L
AQUA_SPRING_WATER_600ML_1b8884d9.png,/private/files/eaux/AQUA_SPRING_WATER_600ML_1b8884d9.png,1,Home/Attachments,Item,AQUA_SPRING_WATER_600ML
MOUSSELINE_COCO_2025_PERS_b5a81c9d.jpeg,/private/files/entremets/MOUSSELINE_COCO_2025_PERS_b5a81c9d.jpeg,1,Home/Attachments,Item,MOUSSELINE_COCO_2025_PERS
MOUSSELINE_COCO_1520_PERS_cdf053a6.png,/private/files/entremets/MOUSSELINE_COCO_1520_PERS_cdf053a6.png,1,Home/Attachments,Item,MOUSSELINE_COCO_1520_PERS
MOUSSELINE_COCO_1015_PERS_274f87f3.png,/private/files/entremets/MOUSSELINE_COCO_1015_PERS_274f87f3.png,1,Home/Attachments,Item,MOUSSELINE_COCO_1015_PERS
MOUSSE_AU_CHOCOLAT_46_PERS_73f67d2d.png,/private/files/entremets/MOUSSE_AU_CHOCOLAT_46_PERS_73f67d2d.png,1,Home/Attachments,Item,MOUSSE_AU_CHOCOLAT_46_PERS
MOKA_CAFE_8be44345.png,/private/files/entremets/MOKA_CAFE_8be44345.png,1,Home/Attachments,Item,MOKA_CAFE
MILLE_FEUILLE_VAN_4__6_PERS_11eeab08.png,/private/files/entremets/MILLE_FEUILLE_VAN_4__6_PERS_11eeab08.png,1,Home/Attachments,Item,MILLE_FEUILLE_VAN_4__6_PERS
MILLE_FEUILLE_CHOCO_4__6_PERS_bdfc90af.png,/private/files/entremets/MILLE_FEUILLE_CHOCO_4__6_PERS_bdfc90af.png,1,Home/Attachments,Item,MILLE_FEUILLE_CHOCO_4__6_PERS
MILLE_FEUI_REDVELVET_VEG_20X20_931865b3.png,/private/files/entremets/MILLE_FEUI_REDVELVET_VEG_20X20_931865b3.png,1,Home/Attachments,Item,MILLE_FEUI_REDVELVET_VEG_20X20
GENOISE_CH_CARM_D_10_15_P_cfe1392c.webp,/private/files/entremets/GENOISE_CH_CARM_D_10_15_P_cfe1392c.webp,1,Home/Attachments,Item,GENOISE_CH_CARM_D_10_15_P
ENTREMET_CITRON_VERT_bf3ce73d.png,/private/files/entremets/ENTREMET_CITRON_VERT_bf3ce73d.png,1,Home/Attachments,Item,ENTREMET_CITRON_VERT
DUO_CHOCOLAT_68_PERS_8d8a675d.jpeg,/private/files/entremets/DUO_CHOCOLAT_68_PERS_8d8a675d.jpeg,1,Home/Attachments,Item,DUO_CHOCOLAT_68_PERS
CHEESECAKE_PASSION_1015PERS_28ac6fb9.jpeg,/private/files/entremets/CHEESECAKE_PASSION_1015PERS_28ac6fb9.jpeg,1,Home/Attachments,Item,CHEESECAKE_PASSION_1015PERS
CHEESECAKE_OREO_46PERS_5a6b93a1.png,/private/files/entremets/CHEESECAKE_OREO_46PERS_5a6b93a1.png,1,Home/Attachments,Item,CHEESECAKE_OREO_46PERS
CHEESECAKE_BLUEBERRY_46PERS_931865b3.png,/private/files/entremets/CHEESECAKE_BLUEBERRY_46PERS_931865b3.png,1,Home/Attachments,Item,CHEESECAKE_BLUEBERRY_46PERS
CHEESECAKE_BLUEBERRY_1015PERS_05c1b0cc.png,/private/files/entremets/CHEESECAKE_BLUEBERRY_1015PERS_05c1b0cc.png,1,Home/Attachments,Item,CHEESECAKE_BLUEBERRY_1015PERS
ANDROS_POMPRUNEAU_SSA_4X100G_9bca8d58.png,/private/files/desserts/ANDROS_POMPRUNEAU_SSA_4X100G_9bca8d58.png,1,Home/Attachments,Item,ANDROS_POMPRUNEAU_SSA_4X100G
TIRAMISSU_EXQUI_931865b3.png,/private/files/deserts/TIRAMISSU_EXQUI_931865b3.png,1,Home/Attachments,Item,TIRAMISSU_EXQUI
MOUSSE_COCO_AU_AMANDE_931865b3.png,/private/files/deserts/MOUSSE_COCO_AU_AMANDE_931865b3.png,1,Home/Attachments,Item,MOUSSE_COCO_AU_AMANDE
FLAN_COCOEXQUI_24d7e005.jpeg,/private/files/deserts/FLAN_COCOEXQUI_24d7e005.jpeg,1,Home/Attachments,Item,FLAN_COCOEXQUI
CUSTD__JELLY_FRUITSEXQUI_931865b3.png,/private/files/deserts/CUSTD__JELLY_FRUITSEXQUI_931865b3.png,1,Home/Attachments,Item,CUSTD__JELLY_FRUITSEXQUI
CREME_BRULEEEXQUI_931865b3.png,/private/files/deserts/CREME_BRULEEEXQUI_931865b3.png,1,Home/Attachments,Item,CREME_BRULEEEXQUI
HDAZS_VANILLA_CUP_100ML_931865b3.png,/private/files/detente/HDAZS_VANILLA_CUP_100ML_931865b3.png,1,Home/Attachments,Item,HDAZS_VANILLA_CUP_100ML
HDAZS_VAN_CAR_AL_ST_BAR_80ML_931865b3.png,/private/files/detente/HDAZS_VAN_CAR_AL_ST_BAR_80ML_931865b3.png,1,Home/Attachments,Item,HDAZS_VAN_CAR_AL_ST_BAR_80ML
HDAZS_CUP_VAN_CAR_BRO_95ML_931865b3.png,/private/files/detente/HDAZS_CUP_VAN_CAR_BRO_95ML_931865b3.png,1,Home/Attachments,Item,HDAZS_CUP_VAN_CAR_BRO_95ML
HDAZS_CUP_MACANUT_95ML_931865b3.png,/private/files/detente/HDAZS_CUP_MACANUT_95ML_931865b3.png,1,Home/Attachments,Item,HDAZS_CUP_MACANUT_95ML
FRUIXIDOU_MANGUE_PK_6_X_75ML_931865b3.png,/private/files/detente/FRUIXIDOU_MANGUE_PK_6_X_75ML_931865b3.png,1,Home/Attachments,Item,FRUIXIDOU_MANGUE_PK_6_X_75ML
DIONE_ICREAM_SICILPIST475ML_931865b3.png,/private/files/detente/DIONE_ICREAM_SICILPIST475ML_931865b3.png,1,Home/Attachments,Item,DIONE_ICREAM_SICILPIST475ML
ANDROS_POCHATAIGNE_SSA_8X100G_e95d0972.jpeg,/private/files/desserts/ANDROS_POCHATAIGNE_SSA_8X100G_e95d0972.jpeg,1,Home/Attachments,Item,ANDROS_POCHATAIGNE_SSA_8X100G
ALPRO_SOJA_VANILLA_DESS_4X125G_e9a71c00.jpeg,/private/files/desserts/ALPRO_SOJA_VANILLA_DESS_4X125G_e9a71c00.jpeg,1,Home/Attachments,Item,ALPRO_SOJA_VANILLA_DESS_4X125G
CO_BIO_PANACOTTA_FRAMB2X120G_931865b3.png,/private/files/desserts/CO_BIO_PANACOTTA_FRAMB2X120G_931865b3.png,1,Home/Attachments,Item,CO_BIO_PANACOTTA_FRAMB2X120G
MNOVA_LIEG_VANILL_CCAR_2X120G_931865b3.png,/private/files/desserts/MNOVA_LIEG_VANILL_CCAR_2X120G_931865b3.png,1,Home/Attachments,Item,MNOVA_LIEG_VANILL_CCAR_2X120G
L300_BIO_CRDESSERT_CHOC_380G_931865b3.png,/private/files/desserts/L300_BIO_CRDESSERT_CHOC_380G_931865b3.png,1,Home/Attachments,Item,L300_BIO_CRDESSERT_CHOC_380G
LFERMIER_LIEGPISTACHE_2X130G_931865b3.png,/private/files/desserts/LFERMIER_LIEGPISTACHE_2X130G_931865b3.png,1,Home/Attachments,Item,LFERMIER_LIEGPISTACHE_2X130G
GERVITA_FROMBLC_COCO_4X100G_931865b3.png,/private/files/desserts/GERVITA_FROMBLC_COCO_4X100G_931865b3.png,1,Home/Attachments,Item,GERVITA_FROMBLC_COCO_4X100G
LUMINARC_ASS_CARINE_NR_CREUSE_2474cbf3.png,/private/files/cuisson_indirecte/LUMINARC_ASS_CARINE_NR_CREUSE_2474cbf3.png,1,Home/Attachments,Item,LUMINARC_ASS_CARINE_NR_CREUSE
WALL_STICKER_LARGE_70X78CM_931865b3.png,/private/files/decoration/WALL_STICKER_LARGE_70X78CM_931865b3.png,1,Home/Attachments,Item,WALL_STICKER_LARGE_70X78CM
PYREX_RP28BW4_ORIGIN_WOK_28CM_f01724a0.png,/private/files/cuisson_directe/PYREX_RP28BW4_ORIGIN_WOK_28CM_f01724a0.png,1,Home/Attachments,Item,PYREX_RP28BW4_ORIGIN_WOK_28CM
TABLE_MAT_FOAM_LEAVES_X2_6e6028d0.png,/private/files/decoration/TABLE_MAT_FOAM_LEAVES_X2_6e6028d0.png,1,Home/Attachments,Item,TABLE_MAT_FOAM_LEAVES_X2
TABLE_MAT_CUTWORK_X2PCS_f24c2143.png,/private/files/decoration/TABLE_MAT_CUTWORK_X2PCS_f24c2143.png,1,Home/Attachments,Item,TABLE_MAT_CUTWORK_X2PCS
SHAMBRANI_AGAINST__EVIL_f7d90207.png,/private/files/decoration/SHAMBRANI_AGAINST__EVIL_f7d90207.png,1,Home/Attachments,Item,SHAMBRANI_AGAINST__EVIL
PARIMAL_EKA_4317a3b6.png,/private/files/decoration/PARIMAL_EKA_4317a3b6.png,1,Home/Attachments,Item,PARIMAL_EKA
MOTIFS_SMALL_CHARAN_GANESH_0db38c59.png,/private/files/decoration/MOTIFS_SMALL_CHARAN_GANESH_0db38c59.png,1,Home/Attachments,Item,MOTIFS_SMALL_CHARAN_GANESH
LED_T_LIGHT_GLITTER_HEART_SHAP_d0490ecd.png,/private/files/decoration/LED_T_LIGHT_GLITTER_HEART_SHAP_d0490ecd.png,1,Home/Attachments,Item,LED_T_LIGHT_GLITTER_HEART_SHAP
LED_LAMP_W_TELEPHONE_SUPPORT_d63dd783.png,/private/files/decoration/LED_LAMP_W_TELEPHONE_SUPPORT_d63dd783.png,1,Home/Attachments,Item,LED_LAMP_W_TELEPHONE_SUPPORT
HANDS_FREE_MINI_FAN_3IN1_1ecaef19.png,/private/files/decoration/HANDS_FREE_MINI_FAN_3IN1_1ecaef19.png,1,Home/Attachments,Item,HANDS_FREE_MINI_FAN_3IN1
HANDMADE_MONEY_WALLET_XMAS_931865b3.png,/private/files/decoration/HANDMADE_MONEY_WALLET_XMAS_931865b3.png,1,Home/Attachments,Item,HANDMADE_MONEY_WALLET_XMAS
FOREST_BAHUBALI_CUP_d3e982d8.png,/private/files/decoration/FOREST_BAHUBALI_CUP_d3e982d8.png,1,Home/Attachments,Item,FOREST_BAHUBALI_CUP
CONFETTI_3PCS_931865b3.png,/private/files/decoration/CONFETTI_3PCS_931865b3.png,1,Home/Attachments,Item,CONFETTI_3PCS
BLACK_FOREST_88d5dd43.png,/private/files/decoration/BLACK_FOREST_88d5dd43.png,1,Home/Attachments,Item,BLACK_FOREST
AMRUTH_ROSE_931865b3.png,/private/files/decoration/AMRUTH_ROSE_931865b3.png,1,Home/Attachments,Item,AMRUTH_ROSE
AGGARBATHI_SPIRITUAL_FLORA_931865b3.png,/private/files/decoration/AGGARBATHI_SPIRITUAL_FLORA_931865b3.png,1,Home/Attachments,Item,AGGARBATHI_SPIRITUAL_FLORA
AGGARBATHI_PARROT_931865b3.png,/private/files/decoration/AGGARBATHI_PARROT_931865b3.png,1,Home/Attachments,Item,AGGARBATHI_PARROT
6PCS_PLS_BOWL_GOLD_3DES_931865b3.png,/private/files/decoration/6PCS_PLS_BOWL_GOLD_3DES_931865b3.png,1,Home/Attachments,Item,6PCS_PLS_BOWL_GOLD_3DES
20PCS_NAPKIN_GOLD_SILVER_DOTTE_2c76ea10.png,/private/files/decoration/20PCS_NAPKIN_GOLD_SILVER_DOTTE_2c76ea10.png,1,Home/Attachments,Item,20PCS_NAPKIN_GOLD_SILVER_DOTTE
LUMINARC_ASS_CARINE_BL_PLATE_b374dac2.png,/private/files/cuisson_indirecte/LUMINARC_ASS_CARINE_BL_PLATE_b374dac2.png,1,Home/Attachments,Item,LUMINARC_ASS_CARINE_BL_PLATE
LUMINARC_ASS_CARINE_BL_DESSERT_bc72c8db.png,/private/files/cuisson_indirecte/LUMINARC_ASS_CARINE_BL_DESSERT_bc72c8db.png,1,Home/Attachments,Item,LUMINARC_ASS_CARINE_BL_DESSERT
LUMINARC_ASS_CARINE_BL_CREUSE_13fffd78.png,/private/files/cuisson_indirecte/LUMINARC_ASS_CARINE_BL_CREUSE_13fffd78.png,1,Home/Attachments,Item,LUMINARC_ASS_CARINE_BL_CREUSE
LUMINARC_ASS_HARENA_DESSERT_NR_2542acb1.png,/private/files/cuisson_indirecte/LUMINARC_ASS_HARENA_DESSERT_NR_2542acb1.png,1,Home/Attachments,Item,LUMINARC_ASS_HARENA_DESSERT_NR
LUMINARC_ASS_HARENA_DESSERT_2ac387f4.png,/private/files/cuisson_indirecte/LUMINARC_ASS_HARENA_DESSERT_2ac387f4.png,1,Home/Attachments,Item,LUMINARC_ASS_HARENA_DESSERT
LUMINARC_ASS_HARENA_CREUSE_NR_d1d01657.png,/private/files/cuisson_indirecte/LUMINARC_ASS_HARENA_CREUSE_NR_d1d01657.png,1,Home/Attachments,Item,LUMINARC_ASS_HARENA_CREUSE_NR
LUMINARC_ASS_HARENA_CREUSE_5e146e65.png,/private/files/cuisson_indirecte/LUMINARC_ASS_HARENA_CREUSE_5e146e65.png,1,Home/Attachments,Item,LUMINARC_ASS_HARENA_CREUSE
LUMINARC_ASS_HARENA_27CM_206bb157.png,/private/files/cuisson_indirecte/LUMINARC_ASS_HARENA_27CM_206bb157.png,1,Home/Attachments,Item,LUMINARC_ASS_HARENA_27CM
LUMINARC_ASS_HARENA_25CM_NOIR_0284d82d.png,/private/files/cuisson_indirecte/LUMINARC_ASS_HARENA_25CM_NOIR_0284d82d.png,1,Home/Attachments,Item,LUMINARC_ASS_HARENA_25CM_NOIR
LUMINARC_ASS_HARENA_25CM_a8fb3154.png,/private/files/cuisson_indirecte/LUMINARC_ASS_HARENA_25CM_a8fb3154.png,1,Home/Attachments,Item,LUMINARC_ASS_HARENA_25CM
MILLAC_GOLD_LACTFREE_1L_7157a14a.jpeg,/private/files/cremes_fraiches/MILLAC_GOLD_LACTFREE_1L_7157a14a.jpeg,1,Home/Attachments,Item,MILLAC_GOLD_LACTFREE_1L
KOITA_COOKING_CREAM_UHT_200ML_913f7c0d.png,/private/files/cremes_fraiches/KOITA_COOKING_CREAM_UHT_200ML_913f7c0d.png,1,Home/Attachments,Item,KOITA_COOKING_CREAM_UHT_200ML
TERRACINE_CUISSE_CONFITE___KG_931865b3.png,/private/files/conservesverrine/TERRACINE_CUISSE_CONFITE___KG_931865b3.png,1,Home/Attachments,Item,TERRACINE_CUISSE_CONFITE___KG
SARADE_CONFIT_GCANARD_800G_931865b3.png,/private/files/conservesverrine/SARADE_CONFIT_GCANARD_800G_931865b3.png,1,Home/Attachments,Item,SARADE_CONFIT_GCANARD_800G
LARNAUDIE_GESIER_VOLEMINC385G_931865b3.png,/private/files/conservesverrine/LARNAUDIE_GESIER_VOLEMINC385G_931865b3.png,1,Home/Attachments,Item,LARNAUDIE_GESIER_VOLEMINC385G
LARNMOUSSE_OIEPORTO_BTE_200G_931865b3.png,/private/files/conservesverrine/LARNMOUSSE_OIEPORTO_BTE_200G_931865b3.png,1,Home/Attachments,Item,LARNMOUSSE_OIEPORTO_BTE_200G
LARNMOUSSE_CANARD_ARMAG_200G_931865b3.png,/private/files/conservesverrine/LARNMOUSSE_CANARD_ARMAG_200G_931865b3.png,1,Home/Attachments,Item,LARNMOUSSE_CANARD_ARMAG_200G
DELPEYRAT_TERCANMAGRET_160G_931865b3.png,/private/files/conservesverrine/DELPEYRAT_TERCANMAGRET_160G_931865b3.png,1,Home/Attachments,Item,DELPEYRAT_TERCANMAGRET_160G
DELPEYRAT_TERCAMPFOREST160G_931865b3.png,/private/files/conservesverrine/DELPEYRAT_TERCAMPFOREST160G_931865b3.png,1,Home/Attachments,Item,DELPEYRAT_TERCAMPFOREST160G
DELPBLOC_FGRAS_CANBTE_160G_931865b3.png,/private/files/conservesverrine/DELPBLOC_FGRAS_CANBTE_160G_931865b3.png,1,Home/Attachments,Item,DELPBLOC_FGRAS_CANBTE_160G
DPEYRAT_BLOC_FG_CANARD_120G_931865b3.png,/private/files/conservesverrine/DPEYRAT_BLOC_FG_CANARD_120G_931865b3.png,1,Home/Attachments,Item,DPEYRAT_BLOC_FG_CANARD_120G
TERRACINE_MFOIE__CANARD_120G_931865b3.png,/private/files/conservesverrine/TERRACINE_MFOIE__CANARD_120G_931865b3.png,1,Home/Attachments,Item,TERRACINE_MFOIE__CANARD_120G
LARNAUDIE_TERRINE_CAMP_P_180G_931865b3.png,/private/files/conservesverrine/LARNAUDIE_TERRINE_CAMP_P_180G_931865b3.png,1,Home/Attachments,Item,LARNAUDIE_TERRINE_CAMP_P_180G
LARNAUDIE_TERRINECAMP_NAT180G_931865b3.png,/private/files/conservesverrine/LARNAUDIE_TERRINECAMP_NAT180G_931865b3.png,1,Home/Attachments,Item,LARNAUDIE_TERRINECAMP_NAT180G
DELPEYRAT_MANCHONS_CAN_1350G_931865b3.png,/private/files/conservesverrine/DELPEYRAT_MANCHONS_CAN_1350G_931865b3.png,1,Home/Attachments,Item,DELPEYRAT_MANCHONS_CAN_1350G
EVER_WHIP_CHOCO_CRM_1000G_0f4ff05f.jpeg,/private/files/cremes_fraiches/EVER_WHIP_CHOCO_CRM_1000G_0f4ff05f.jpeg,1,Home/Attachments,Item,EVER_WHIP_CHOCO_CRM_1000G
EMBORG_UHT_COOKING_CREAM_1L_b547cf96.jpeg,/private/files/cremes_fraiches/EMBORG_UHT_COOKING_CREAM_1L_b547cf96.jpeg,1,Home/Attachments,Item,EMBORG_UHT_COOKING_CREAM_1L
EMBORG_COOKWHIP_UHT_CREAM_1L_71b81015.png,/private/files/cremes_fraiches/EMBORG_COOKWHIP_UHT_CREAM_1L_71b81015.png,1,Home/Attachments,Item,EMBORG_COOKWHIP_UHT_CREAM_1L
EV_CRMSPECIAL_CUISSON_50CL_582d896a.jpeg,/private/files/cremes_fraiches/EV_CRMSPECIAL_CUISSON_50CL_582d896a.jpeg,1,Home/Attachments,Item,EV_CRMSPECIAL_CUISSON_50CL
EV_CRM_CUISSN_15_1L_ffb5b62f.jpeg,/private/files/cremes_fraiches/EV_CRM_CUISSN_15_1L_ffb5b62f.jpeg,1,Home/Attachments,Item,EV_CRM_CUISSN_15_1L
EV_CHANTILLY_ENTBOMBE_250G_43e858ad.png,/private/files/cremes_fraiches/EV_CHANTILLY_ENTBOMBE_250G_43e858ad.png,1,Home/Attachments,Item,EV_CHANTILLY_ENTBOMBE_250G
CANDIA_CREME_DESSERT_200ML_2897e252.png,/private/files/cremes_fraiches/CANDIA_CREME_DESSERT_200ML_2897e252.png,1,Home/Attachments,Item,CANDIA_CREME_DESSERT_200ML
ARLA_PRO_WHIP_COOK_1L_60af5321.webp,/private/files/cremes_fraiches/ARLA_PRO_WHIP_COOK_1L_60af5321.webp,1,Home/Attachments,Item,ARLA_PRO_WHIP_COOK_1L
ANCHOR_XTRA_LIGHT_CCREAM_1L_92f94d14.png,/private/files/cremes_fraiches/ANCHOR_XTRA_LIGHT_CCREAM_1L_92f94d14.png,1,Home/Attachments,Item,ANCHOR_XTRA_LIGHT_CCREAM_1L
SPORT_BRA_DAME_REF_270_82a3abef.png,/private/files/confection_femme/SPORT_BRA_DAME_REF_270_82a3abef.png,1,Home/Attachments,Item,SPORT_BRA_DAME_REF_270
ROBE_DE_CHAMBRE_REFS_150_47e420b3.png,/private/files/confection_femme/ROBE_DE_CHAMBRE_REFS_150_47e420b3.png,1,Home/Attachments,Item,ROBE_DE_CHAMBRE_REFS_150
VETEMENT_ENFANT_REF_3065_e11b9b93.png,/private/files/confection_enfant/VETEMENT_ENFANT_REF_3065_e11b9b93.png,1,Home/Attachments,Item,VETEMENT_ENFANT_REF_3065
EL_SUPREMO_ASS_MK_DK_CHCO_350G_931865b3.png,/private/files/chocolat/EL_SUPREMO_ASS_MK_DK_CHCO_350G_931865b3.png,1,Home/Attachments,Item,EL_SUPREMO_ASS_MK_DK_CHCO_350G
EL_SIG_GMT_ASS_PRAL_RED_256G_931865b3.png,/private/files/chocolat/EL_SIG_GMT_ASS_PRAL_RED_256G_931865b3.png,1,Home/Attachments,Item,EL_SIG_GMT_ASS_PRAL_RED_256G
EL_SIG_GMT_ASS_PRAL_BL_256G_931865b3.png,/private/files/chocolat/EL_SIG_GMT_ASS_PRAL_BL_256G_931865b3.png,1,Home/Attachments,Item,EL_SIG_GMT_ASS_PRAL_BL_256G
EL_RYL_MK_CTD_HZL_CRM_TIN_500G_931865b3.png,/private/files/chocolat/EL_RYL_MK_CTD_HZL_CRM_TIN_500G_931865b3.png,1,Home/Attachments,Item,EL_RYL_MK_CTD_HZL_CRM_TIN_500G
EL_RYL_MK_CTD_HZL_CRM_200G_931865b3.png,/private/files/chocolat/EL_RYL_MK_CTD_HZL_CRM_200G_931865b3.png,1,Home/Attachments,Item,EL_RYL_MK_CTD_HZL_CRM_200G
EL_NW_GMT_COL_ASS_PRA_SIL_365G_931865b3.png,/private/files/chocolat/EL_NW_GMT_COL_ASS_PRA_SIL_365G_931865b3.png,1,Home/Attachments,Item,EL_NW_GMT_COL_ASS_PRA_SIL_365G
EL_NW_GMT_COL_ASS_PRA_GLD_365G_931865b3.png,/private/files/chocolat/EL_NW_GMT_COL_ASS_PRA_GLD_365G_931865b3.png,1,Home/Attachments,Item,EL_NW_GMT_COL_ASS_PRA_GLD_365G
EL_LUX_COL_CHOCO_PRAL_RD__170G_931865b3.png,/private/files/chocolat/EL_LUX_COL_CHOCO_PRAL_RD__170G_931865b3.png,1,Home/Attachments,Item,EL_LUX_COL_CHOCO_PRAL_RD__170G
EL_LUX_COL_CHOCO_PRAL_GR_170G_931865b3.png,/private/files/chocolat/EL_LUX_COL_CHOCO_PRAL_GR_170G_931865b3.png,1,Home/Attachments,Item,EL_LUX_COL_CHOCO_PRAL_GR_170G
EL_LUX_COL_CHOCO_PRA_PCH_170G_931865b3.png,/private/files/chocolat/EL_LUX_COL_CHOCO_PRA_PCH_170G_931865b3.png,1,Home/Attachments,Item,EL_LUX_COL_CHOCO_PRA_PCH_170G
EL_LUX_COL_CHOC_PRALIN_WH_507G_931865b3.png,/private/files/chocolat/EL_LUX_COL_CHOC_PRALIN_WH_507G_931865b3.png,1,Home/Attachments,Item,EL_LUX_COL_CHOC_PRALIN_WH_507G
EL_LUX_COL_CHOC_PRALIN_BL_507G_931865b3.png,/private/files/chocolat/EL_LUX_COL_CHOC_PRALIN_BL_507G_931865b3.png,1,Home/Attachments,Item,EL_LUX_COL_CHOC_PRALIN_BL_507G
EL_HY_H_ASS_MK_DK_CHO_WT_200G_931865b3.png,/private/files/chocolat/EL_HY_H_ASS_MK_DK_CHO_WT_200G_931865b3.png,1,Home/Attachments,Item,EL_HY_H_ASS_MK_DK_CHO_WT_200G
EL_HY_H_ASS_MK_DK_CHO_WHT_156G_931865b3.png,/private/files/chocolat/EL_HY_H_ASS_MK_DK_CHO_WHT_156G_931865b3.png,1,Home/Attachments,Item,EL_HY_H_ASS_MK_DK_CHO_WHT_156G
EL_HY_H_ASS_MK_DK_CHO_RED_156G_931865b3.png,/private/files/chocolat/EL_HY_H_ASS_MK_DK_CHO_RED_156G_931865b3.png,1,Home/Attachments,Item,EL_HY_H_ASS_MK_DK_CHO_RED_156G
EL_HY_H_ASS_MK_DK_CHO_RD_200G_931865b3.png,/private/files/chocolat/EL_HY_H_ASS_MK_DK_CHO_RD_200G_931865b3.png,1,Home/Attachments,Item,EL_HY_H_ASS_MK_DK_CHO_RD_200G
EL_HARD_FANCY_MBON_PACK1000G_931865b3.png,/private/files/chocolat/EL_HARD_FANCY_MBON_PACK1000G_931865b3.png,1,Home/Attachments,Item,EL_HARD_FANCY_MBON_PACK1000G
EL_GMT_MK_CHOC_ASST_FLNG_174G_931865b3.png,/private/files/chocolat/EL_GMT_MK_CHOC_ASST_FLNG_174G_931865b3.png,1,Home/Attachments,Item,EL_GMT_MK_CHOC_ASST_FLNG_174G
EL_GMT_COL_CHOCO__PRA_RBY_160G_931865b3.png,/private/files/chocolat/EL_GMT_COL_CHOCO__PRA_RBY_160G_931865b3.png,1,Home/Attachments,Item,EL_GMT_COL_CHOCO__PRA_RBY_160G
EL_DR_COL_ASS_MK_DK_CHOCO_350G_931865b3.png,/private/files/chocolat/EL_DR_COL_ASS_MK_DK_CHOCO_350G_931865b3.png,1,Home/Attachments,Item,EL_DR_COL_ASS_MK_DK_CHOCO_350G
CRUNCH_FESTIVE_FRIENDS_144G_2b0498fc.png,/private/files/chocolat/CRUNCH_FESTIVE_FRIENDS_144G_2b0498fc.png,1,Home/Attachments,Item,CRUNCH_FESTIVE_FRIENDS_144G
CADBURY_DAIRY_MILK_PS_CARA_80G_03db2516.png,/private/files/chocolat/CADBURY_DAIRY_MILK_PS_CARA_80G_03db2516.png,1,Home/Attachments,Item,CADBURY_DAIRY_MILK_PS_CARA_80G
CADBURY_DAIRY_MLK_CRUNCHIE_80G_560cca24.png,/private/files/chocolat/CADBURY_DAIRY_MLK_CRUNCHIE_80G_560cca24.png,1,Home/Attachments,Item,CADBURY_DAIRY_MLK_CRUNCHIE_80G
CADBURY_DAIRY_MILK_ASTROS_80G_cf2dbd23.png,/private/files/chocolat/CADBURY_DAIRY_MILK_ASTROS_80G_cf2dbd23.png,1,Home/Attachments,Item,CADBURY_DAIRY_MILK_ASTROS_80G
AHMED_FOODS_MINT_SAUCE_300G_931865b3.png,/private/files/condiments_et_sauces/AHMED_FOODS_MINT_SAUCE_300G_931865b3.png,1,Home/Attachments,Item,AHMED_FOODS_MINT_SAUCE_300G
AHMED_FOODS_MANGO_CHIL_SC_300G_931865b3.png,/private/files/condiments_et_sauces/AHMED_FOODS_MANGO_CHIL_SC_300G_931865b3.png,1,Home/Attachments,Item,AHMED_FOODS_MANGO_CHIL_SC_300G
AHMED_FOODS_GR_CHILLI_SCE_300G_931865b3.png,/private/files/condiments_et_sauces/AHMED_FOODS_GR_CHILLI_SCE_300G_931865b3.png,1,Home/Attachments,Item,AHMED_FOODS_GR_CHILLI_SCE_300G
AHMED_FOODS_CORIANDER__SC_300G_931865b3.png,/private/files/condiments_et_sauces/AHMED_FOODS_CORIANDER__SC_300G_931865b3.png,1,Home/Attachments,Item,AHMED_FOODS_CORIANDER__SC_300G
AFANG_SOY_SCE_AM_AC_04_610ML_88222634.jpeg,/private/files/condiments_et_sauces/AFANG_SOY_SCE_AM_AC_04_610ML_88222634.jpeg,1,Home/Attachments,Item,AFANG_SOY_SCE_AM_AC_04_610ML
AFANG_SOY_SCE_AM_AC_02_610ML_c5836f56.jpeg,/private/files/condiments_et_sauces/AFANG_SOY_SCE_AM_AC_02_610ML_c5836f56.jpeg,1,Home/Attachments,Item,AFANG_SOY_SCE_AM_AC_02_610ML
AFANG_DRK_SOY_SCE_AA_04_610ML_1c4085a5.jpeg,/private/files/condiments_et_sauces/AFANG_DRK_SOY_SCE_AA_04_610ML_1c4085a5.jpeg,1,Home/Attachments,Item,AFANG_DRK_SOY_SCE_AA_04_610ML
AFANG_DRK_SOY_SCE_AA_02_610ML_2887c73b.jpeg,/private/files/condiments_et_sauces/AFANG_DRK_SOY_SCE_AA_02_610ML_2887c73b.jpeg,1,Home/Attachments,Item,AFANG_DRK_SOY_SCE_AA_02_610ML
PEPPADEW_TANGY__MILD_125ML_931865b3.png,/private/files/condiments_et_sauces/PEPPADEW_TANGY__MILD_125ML_931865b3.png,1,Home/Attachments,Item,PEPPADEW_TANGY__MILD_125ML
PEPPADEW_TANGY__HOT_125ML_931865b3.png,/private/files/condiments_et_sauces/PEPPADEW_TANGY__HOT_125ML_931865b3.png,1,Home/Attachments,Item,PEPPADEW_TANGY__HOT_125ML
NATURES__SHINE_PL_TOMAT_255KG_931865b3.png,/private/files/condiments_et_sauces/NATURES__SHINE_PL_TOMAT_255KG_931865b3.png,1,Home/Attachments,Item,NATURES__SHINE_PL_TOMAT_255KG
LIFE_THAI_CHILLI_SAUCE_360G_931865b3.png,/private/files/condiments_et_sauces/LIFE_THAI_CHILLI_SAUCE_360G_931865b3.png,1,Home/Attachments,Item,LIFE_THAI_CHILLI_SAUCE_360G
LIFE_SWEET_SOUR_SAUCE_250G_931865b3.png,/private/files/condiments_et_sauces/LIFE_SWEET_SOUR_SAUCE_250G_931865b3.png,1,Home/Attachments,Item,LIFE_SWEET_SOUR_SAUCE_250G
LIFE_PLUM_SAUCE_250G_931865b3.png,/private/files/condiments_et_sauces/LIFE_PLUM_SAUCE_250G_931865b3.png,1,Home/Attachments,Item,LIFE_PLUM_SAUCE_250G
LIFE_OYSTER_SAUCE_510G_931865b3.png,/private/files/condiments_et_sauces/LIFE_OYSTER_SAUCE_510G_931865b3.png,1,Home/Attachments,Item,LIFE_OYSTER_SAUCE_510G
LIFE_HOT_CHILLI_SAUCE_320G_931865b3.png,/private/files/condiments_et_sauces/LIFE_HOT_CHILLI_SAUCE_320G_931865b3.png,1,Home/Attachments,Item,LIFE_HOT_CHILLI_SAUCE_320G
LIFE_CHILLI_SAUCE_340G_931865b3.png,/private/files/condiments_et_sauces/LIFE_CHILLI_SAUCE_340G_931865b3.png,1,Home/Attachments,Item,LIFE_CHILLI_SAUCE_340G
LIFE_CHILLI_GARLIC_SAUCE_320G_931865b3.png,/private/files/condiments_et_sauces/LIFE_CHILLI_GARLIC_SAUCE_320G_931865b3.png,1,Home/Attachments,Item,LIFE_CHILLI_GARLIC_SAUCE_320G
LIFE_BBQ_SAUCE_250G_931865b3.png,/private/files/condiments_et_sauces/LIFE_BBQ_SAUCE_250G_931865b3.png,1,Home/Attachments,Item,LIFE_BBQ_SAUCE_250G
HEINZ_ORIGINAL_BBQ_SAUCE_570G_931865b3.png,/private/files/condiments_et_sauces/HEINZ_ORIGINAL_BBQ_SAUCE_570G_931865b3.png,1,Home/Attachments,Item,HEINZ_ORIGINAL_BBQ_SAUCE_570G
HEINZ_HICKORY_SMOKE_BBQ__580G_931865b3.png,/private/files/condiments_et_sauces/HEINZ_HICKORY_SMOKE_BBQ__580G_931865b3.png,1,Home/Attachments,Item,HEINZ_HICKORY_SMOKE_BBQ__580G
CO_CAPRES_CAPPUCCINES_120G_7a892c43.webp,/private/files/condiments_et_sauces/CO_CAPRES_CAPPUCCINES_120G_7a892c43.webp,1,Home/Attachments,Item,CO_CAPRES_CAPPUCCINES_120G
VETEMENT_ENFANT_REF_3015_dd1bd2a8.png,/private/files/confection_enfant/VETEMENT_ENFANT_REF_3015_dd1bd2a8.png,1,Home/Attachments,Item,VETEMENT_ENFANT_REF_3015
VETEMENT_ENFANT_REF_2080_338c3d73.png,/private/files/confection_enfant/VETEMENT_ENFANT_REF_2080_338c3d73.png,1,Home/Attachments,Item,VETEMENT_ENFANT_REF_2080
VETEMENT_ENFANT_REF_2025_51810cb4.png,/private/files/confection_enfant/VETEMENT_ENFANT_REF_2025_51810cb4.png,1,Home/Attachments,Item,VETEMENT_ENFANT_REF_2025
VETEMENT_ENFANT_REF_2005_3b33691d.png,/private/files/confection_enfant/VETEMENT_ENFANT_REF_2005_3b33691d.png,1,Home/Attachments,Item,VETEMENT_ENFANT_REF_2005
VETEMENT_ENFANT_REF_1085_7b3be54c.png,/private/files/confection_enfant/VETEMENT_ENFANT_REF_1085_7b3be54c.png,1,Home/Attachments,Item,VETEMENT_ENFANT_REF_1085
VETEMENT_REF_1070_9cce9ccd.png,/private/files/confection_enfant/VETEMENT_REF_1070_9cce9ccd.png,1,Home/Attachments,Item,VETEMENT_REF_1070
VETEMENT_ENFANT_REF_1050_6c333d46.png,/private/files/confection_enfant/VETEMENT_ENFANT_REF_1050_6c333d46.png,1,Home/Attachments,Item,VETEMENT_ENFANT_REF_1050
VETEMENT_ENFANT_REF_1025_63a6bea9.png,/private/files/confection_enfant/VETEMENT_ENFANT_REF_1025_63a6bea9.png,1,Home/Attachments,Item,VETEMENT_ENFANT_REF_1025
ROBE_DE_CHAMBRE_ASSORTED_REF_1_2102b855.png,/private/files/confection_femme/ROBE_DE_CHAMBRE_ASSORTED_REF_1_2102b855.png,1,Home/Attachments,Item,ROBE_DE_CHAMBRE_ASSORTED_REF_1
PASHMINA_WITH_DESIGN_285087ec.webp,/private/files/confection_femme/PASHMINA_WITH_DESIGN_285087ec.webp,1,Home/Attachments,Item,PASHMINA_WITH_DESIGN
MAILLOT_PAMELA_7d791374.webp,/private/files/confection_femme/MAILLOT_PAMELA_7d791374.webp,1,Home/Attachments,Item,MAILLOT_PAMELA
MAILLOT_NATATION_JANE_634d4424.webp,/private/files/confection_femme/MAILLOT_NATATION_JANE_634d4424.webp,1,Home/Attachments,Item,MAILLOT_NATATION_JANE
MAILLOT_NAT_LILY_fcabf890.webp,/private/files/confection_femme/MAILLOT_NAT_LILY_fcabf890.webp,1,Home/Attachments,Item,MAILLOT_NAT_LILY
BERE_COPPA_80G_931865b3.png,/private/files/charcuterie_preemballee/BERE_COPPA_80G_931865b3.png,1,Home/Attachments,Item,BERE_COPPA_80G
BELL_TR_JAMBON_CRU_ALLEGE_100G_931865b3.png,/private/files/charcuterie_preemballee/BELL_TR_JAMBON_CRU_ALLEGE_100G_931865b3.png,1,Home/Attachments,Item,BELL_TR_JAMBON_CRU_ALLEGE_100G
BELL_PROSCIUTTO_ITALIA_80G_931865b3.png,/private/files/charcuterie_preemballee/BELL_PROSCIUTTO_ITALIA_80G_931865b3.png,1,Home/Attachments,Item,BELL_PROSCIUTTO_ITALIA_80G
BELL_BARQ_APERO_SAUCPIST_100G_931865b3.png,/private/files/charcuterie_preemballee/BELL_BARQ_APERO_SAUCPIST_100G_931865b3.png,1,Home/Attachments,Item,BELL_BARQ_APERO_SAUCPIST_100G
JC_LEROUX_75CLLA_CHANSON_c5d80884.png,/private/files/champagnes_mousseux/JC_LEROUX_75CLLA_CHANSON_c5d80884.png,1,Home/Attachments,Item,JC_LEROUX_75CLLA_CHANSON
JC_LE_ROUX_LE_DOMAINE_70CL_5b1c5c1f.png,/private/files/champagnes_mousseux/JC_LE_ROUX_LE_DOMAINE_70CL_5b1c5c1f.png,1,Home/Attachments,Item,JC_LE_ROUX_LE_DOMAINE_70CL
GRAHAM_BECK_BRUT_NV_75CL_7df503c6.png,/private/files/champagnes_mousseux/GRAHAM_BECK_BRUT_NV_75CL_7df503c6.png,1,Home/Attachments,Item,GRAHAM_BECK_BRUT_NV_75CL
GOSSIPS_75CL_WHITE_bb1f54ce.png,/private/files/champagnes_mousseux/GOSSIPS_75CL_WHITE_bb1f54ce.png,1,Home/Attachments,Item,GOSSIPS_75CL_WHITE
GOSSIPS_GRAPEFRUIT_ROSE_75CL_0b861249.png,/private/files/champagnes_mousseux/GOSSIPS_GRAPEFRUIT_ROSE_75CL_0b861249.png,1,Home/Attachments,Item,GOSSIPS_GRAPEFRUIT_ROSE_75CL
GORGEOUS_SPKLING_RS_WINE_700ML_2b2d60c0.jpeg,/private/files/champagnes_mousseux/GORGEOUS_SPKLING_RS_WINE_700ML_2b2d60c0.jpeg,1,Home/Attachments,Item,GORGEOUS_SPKLING_RS_WINE_700ML
FRIZZANTE_PERLE_LIME_75CL_a1dce01e.png,/private/files/champagnes_mousseux/FRIZZANTE_PERLE_LIME_75CL_a1dce01e.png,1,Home/Attachments,Item,FRIZZANTE_PERLE_LIME_75CL
FRIZZANTE_GFRUIT_ROSE_75CL_0bf246ef.png,/private/files/champagnes_mousseux/FRIZZANTE_GFRUIT_ROSE_75CL_0bf246ef.png,1,Home/Attachments,Item,FRIZZANTE_GFRUIT_ROSE_75CL
DIAMANT_ROSE_BLC_DE_NOI_75CL_fb11ff0a.png,/private/files/champagnes_mousseux/DIAMANT_ROSE_BLC_DE_NOI_75CL_fb11ff0a.png,1,Home/Attachments,Item,DIAMANT_ROSE_BLC_DE_NOI_75CL
DE_CRAMON_SWEET_75CL_7896deef.jpeg,/private/files/champagnes_mousseux/DE_CRAMON_SWEET_75CL_7896deef.jpeg,1,Home/Attachments,Item,DE_CRAMON_SWEET_75CL
DECRAMON_75CLROSE_061b30ff.png,/private/files/champagnes_mousseux/DECRAMON_75CLROSE_061b30ff.png,1,Home/Attachments,Item,DECRAMON_75CLROSE
CAVA_PATA_NEG_BRT_ROSE_75CL_504bbd8b.png,/private/files/champagnes_mousseux/CAVA_PATA_NEG_BRT_ROSE_75CL_504bbd8b.png,1,Home/Attachments,Item,CAVA_PATA_NEG_BRT_ROSE_75CL
CAPINELLA_BRUT_70CL_ab94e89c.png,/private/files/champagnes_mousseux/CAPINELLA_BRUT_70CL_ab94e89c.png,1,Home/Attachments,Item,CAPINELLA_BRUT_70CL
CALVET_CEL_MOUS_BRUT_ROSE_75CL_f4fb9788.png,/private/files/champagnes_mousseux/CALVET_CEL_MOUS_BRUT_ROSE_75CL_f4fb9788.png,1,Home/Attachments,Item,CALVET_CEL_MOUS_BRUT_ROSE_75CL
BOTTEGA_PROSECCO_DOC_75CL_8b2652d3.png,/private/files/champagnes_mousseux/BOTTEGA_PROSECCO_DOC_75CL_8b2652d3.png,1,Home/Attachments,Item,BOTTEGA_PROSECCO_DOC_75CL
BOTTEGA_POETI_ROSE_75CL_6fd07077.png,/private/files/champagnes_mousseux/BOTTEGA_POETI_ROSE_75CL_6fd07077.png,1,Home/Attachments,Item,BOTTEGA_POETI_ROSE_75CL
BOTTEGA_GOLD_75CL_616e9729.png,/private/files/champagnes_mousseux/BOTTEGA_GOLD_75CL_616e9729.png,1,Home/Attachments,Item,BOTTEGA_GOLD_75CL
BG_ROSE_VIN_MOUSSEUX_C_R_75CL_eed222b9.png,/private/files/champagnes_mousseux/BG_ROSE_VIN_MOUSSEUX_C_R_75CL_eed222b9.png,1,Home/Attachments,Item,BG_ROSE_VIN_MOUSSEUX_C_R_75CL
BELL_BARQ_APERO_SAUCNOIS_100G_931865b3.png,/private/files/charcuterie_preemballee/BELL_BARQ_APERO_SAUCNOIS_100G_931865b3.png,1,Home/Attachments,Item,BELL_BARQ_APERO_SAUCNOIS_100G
BELL_BARQ_APER_SAUCCOMTE_100G_931865b3.png,/private/files/charcuterie_preemballee/BELL_BARQ_APER_SAUCCOMTE_100G_931865b3.png,1,Home/Attachments,Item,BELL_BARQ_APER_SAUCCOMTE_100G
PROVINCE_SALAMDANOIS_10TR_85G_931865b3.png,/private/files/charcuterie_preemballee/PROVINCE_SALAMDANOIS_10TR_85G_931865b3.png,1,Home/Attachments,Item,PROVINCE_SALAMDANOIS_10TR_85G
JAMB_BAYONNE_IGP_6TFIN100G_931865b3.png,/private/files/charcuterie_preemballee/JAMB_BAYONNE_IGP_6TFIN100G_931865b3.png,1,Home/Attachments,Item,JAMB_BAYONNE_IGP_6TFIN100G
ISLA_DELICE_MORTAD_OLIVE_120G_931865b3.png,/private/files/charcuterie_preemballee/ISLA_DELICE_MORTAD_OLIVE_120G_931865b3.png,1,Home/Attachments,Item,ISLA_DELICE_MORTAD_OLIVE_120G
HPAYS_ROSETTE_BIO_16TR_90G_931865b3.png,/private/files/charcuterie_preemballee/HPAYS_ROSETTE_BIO_16TR_90G_931865b3.png,1,Home/Attachments,Item,HPAYS_ROSETTE_BIO_16TR_90G
CITTERIO_TFRESCO_ALTADIGE_70G_931865b3.png,/private/files/charcuterie_preemballee/CITTERIO_TFRESCO_ALTADIGE_70G_931865b3.png,1,Home/Attachments,Item,CITTERIO_TFRESCO_ALTADIGE_70G
CITTERIO_TFRESCO_COTTO_80G_931865b3.png,/private/files/charcuterie_preemballee/CITTERIO_TFRESCO_COTTO_80G_931865b3.png,1,Home/Attachments,Item,CITTERIO_TFRESCO_COTTO_80G
CITTERIO_FRESCO_JAMCOPPA_70G_931865b3.png,/private/files/charcuterie_preemballee/CITTERIO_FRESCO_JAMCOPPA_70G_931865b3.png,1,Home/Attachments,Item,CITTERIO_FRESCO_JAMCOPPA_70G
CO_SAUCISSON_PORC_AIL_VF_300G_931865b3.png,/private/files/charcuterie_preemballee/CO_SAUCISSON_PORC_AIL_VF_300G_931865b3.png,1,Home/Attachments,Item,CO_SAUCISSON_PORC_AIL_VF_300G
CO_SAUCISSON_AIL_FUM_VF_300G_931865b3.png,/private/files/charcuterie_preemballee/CO_SAUCISSON_AIL_FUM_VF_300G_931865b3.png,1,Home/Attachments,Item,CO_SAUCISSON_AIL_FUM_VF_300G
CO_SALAMI_DANOIS_FUM_20T_200G_931865b3.png,/private/files/charcuterie_preemballee/CO_SALAMI_DANOIS_FUM_20T_200G_931865b3.png,1,Home/Attachments,Item,CO_SALAMI_DANOIS_FUM_20T_200G
CO_JAMBON_BAYONNE_6TR_100G_931865b3.png,/private/files/charcuterie_preemballee/CO_JAMBON_BAYONNE_6TR_100G_931865b3.png,1,Home/Attachments,Item,CO_JAMBON_BAYONNE_6TR_100G
CO_CHORIZO_FORT_TRANCHE_100G_931865b3.png,/private/files/charcuterie_preemballee/CO_CHORIZO_FORT_TRANCHE_100G_931865b3.png,1,Home/Attachments,Item,CO_CHORIZO_FORT_TRANCHE_100G
CO_CHORIZO_DOUX_TRANCHE_100G_931865b3.png,/private/files/charcuterie_preemballee/CO_CHORIZO_DOUX_TRANCHE_100G_931865b3.png,1,Home/Attachments,Item,CO_CHORIZO_DOUX_TRANCHE_100G
CO_CHIFFONJBON_CRU_ITAL_80G_931865b3.png,/private/files/charcuterie_preemballee/CO_CHIFFONJBON_CRU_ITAL_80G_931865b3.png,1,Home/Attachments,Item,CO_CHIFFONJBON_CRU_ITAL_80G
CO_BACON_TRANCHE_150G_931865b3.png,/private/files/charcuterie_preemballee/CO_BACON_TRANCHE_150G_931865b3.png,1,Home/Attachments,Item,CO_BACON_TRANCHE_150G
AYOUTH_ANT_HAIRFALL_OIL_100ML_931865b3.png,/private/files/capillaires/AYOUTH_ANT_HAIRFALL_OIL_100ML_931865b3.png,1,Home/Attachments,Item,AYOUTH_ANT_HAIRFALL_OIL_100ML
FREEZ_PACK_M10_f949a2a6.jpeg,/private/files/camping/FREEZ_PACK_M10_f949a2a6.jpeg,1,Home/Attachments,Item,FREEZ_PACK_M10
BIOTECH_ZERO_BAR_DC_CARAM_50G_dcdcdd4c.jpeg,/private/files/cereales/BIOTECH_ZERO_BAR_DC_CARAM_50G_dcdcdd4c.jpeg,1,Home/Attachments,Item,BIOTECH_ZERO_BAR_DC_CARAM_50G
BIOTECH_PROTEIN_BAR_STRAW_70G_cbea5a7b.jpeg,/private/files/cereales/BIOTECH_PROTEIN_BAR_STRAW_70G_cbea5a7b.jpeg,1,Home/Attachments,Item,BIOTECH_PROTEIN_BAR_STRAW_70G
RAPSBERRY_VEG_CAKE_20X20_931865b3.png,/private/files/cake/RAPSBERRY_VEG_CAKE_20X20_931865b3.png,1,Home/Attachments,Item,RAPSBERRY_VEG_CAKE_20X20
MASPAIN_AMANDE_a852dd16.png,/private/files/cake/MASPAIN_AMANDE_a852dd16.png,1,Home/Attachments,Item,MASPAIN_AMANDE
MASPAIN_2025_PERS_fc5dcd44.webp,/private/files/cake/MASPAIN_2025_PERS_fc5dcd44.webp,1,Home/Attachments,Item,MASPAIN_2025_PERS
MASPAIN_1520_PERS_0f6f6ff4.jpeg,/private/files/cake/MASPAIN_1520_PERS_0f6f6ff4.jpeg,1,Home/Attachments,Item,MASPAIN_1520_PERS
HUMMING_BIRD_CAKE_1015P_595e1fe8.png,/private/files/cake/HUMMING_BIRD_CAKE_1015P_595e1fe8.png,1,Home/Attachments,Item,HUMMING_BIRD_CAKE_1015P
BIOTECH_PROTEIN_BAR_PIST_70G_5cd1478e.jpeg,/private/files/cereales/BIOTECH_PROTEIN_BAR_PIST_70G_5cd1478e.jpeg,1,Home/Attachments,Item,BIOTECH_PROTEIN_BAR_PIST_70G
BIOTECH_PROTEIN_BAR_D_CHO_70G_4614fdb0.jpeg,/private/files/cereales/BIOTECH_PROTEIN_BAR_D_CHO_70G_4614fdb0.jpeg,1,Home/Attachments,Item,BIOTECH_PROTEIN_BAR_D_CHO_70G
BA_ENERGY_BAR_FOREST_FRTS_40G_1189cc4d.png,/private/files/cereales/BA_ENERGY_BAR_FOREST_FRTS_40G_1189cc4d.png,1,Home/Attachments,Item,BA_ENERGY_BAR_FOREST_FRTS_40G
ALPEN_BARS_RASP_WITH_YOG_5X29G_4987a2b7.png,/private/files/cereales/ALPEN_BARS_RASP_WITH_YOG_5X29G_4987a2b7.png,1,Home/Attachments,Item,ALPEN_BARS_RASP_WITH_YOG_5X29G
ALPEN_BARS_LIGHT_JAFFA_5X19G_588662fc.png,/private/files/cereales/ALPEN_BARS_LIGHT_JAFFA_5X19G_588662fc.png,1,Home/Attachments,Item,ALPEN_BARS_LIGHT_JAFFA_5X19G
NESTUM_SUPER_IMMUNITY_PROMO_PK_931865b3.png,/private/files/cereales/NESTUM_SUPER_IMMUNITY_PROMO_PK_931865b3.png,1,Home/Attachments,Item,NESTUM_SUPER_IMMUNITY_PROMO_PK
NESTUM_SUP_DIGESTION_PROMO_PK_931865b3.png,/private/files/cereales/NESTUM_SUP_DIGESTION_PROMO_PK_931865b3.png,1,Home/Attachments,Item,NESTUM_SUP_DIGESTION_PROMO_PK
NESTUM_PROMO_PK_450GX2_931865b3.png,/private/files/cereales/NESTUM_PROMO_PK_450GX2_931865b3.png,1,Home/Attachments,Item,NESTUM_PROMO_PK_450GX2
NESTUM_MARIE_250GX_2_PROMO_PK_931865b3.png,/private/files/cereales/NESTUM_MARIE_250GX_2_PROMO_PK_931865b3.png,1,Home/Attachments,Item,NESTUM_MARIE_250GX_2_PROMO_PK
NEST_SWT_CONDENSED_MILK_PR_PK_931865b3.png,/private/files/cereales/NEST_SWT_CONDENSED_MILK_PR_PK_931865b3.png,1,Home/Attachments,Item,NEST_SWT_CONDENSED_MILK_PR_PK
FREEZ_PACK_M_30_76cee38a.jpeg,/private/files/camping/FREEZ_PACK_M_30_76cee38a.jpeg,1,Home/Attachments,Item,FREEZ_PACK_M_30
FREEZ_PACK_M_20_f017f46e.png,/private/files/camping/FREEZ_PACK_M_20_f017f46e.png,1,Home/Attachments,Item,FREEZ_PACK_M_20
AYOUTH_AHAIR_FALL_SHP_300ML_931865b3.png,/private/files/capillaires/AYOUTH_AHAIR_FALL_SHP_300ML_931865b3.png,1,Home/Attachments,Item,AYOUTH_AHAIR_FALL_SHP_300ML
AYOUTH_ANTI_DANDRUF_SHP_300ML_931865b3.png,/private/files/capillaires/AYOUTH_ANTI_DANDRUF_SHP_300ML_931865b3.png,1,Home/Attachments,Item,AYOUTH_ANTI_DANDRUF_SHP_300ML
ALTEN_COL_NO44_CHAT_ACAJOU_48980650.png,/private/files/capillaires/ALTEN_COL_NO44_CHAT_ACAJOU_48980650.png,1,Home/Attachments,Item,ALTEN_COL_NO44_CHAT_ACAJOU
ALTEN_COL_NO4_CHATAIN_ce743210.png,/private/files/capillaires/ALTEN_COL_NO4_CHATAIN_ce743210.png,1,Home/Attachments,Item,ALTEN_COL_NO4_CHATAIN
ALPECIN_SHP_DANDR_KILLER_250ML_931865b3.png,/private/files/capillaires/ALPECIN_SHP_DANDR_KILLER_250ML_931865b3.png,1,Home/Attachments,Item,ALPECIN_SHP_DANDR_KILLER_250ML
ADDICT_ORG_OIL_YLANG__HS_250ML_ef069e53.png,/private/files/capillaires/ADDICT_ORG_OIL_YLANG__HS_250ML_ef069e53.png,1,Home/Attachments,Item,ADDICT_ORG_OIL_YLANG__HS_250ML
ADDICT_ORG__MINT_HS_250ML_544b57ac.png,/private/files/capillaires/ADDICT_ORG__MINT_HS_250ML_544b57ac.png,1,Home/Attachments,Item,ADDICT_ORG__MINT_HS_250ML
ADDICT_ORG_OIL_HIBISC_HS_250ML_d0494734.png,/private/files/capillaires/ADDICT_ORG_OIL_HIBISC_HS_250ML_d0494734.png,1,Home/Attachments,Item,ADDICT_ORG_OIL_HIBISC_HS_250ML
ADDICT_ORG_COCO_OIL_500ML_81db98db.png,/private/files/capillaires/ADDICT_ORG_COCO_OIL_500ML_81db98db.png,1,Home/Attachments,Item,ADDICT_ORG_COCO_OIL_500ML
ADDICT_ORG_COCO_OIL_250ML_ea2d3249.png,/private/files/capillaires/ADDICT_ORG_COCO_OIL_250ML_ea2d3249.png,1,Home/Attachments,Item,ADDICT_ORG_COCO_OIL_250ML
BE_NESPCAFE_AU_LAIT_X_16_72G_30bb6bd6.jpeg,/private/files/cafes_chicorees/BE_NESPCAFE_AU_LAIT_X_16_72G_30bb6bd6.jpeg,1,Home/Attachments,Item,BE_NESPCAFE_AU_LAIT_X_16_72G
BE_NESPRESSO_CAFE_AMAN_X16_72G_07daa3a9.webp,/private/files/cafes_chicorees/BE_NESPRESSO_CAFE_AMAN_X16_72G_07daa3a9.webp,1,Home/Attachments,Item,BE_NESPRESSO_CAFE_AMAN_X16_72G
BULKHEAD_ROUND_WB_15W_WHITE_394e318c.png,/private/files/bricomaisonjardin/BULKHEAD_ROUND_WB_15W_WHITE_394e318c.png,1,Home/Attachments,Item,BULKHEAD_ROUND_WB_15W_WHITE
FLOODLIGHT_LED_VALUE_30W_WHITE_049eb997.png,/private/files/brico_equipement/FLOODLIGHT_LED_VALUE_30W_WHITE_049eb997.png,1,Home/Attachments,Item,FLOODLIGHT_LED_VALUE_30W_WHITE
FLOODLIGHT_LED_G2_VALUE_30W_WM_7594bb29.png,/private/files/brico_equipement/FLOODLIGHT_LED_G2_VALUE_30W_WM_7594bb29.png,1,Home/Attachments,Item,FLOODLIGHT_LED_G2_VALUE_30W_WM
E27_LED_CANDLE__4W_WARM_d7bd7ee3.png,/private/files/brico_equipement/E27_LED_CANDLE__4W_WARM_d7bd7ee3.png,1,Home/Attachments,Item,E27_LED_CANDLE__4W_WARM
CEILING_LAMP_ROUND_10W_WHITE_f99f0be3.png,/private/files/brico_equipement/CEILING_LAMP_ROUND_10W_WHITE_f99f0be3.png,1,Home/Attachments,Item,CEILING_LAMP_ROUND_10W_WHITE
BULKHEAD_ROUND_WB_15W_WARM_aca83d47.png,/private/files/bricomaisonjardin/BULKHEAD_ROUND_WB_15W_WARM_aca83d47.png,1,Home/Attachments,Item,BULKHEAD_ROUND_WB_15W_WARM
BULKHEAD_ROUND_BB_15W_WHITE_fbf315e4.png,/private/files/bricomaisonjardin/BULKHEAD_ROUND_BB_15W_WHITE_fbf315e4.png,1,Home/Attachments,Item,BULKHEAD_ROUND_BB_15W_WHITE
BULKHEAD_ROUND_BB_15W_WARM_5e337947.png,/private/files/bricomaisonjardin/BULKHEAD_ROUND_BB_15W_WARM_5e337947.png,1,Home/Attachments,Item,BULKHEAD_ROUND_BB_15W_WARM
BULKHEAD_ROUND_OB_15W_WARM_2256e7b2.png,/private/files/bricomaisonjardin/BULKHEAD_ROUND_OB_15W_WARM_2256e7b2.png,1,Home/Attachments,Item,BULKHEAD_ROUND_OB_15W_WARM
BURN_CANDLE_MULTICOLOR_12CM_50d862d7.jpeg,/private/files/cadeaux/BURN_CANDLE_MULTICOLOR_12CM_50d862d7.jpeg,1,Home/Attachments,Item,BURN_CANDLE_MULTICOLOR_12CM
BOUGIE_BLANC_X25_700G_d17f61d8.webp,/private/files/cadeaux/BOUGIE_BLANC_X25_700G_d17f61d8.webp,1,Home/Attachments,Item,BOUGIE_BLANC_X25_700G
BOAT_PHOTO_FRAME_931865b3.png,/private/files/cadeaux/BOAT_PHOTO_FRAME_931865b3.png,1,Home/Attachments,Item,BOAT_PHOTO_FRAME
BIRTHDAY_CANDLE_X24__50026_acbc410c.png,/private/files/cadeaux/BIRTHDAY_CANDLE_X24__50026_acbc410c.png,1,Home/Attachments,Item,BIRTHDAY_CANDLE_X24__50026
BAG_ECRUE_DODO_MAURITIUS_931865b3.png,/private/files/cadeaux/BAG_ECRUE_DODO_MAURITIUS_931865b3.png,1,Home/Attachments,Item,BAG_ECRUE_DODO_MAURITIUS
BAG_ECRUE_CANVAS_MAURITIUS_931865b3.png,/private/files/cadeaux/BAG_ECRUE_CANVAS_MAURITIUS_931865b3.png,1,Home/Attachments,Item,BAG_ECRUE_CANVAS_MAURITIUS
24PCS_CANDLE_SET_CAKE_SERVER_43a228b8.png,/private/files/cadeaux/24PCS_CANDLE_SET_CAKE_SERVER_43a228b8.png,1,Home/Attachments,Item,24PCS_CANDLE_SET_CAKE_SERVER
BE_NESPRESS_CAFE_VAN_X_16_128G_d215e4d6.jpeg,/private/files/cafes_chicorees/BE_NESPRESS_CAFE_VAN_X_16_128G_d215e4d6.jpeg,1,Home/Attachments,Item,BE_NESPRESS_CAFE_VAN_X_16_128G
BELSL_20_ESPBIO_COLOM52G_00b9d673.png,/private/files/cafes_chicorees/BELSL_20_ESPBIO_COLOM52G_00b9d673.png,1,Home/Attachments,Item,BELSL_20_ESPBIO_COLOM52G
AROMARA_NC_SPECIAL_BLEND_56G_931865b3.png,/private/files/cafes_chicorees/AROMARA_NC_SPECIAL_BLEND_56G_931865b3.png,1,Home/Attachments,Item,AROMARA_NC_SPECIAL_BLEND_56G
AROMARA_NC_LUNGO_56G_931865b3.png,/private/files/cafes_chicorees/AROMARA_NC_LUNGO_56G_931865b3.png,1,Home/Attachments,Item,AROMARA_NC_LUNGO_56G
AROMARA_NC_GRAND_CRU_56G_931865b3.png,/private/files/cafes_chicorees/AROMARA_NC_GRAND_CRU_56G_931865b3.png,1,Home/Attachments,Item,AROMARA_NC_GRAND_CRU_56G
AROM_COFFEE_CAP_NC_DECAF_56G_931865b3.png,/private/files/cafes_chicorees/AROM_COFFEE_CAP_NC_DECAF_56G_931865b3.png,1,Home/Attachments,Item,AROM_COFFEE_CAP_NC_DECAF_56G
ACACIA_COF_GOURMET_BLEND_375G_931865b3.png,/private/files/cafes_chicorees/ACACIA_COF_GOURMET_BLEND_375G_931865b3.png,1,Home/Attachments,Item,ACACIA_COF_GOURMET_BLEND_375G
ACACIA_COF_ESPRESSO_BLEND_375G_931865b3.png,/private/files/cafes_chicorees/ACACIA_COF_ESPRESSO_BLEND_375G_931865b3.png,1,Home/Attachments,Item,ACACIA_COF_ESPRESSO_BLEND_375G
STARBUCKS_COLUMBIA_X_18_CAPS_fafbc7bb.jpeg,/private/files/cafes_chicorees/STARBUCKS_COLUMBIA_X_18_CAPS_fafbc7bb.jpeg,1,Home/Attachments,Item,STARBUCKS_COLUMBIA_X_18_CAPS
JACOBS_KRONUNG_INSTANT_95G_931865b3.png,/private/files/cafes_chicorees/JACOBS_KRONUNG_INSTANT_95G_931865b3.png,1,Home/Attachments,Item,JACOBS_KRONUNG_INSTANT_95G
JACOBS_GOLD_INSTANT_95G_931865b3.png,/private/files/cafes_chicorees/JACOBS_GOLD_INSTANT_95G_931865b3.png,1,Home/Attachments,Item,JACOBS_GOLD_INSTANT_95G
CO_CAPSESPRESSO_DK_X10_52G_931865b3.png,/private/files/cafes_chicorees/CO_CAPSESPRESSO_DK_X10_52G_931865b3.png,1,Home/Attachments,Item,CO_CAPSESPRESSO_DK_X10_52G
CO_CAFE_MARASCILIOR_250G_931865b3.png,/private/files/cafes_chicorees/CO_CAFE_MARASCILIOR_250G_931865b3.png,1,Home/Attachments,Item,CO_CAFE_MARASCILIOR_250G
SB_FILET_DE_BOEUF_SA_171fc386.jpeg,/private/files/boucherie_ls/SB_FILET_DE_BOEUF_SA_171fc386.jpeg,1,Home/Attachments,Item,SB_FILET_DE_BOEUF_SA
SB_FAUX_FILET_DE_BOEUF_AUS_7e1be7ef.webp,/private/files/boucherie_ls/SB_FAUX_FILET_DE_BOEUF_AUS_7e1be7ef.webp,1,Home/Attachments,Item,SB_FAUX_FILET_DE_BOEUF_AUS
2_ZERO_DOUBLE_CHOCOLATE_60G_315e1942.png,/private/files/biscuiterie_sucree/2_ZERO_DOUBLE_CHOCOLATE_60G_315e1942.png,1,Home/Attachments,Item,2_ZERO_DOUBLE_CHOCOLATE_60G
SEASONS_FESTIVE_GIFT_BOX_2021_931865b3.png,/private/files/biscuiterie_sucree/SEASONS_FESTIVE_GIFT_BOX_2021_931865b3.png,1,Home/Attachments,Item,SEASONS_FESTIVE_GIFT_BOX_2021
RDANSK_CHOCOCHIP_COOKIES_454G_931865b3.png,/private/files/biscuiterie_sucree/RDANSK_CHOCOCHIP_COOKIES_454G_931865b3.png,1,Home/Attachments,Item,RDANSK_CHOCOCHIP_COOKIES_454G
ROYDANSK_BUTTER_COOKIES_908G_931865b3.png,/private/files/biscuiterie_sucree/ROYDANSK_BUTTER_COOKIES_908G_931865b3.png,1,Home/Attachments,Item,ROYDANSK_BUTTER_COOKIES_908G
REDONDO_CHOCOLATE_300G_931865b3.png,/private/files/biscuiterie_sucree/REDONDO_CHOCOLATE_300G_931865b3.png,1,Home/Attachments,Item,REDONDO_CHOCOLATE_300G
LA_BRITISH_BUTCOOKIES_TN_340G_931865b3.png,/private/files/biscuiterie_sucree/LA_BRITISH_BUTCOOKIES_TN_340G_931865b3.png,1,Home/Attachments,Item,LA_BRITISH_BUTCOOKIES_TN_340G
FORCHY_XMAS_CAKE_P_BEURRE_300G_931865b3.png,/private/files/biscuiterie_sucree/FORCHY_XMAS_CAKE_P_BEURRE_300G_931865b3.png,1,Home/Attachments,Item,FORCHY_XMAS_CAKE_P_BEURRE_300G
FORCHY_CAKES_POMMES_250G_931865b3.png,/private/files/biscuiterie_sucree/FORCHY_CAKES_POMMES_250G_931865b3.png,1,Home/Attachments,Item,FORCHY_CAKES_POMMES_250G
FORCHY_CAKES_FRUIT_CAKES_275G_931865b3.png,/private/files/biscuiterie_sucree/FORCHY_CAKES_FRUIT_CAKES_275G_931865b3.png,1,Home/Attachments,Item,FORCHY_CAKES_FRUIT_CAKES_275G
DANFES_DULCE_BCOOKIES_T_340G_931865b3.png,/private/files/biscuiterie_sucree/DANFES_DULCE_BCOOKIES_T_340G_931865b3.png,1,Home/Attachments,Item,DANFES_DULCE_BCOOKIES_T_340G
DANIMA_BUTTER_COOKIES_300_G_931865b3.png,/private/files/biscuiterie_sucree/DANIMA_BUTTER_COOKIES_300_G_931865b3.png,1,Home/Attachments,Item,DANIMA_BUTTER_COOKIES_300_G
DANIMA_DEER_FES_BCOOKIES_340G_931865b3.png,/private/files/biscuiterie_sucree/DANIMA_DEER_FES_BCOOKIES_340G_931865b3.png,1,Home/Attachments,Item,DANIMA_DEER_FES_BCOOKIES_340G
DANESITA_CHOCOLAT_CHIP_CK_200G_931865b3.png,/private/files/biscuiterie_sucree/DANESITA_CHOCOLAT_CHIP_CK_200G_931865b3.png,1,Home/Attachments,Item,DANESITA_CHOCOLAT_CHIP_CK_200G
BUCHE_PATISSIERE_VAN_350G_931865b3.png,/private/files/biscuiterie_sucree/BUCHE_PATISSIERE_VAN_350G_931865b3.png,1,Home/Attachments,Item,BUCHE_PATISSIERE_VAN_350G
SAVANE_CAKE_TOUT_CHOC_310G_931865b3.png,/private/files/biscuiterie_sucree/SAVANE_CAKE_TOUT_CHOC_310G_931865b3.png,1,Home/Attachments,Item,SAVANE_CAKE_TOUT_CHOC_310G
BRITANNIA_TREAT_WAFERS_VAN_75G_931865b3.png,/private/files/biscuiterie_sucree/BRITANNIA_TREAT_WAFERS_VAN_75G_931865b3.png,1,Home/Attachments,Item,BRITANNIA_TREAT_WAFERS_VAN_75G
BRITANNIA_TREAT_WAFERS_ORA_75G_931865b3.png,/private/files/biscuiterie_sucree/BRITANNIA_TREAT_WAFERS_ORA_75G_931865b3.png,1,Home/Attachments,Item,BRITANNIA_TREAT_WAFERS_ORA_75G
BRITANNIA_TREAT_WAFERS_HAZ_75G_931865b3.png,/private/files/biscuiterie_sucree/BRITANNIA_TREAT_WAFERS_HAZ_75G_931865b3.png,1,Home/Attachments,Item,BRITANNIA_TREAT_WAFERS_HAZ_75G
BRITANNIA_TREAT_WAFERS_CHO_75G_931865b3.png,/private/files/biscuiterie_sucree/BRITANNIA_TREAT_WAFERS_CHO_75G_931865b3.png,1,Home/Attachments,Item,BRITANNIA_TREAT_WAFERS_CHO_75G
BRITANNIA_TREAT_WAF_STRAW_75G_931865b3.png,/private/files/biscuiterie_sucree/BRITANNIA_TREAT_WAF_STRAW_75G_931865b3.png,1,Home/Attachments,Item,BRITANNIA_TREAT_WAF_STRAW_75G
BRITANNIA_TREAT_KOOL_VANIL_40G_931865b3.png,/private/files/biscuiterie_sucree/BRITANNIA_TREAT_KOOL_VANIL_40G_931865b3.png,1,Home/Attachments,Item,BRITANNIA_TREAT_KOOL_VANIL_40G
BRITANNIA_TREAT_FUNKY_CHOC_40G_931865b3.png,/private/files/biscuiterie_sucree/BRITANNIA_TREAT_FUNKY_CHOC_40G_931865b3.png,1,Home/Attachments,Item,BRITANNIA_TREAT_FUNKY_CHOC_40G
SB_FAUX_FILET_DE_BOEUF_SA_aa977abf.png,/private/files/boucherie_ls/SB_FAUX_FILET_DE_BOEUF_SA_aa977abf.png,1,Home/Attachments,Item,SB_FAUX_FILET_DE_BOEUF_SA
SB_CUISSOT_DE_CERF_SANS_OS_d24dbb14.png,/private/files/boucherie_ls/SB_CUISSOT_DE_CERF_SANS_OS_d24dbb14.png,1,Home/Attachments,Item,SB_CUISSOT_DE_CERF_SANS_OS
SB_CUISSOT_DE_CERF_AVEC_OS_0d27c696.png,/private/files/boucherie_ls/SB_CUISSOT_DE_CERF_AVEC_OS_0d27c696.png,1,Home/Attachments,Item,SB_CUISSOT_DE_CERF_AVEC_OS
SB_CARRI_DE_CERF_SANS_OS_381c259e.png,/private/files/boucherie_ls/SB_CARRI_DE_CERF_SANS_OS_381c259e.png,1,Home/Attachments,Item,SB_CARRI_DE_CERF_SANS_OS
SB_CARRI_DE_CERF_AVEC_OS_22918cf1.png,/private/files/boucherie_ls/SB_CARRI_DE_CERF_AVEC_OS_22918cf1.png,1,Home/Attachments,Item,SB_CARRI_DE_CERF_AVEC_OS
SB_BOEUF_EN_MORCEAUX_AUS_931865b3.png,/private/files/boucherie_ls/SB_BOEUF_EN_MORCEAUX_AUS_931865b3.png,1,Home/Attachments,Item,SB_BOEUF_EN_MORCEAUX_AUS
SB_BEEF_RUMP_STEAK_931865b3.png,/private/files/boucherie_ls/SB_BEEF_RUMP_STEAK_931865b3.png,1,Home/Attachments,Item,SB_BEEF_RUMP_STEAK
PAN_OXTAIL_AUS_SVIDE_60bfa235.jpeg,/private/files/boucherie_ls/PAN_OXTAIL_AUS_SVIDE_60bfa235.jpeg,1,Home/Attachments,Item,PAN_OXTAIL_AUS_SVIDE
PAN_LAMB_BLESS_LEG_TRANC_5060_ae5cb32c.png,/private/files/boucherie_ls/PAN_LAMB_BLESS_LEG_TRANC_5060_ae5cb32c.png,1,Home/Attachments,Item,PAN_LAMB_BLESS_LEG_TRANC_5060
PAN_BEEF_STRIPLOIN_2141_TRANCH_0b07851f.jpeg,/private/files/boucherie_ls/PAN_BEEF_STRIPLOIN_2141_TRANCH_0b07851f.jpeg,1,Home/Attachments,Item,PAN_BEEF_STRIPLOIN_2141_TRANCH
PAN_BEEF_FLANKSTEAK_2210_TRANC_37d0f78d.png,/private/files/boucherie_ls/PAN_BEEF_FLANKSTEAK_2210_TRANC_37d0f78d.png,1,Home/Attachments,Item,PAN_BEEF_FLANKSTEAK_2210_TRANC
PAN_BEEF_CUBEROLL_2240_TRANCHE_64d7b6a5.png,/private/files/boucherie_ls/PAN_BEEF_CUBEROLL_2240_TRANCHE_64d7b6a5.png,1,Home/Attachments,Item,PAN_BEEF_CUBEROLL_2240_TRANCHE
COLD_CHAIN_STRIPLOIN_5cca007e.jpeg,/private/files/boucherie_ls/COLD_CHAIN_STRIPLOIN_5cca007e.jpeg,1,Home/Attachments,Item,COLD_CHAIN_STRIPLOIN
COLD_CHAIN_RUMP_6d1b7058.png,/private/files/boucherie_ls/COLD_CHAIN_RUMP_6d1b7058.png,1,Home/Attachments,Item,COLD_CHAIN_RUMP
COLD_CHAIN_RIB_EYE_798daade.jpeg,/private/files/boucherie_ls/COLD_CHAIN_RIB_EYE_798daade.jpeg,1,Home/Attachments,Item,COLD_CHAIN_RIB_EYE
MINI_NAPOLITAINE_X5PCS_ff1684f5.png,/private/files/biscuits/MINI_NAPOLITAINE_X5PCS_ff1684f5.png,1,Home/Attachments,Item,MINI_NAPOLITAINE_X5PCS
CHOCOLATE_COOKIES_X_5PCS_c6f357b5.jpeg,/private/files/biscuits/CHOCOLATE_COOKIES_X_5PCS_c6f357b5.jpeg,1,Home/Attachments,Item,CHOCOLATE_COOKIES_X_5PCS
ALTAVIDA_SBERRY_N_MINT_250ML_818fc8f7.jpeg,/private/files/boissons_sans_alcool/ALTAVIDA_SBERRY_N_MINT_250ML_818fc8f7.jpeg,1,Home/Attachments,Item,ALTAVIDA_SBERRY_N_MINT_250ML
ALTAVIDA_ORIGINAL_250ML_124512c5.jpeg,/private/files/boissons_sans_alcool/ALTAVIDA_ORIGINAL_250ML_124512c5.jpeg,1,Home/Attachments,Item,ALTAVIDA_ORIGINAL_250ML
ALTAVIDA_MELON_N_CNUT_250ML_7086cc1e.jpeg,/private/files/boissons_sans_alcool/ALTAVIDA_MELON_N_CNUT_250ML_7086cc1e.jpeg,1,Home/Attachments,Item,ALTAVIDA_MELON_N_CNUT_250ML
7_UP_DIET_05LT_edab3cae.png,/private/files/boissons_sans_alcool/7_UP_DIET_05LT_edab3cae.png,1,Home/Attachments,Item,7_UP_DIET_05LT
7_UP_DIET_15LT_5725b697.png,/private/files/boissons_sans_alcool/7_UP_DIET_15LT_5725b697.png,1,Home/Attachments,Item,7_UP_DIET_15LT
3_HORSE_DARK_MALTA_330ML_CAN_294694b2.png,/private/files/boissons_sans_alcool/3_HORSE_DARK_MALTA_330ML_CAN_294694b2.png,1,Home/Attachments,Item,3_HORSE_DARK_MALTA_330ML_CAN
3_HORSE_DARK_MALTA_330ML_PINT_6af3ed4b.png,/private/files/boissons_sans_alcool/3_HORSE_DARK_MALTA_330ML_PINT_6af3ed4b.png,1,Home/Attachments,Item,3_HORSE_DARK_MALTA_330ML_PINT
3_HORSES_CLEAR_MALTA_330ML_CAN_7ea08bd3.png,/private/files/boissons_sans_alcool/3_HORSES_CLEAR_MALTA_330ML_CAN_7ea08bd3.png,1,Home/Attachments,Item,3_HORSES_CLEAR_MALTA_330ML_CAN
TLJ_NECTAR_MULTIVITAMINE_1L_931865b3.png,/private/files/boissons_sans_alcool/TLJ_NECTAR_MULTIVITAMINE_1L_931865b3.png,1,Home/Attachments,Item,TLJ_NECTAR_MULTIVITAMINE_1L
BYOND_RICE_CHIPS_SAL_PA_70G_4b365f92.jpeg,/private/files/bien_etre_dietetique_bio/BYOND_RICE_CHIPS_SAL_PA_70G_4b365f92.jpeg,1,Home/Attachments,Item,BYOND_RICE_CHIPS_SAL_PA_70G
BYOND_RICE_CHIPS_HWA_SS_70G_6adb3822.png,/private/files/bien_etre_dietetique_bio/BYOND_RICE_CHIPS_HWA_SS_70G_6adb3822.png,1,Home/Attachments,Item,BYOND_RICE_CHIPS_HWA_SS_70G
BYOND_RICE_CHIPS_CHED_TC_70G_e6571c3a.png,/private/files/bien_etre_dietetique_bio/BYOND_RICE_CHIPS_CHED_TC_70G_e6571c3a.png,1,Home/Attachments,Item,BYOND_RICE_CHIPS_CHED_TC_70G
BOSTEELS_BRY_KRM_TRIPEL_330ML_e1db31ad.png,/private/files/bieres_et_cidres/BOSTEELS_BRY_KRM_TRIPEL_330ML_e1db31ad.png,1,Home/Attachments,Item,BOSTEELS_BRY_KRM_TRIPEL_330ML
KGOLD_SOFTER_BUTTER_227G_1d291403.png,/private/files/beurre/KGOLD_SOFTER_BUTTER_227G_1d291403.png,1,Home/Attachments,Item,KGOLD_SOFTER_BUTTER_227G
ERICA_UNSALTED_BUTTER_200G_ff05bd4d.png,/private/files/beurre/ERICA_UNSALTED_BUTTER_200G_ff05bd4d.png,1,Home/Attachments,Item,ERICA_UNSALTED_BUTTER_200G
ERICA_SALTED_BUTTER_200G_62f0ba41.png,/private/files/beurre/ERICA_SALTED_BUTTER_200G_62f0ba41.png,1,Home/Attachments,Item,ERICA_SALTED_BUTTER_200G
EV_SPREAD_20_MG_DOUX_250G_9e6f99bf.png,/private/files/beurre/EV_SPREAD_20_MG_DOUX_250G_9e6f99bf.png,1,Home/Attachments,Item,EV_SPREAD_20_MG_DOUX_250G
EV_BEURRE_CLASSIQUE_DX_200G_49928e49.png,/private/files/beurre/EV_BEURRE_CLASSIQUE_DX_200G_49928e49.png,1,Home/Attachments,Item,EV_BEURRE_CLASSIQUE_DX_200G
BEURRIER_TENDRE_PRES_1_2S_250G_09028003.png,/private/files/beurre/BEURRIER_TENDRE_PRES_1_2S_250G_09028003.png,1,Home/Attachments,Item,BEURRIER_TENDRE_PRES_1_2S_250G
BLUE_MARLIN_CAN_330ML_b5fe6ce0.png,/private/files/bieres_et_cidres/BLUE_MARLIN_CAN_330ML_b5fe6ce0.png,1,Home/Attachments,Item,BLUE_MARLIN_CAN_330ML
BLUE_MARLIN_BEER_330ML_PINTS_28de30d5.png,/private/files/bieres_et_cidres/BLUE_MARLIN_BEER_330ML_PINTS_28de30d5.png,1,Home/Attachments,Item,BLUE_MARLIN_BEER_330ML_PINTS
BLUE_MARLIN_BEER_BTL_650ML_f702841c.png,/private/files/bieres_et_cidres/BLUE_MARLIN_BEER_BTL_650ML_f702841c.png,1,Home/Attachments,Item,BLUE_MARLIN_BEER_BTL_650ML
BELGRAVIA_GIN_TON_PREMIX_440ML_931865b3.png,/private/files/bieres_et_cidres/BELGRAVIA_GIN_TON_PREMIX_440ML_931865b3.png,1,Home/Attachments,Item,BELGRAVIA_GIN_TON_PREMIX_440ML
BELGRAVIA_GIN_PINK_TON_P_275ML_e55f7864.jpeg,/private/files/bieres_et_cidres/BELGRAVIA_GIN_PINK_TON_P_275ML_e55f7864.jpeg,1,Home/Attachments,Item,BELGRAVIA_GIN_PINK_TON_P_275ML
BELGRAVIA_GIN_DRY_LEM_P_275ML_afcc17f3.jpeg,/private/files/bieres_et_cidres/BELGRAVIA_GIN_DRY_LEM_P_275ML_afcc17f3.jpeg,1,Home/Attachments,Item,BELGRAVIA_GIN_DRY_LEM_P_275ML
BELGRAVIA_GIN_DARK_CHRY_440ML_2f0da3c6.png,/private/files/bieres_et_cidres/BELGRAVIA_GIN_DARK_CHRY_440ML_2f0da3c6.png,1,Home/Attachments,Item,BELGRAVIA_GIN_DARK_CHRY_440ML
BELGRAVIA_GIN_DARK_CHRY_275ML_e7eb0193.jpeg,/private/files/bieres_et_cidres/BELGRAVIA_GIN_DARK_CHRY_275ML_e7eb0193.jpeg,1,Home/Attachments,Item,BELGRAVIA_GIN_DARK_CHRY_275ML
BELGRAVIA_GIN_BLUE_TON_P_275ML_c90088be.jpeg,/private/files/bieres_et_cidres/BELGRAVIA_GIN_BLUE_TON_P_275ML_c90088be.jpeg,1,Home/Attachments,Item,BELGRAVIA_GIN_BLUE_TON_P_275ML
BACARDI_BREEZER_GP_FRUIT_275ML_931865b3.png,/private/files/bieres_et_cidres/BACARDI_BREEZER_GP_FRUIT_275ML_931865b3.png,1,Home/Attachments,Item,BACARDI_BREEZER_GP_FRUIT_275ML
AMSTEL_GREEN_50CL_CAN_80224498.png,/private/files/bieres_et_cidres/AMSTEL_GREEN_50CL_CAN_80224498.png,1,Home/Attachments,Item,AMSTEL_GREEN_50CL_CAN
CO_WHT_ALE_COLL_HOUB_33CL_931865b3.png,/private/files/bieres_et_cidres/CO_WHT_ALE_COLL_HOUB_33CL_931865b3.png,1,Home/Attachments,Item,CO_WHT_ALE_COLL_HOUB_33CL
CO_IPA_COLL_HOUB_6D_33CL_931865b3.png,/private/files/bieres_et_cidres/CO_IPA_COLL_HOUB_6D_33CL_931865b3.png,1,Home/Attachments,Item,CO_IPA_COLL_HOUB_6D_33CL
CO_GOLDEN_ALE_COLL_HOUB_33CL_931865b3.png,/private/files/bieres_et_cidres/CO_GOLDEN_ALE_COLL_HOUB_33CL_931865b3.png,1,Home/Attachments,Item,CO_GOLDEN_ALE_COLL_HOUB_33CL
CO_BLK_ALE_COLL_HOUB_6D_33CL_931865b3.png,/private/files/bieres_et_cidres/CO_BLK_ALE_COLL_HOUB_6D_33CL_931865b3.png,1,Home/Attachments,Item,CO_BLK_ALE_COLL_HOUB_6D_33CL
CO_B_DAVELGHEM_BLC_4D5_6X25CL_931865b3.png,/private/files/bieres_et_cidres/CO_B_DAVELGHEM_BLC_4D5_6X25CL_931865b3.png,1,Home/Attachments,Item,CO_B_DAVELGHEM_BLC_4D5_6X25CL
CO_BIERE_DAVELGHEM_6D6_6X25CL_931865b3.png,/private/files/bieres_et_cidres/CO_BIERE_DAVELGHEM_6D6_6X25CL_931865b3.png,1,Home/Attachments,Item,CO_BIERE_DAVELGHEM_6D6_6X25CL
ANGELS_NOUGATS_BISCUIT_GINGER_29b5dbed.png,/private/files/bien_etre_dietetique_bio/ANGELS_NOUGATS_BISCUIT_GINGER_29b5dbed.png,1,Home/Attachments,Item,ANGELS_NOUGATS_BISCUIT_GINGER
ACETO_ORGCR_BALS_VIN_MO_150ML_8e47b268.jpeg,/private/files/bien_etre_dietetique_bio/ACETO_ORGCR_BALS_VIN_MO_150ML_8e47b268.jpeg,1,Home/Attachments,Item,ACETO_ORGCR_BALS_VIN_MO_150ML
ACETO_ORG_CR_ACIDER_VIN_150ML_c4a26a0d.jpeg,/private/files/bien_etre_dietetique_bio/ACETO_ORG_CR_ACIDER_VIN_150ML_c4a26a0d.jpeg,1,Home/Attachments,Item,ACETO_ORG_CR_ACIDER_VIN_150ML
A_LOLIVIER_VINDE_XERES_250ML_1b44296e.jpeg,/private/files/bien_etre_dietetique_bio/A_LOLIVIER_VINDE_XERES_250ML_1b44296e.jpeg,1,Home/Attachments,Item,A_LOLIVIER_VINDE_XERES_250ML
A_LOLIVIER_VINAIGRE_VIN_250ML_e8158a89.webp,/private/files/bien_etre_dietetique_bio/A_LOLIVIER_VINAIGRE_VIN_250ML_e8158a89.webp,1,Home/Attachments,Item,A_LOLIVIER_VINAIGRE_VIN_250ML
KUPIEC_SLIM_CORN_CAKES_NAT_84G_931865b3.png,/private/files/bien_etre_dietetique_bio/KUPIEC_SLIM_CORN_CAKES_NAT_84G_931865b3.png,1,Home/Attachments,Item,KUPIEC_SLIM_CORN_CAKES_NAT_84G
KUPIEC_RICE_CAKE_M_CHOC_CA_70G_931865b3.png,/private/files/bien_etre_dietetique_bio/KUPIEC_RICE_CAKE_M_CHOC_CA_70G_931865b3.png,1,Home/Attachments,Item,KUPIEC_RICE_CAKE_M_CHOC_CA_70G
KUPIEC_E_CAKES_DCHOC_RASP_64G_931865b3.png,/private/files/bien_etre_dietetique_bio/KUPIEC_E_CAKES_DCHOC_RASP_64G_931865b3.png,1,Home/Attachments,Item,KUPIEC_E_CAKES_DCHOC_RASP_64G
KUPIEC__CAKES_DARK_CHOC_OR_72G_931865b3.png,/private/files/bien_etre_dietetique_bio/KUPIEC__CAKES_DARK_CHOC_OR_72G_931865b3.png,1,Home/Attachments,Item,KUPIEC__CAKES_DARK_CHOC_OR_72G
CO_SAUCE_PROVENCALE_420G_00701b31.jpeg,/private/files/bien_etre_dietetique_bio/CO_SAUCE_PROVENCALE_420G_00701b31.jpeg,1,Home/Attachments,Item,CO_SAUCE_PROVENCALE_420G
PENCIL_CASE_BUTTERFLY_931865b3.png,/private/files/bagage/PENCIL_CASE_BUTTERFLY_931865b3.png,1,Home/Attachments,Item,PENCIL_CASE_BUTTERFLY
GYEON_TIRE_APPLICATOR_PACK_93fac3f3.webp,/private/files/auto_exterieur/GYEON_TIRE_APPLICATOR_PACK_93fac3f3.webp,1,Home/Attachments,Item,GYEON_TIRE_APPLICATOR_PACK
GYEON_SOFTWPE_5798e8d5.webp,/private/files/auto_exterieur/GYEON_SOFTWPE_5798e8d5.webp,1,Home/Attachments,Item,GYEON_SOFTWPE
LITTLE_JOE_VANILLA_0eb59ed1.jpeg,/private/files/auto_interieur/LITTLE_JOE_VANILLA_0eb59ed1.jpeg,1,Home/Attachments,Item,LITTLE_JOE_VANILLA
LITTLE_JOE_OCEAN_BREEZE_151a2b33.webp,/private/files/auto_interieur/LITTLE_JOE_OCEAN_BREEZE_151a2b33.webp,1,Home/Attachments,Item,LITTLE_JOE_OCEAN_BREEZE
LITTLE_JOE_AMBER_3e62dc06.webp,/private/files/auto_interieur/LITTLE_JOE_AMBER_3e62dc06.webp,1,Home/Attachments,Item,LITTLE_JOE_AMBER
LITTLE_JOE_BLACK_VELVET_31352fc3.webp,/private/files/auto_interieur/LITTLE_JOE_BLACK_VELVET_31352fc3.webp,1,Home/Attachments,Item,LITTLE_JOE_BLACK_VELVET
GLADE_SPORT_NEW_CAR_REFILL_7ML_6f923893.webp,/private/files/auto_interieur/GLADE_SPORT_NEW_CAR_REFILL_7ML_6f923893.webp,1,Home/Attachments,Item,GLADE_SPORT_NEW_CAR_REFILL_7ML
CAR_UNIVERSAL_HOLDER_S011_d852bbce.webp,/private/files/auto_interieur/CAR_UNIVERSAL_HOLDER_S011_d852bbce.webp,1,Home/Attachments,Item,CAR_UNIVERSAL_HOLDER_S011
C_GUYS_ODOR_ELIMINATOR_4OZ_73895e5d.jpeg,/private/files/auto_interieur/C_GUYS_ODOR_ELIMINATOR_4OZ_73895e5d.jpeg,1,Home/Attachments,Item,C_GUYS_ODOR_ELIMINATOR_4OZ
GYEON_TIRE_CLEANER_79da5387.webp,/private/files/auto_exterieur/GYEON_TIRE_CLEANER_79da5387.webp,1,Home/Attachments,Item,GYEON_TIRE_CLEANER
GYEON_IRON_WHEEL_CLEANER_9c4ae0a1.webp,/private/files/auto_exterieur/GYEON_IRON_WHEEL_CLEANER_9c4ae0a1.webp,1,Home/Attachments,Item,GYEON_IRON_WHEEL_CLEANER
GYEON_FOAM_1000ML_8f64e505.jpeg,/private/files/auto_exterieur/GYEON_FOAM_1000ML_8f64e505.jpeg,1,Home/Attachments,Item,GYEON_FOAM_1000ML
C_GUYS_STIFFY_BRUSH_BLUE_e0d1eeb8.jpeg,/private/files/auto_exterieur/C_GUYS_STIFFY_BRUSH_BLUE_e0d1eeb8.jpeg,1,Home/Attachments,Item,C_GUYS_STIFFY_BRUSH_BLUE
C_GUYS_MICROFIBER_PACK_BLUE_41daf06e.jpeg,/private/files/auto_exterieur/C_GUYS_MICROFIBER_PACK_BLUE_41daf06e.jpeg,1,Home/Attachments,Item,C_GUYS_MICROFIBER_PACK_BLUE
AYOUTH_OATS_FACE_SER_MASK_20G_3abc4e2d.png,/private/files/beaute/AYOUTH_OATS_FACE_SER_MASK_20G_3abc4e2d.png,1,Home/Attachments,Item,AYOUTH_OATS_FACE_SER_MASK_20G
AYOUTH_LICOR_FACE_SER_MASK_20G_c62a5495.png,/private/files/beaute/AYOUTH_LICOR_FACE_SER_MASK_20G_c62a5495.png,1,Home/Attachments,Item,AYOUTH_LICOR_FACE_SER_MASK_20G
AYOUTH_AACNE_FACE_SER_MASK_20G_750f5f67.png,/private/files/beaute/AYOUTH_AACNE_FACE_SER_MASK_20G_750f5f67.png,1,Home/Attachments,Item,AYOUTH_AACNE_FACE_SER_MASK_20G
ARKO_NEM_INTENSE_HYDRATAT_60ML_198086e6.png,/private/files/beaute/ARKO_NEM_INTENSE_HYDRATAT_60ML_198086e6.png,1,Home/Attachments,Item,ARKO_NEM_INTENSE_HYDRATAT_60ML
ARKO_NEM_CREAM_SOFT_TOUCH_60ML_4fe56747.jpeg,/private/files/beaute/ARKO_NEM_CREAM_SOFT_TOUCH_60ML_4fe56747.jpeg,1,Home/Attachments,Item,ARKO_NEM_CREAM_SOFT_TOUCH_60ML
PENCIL_CASE_ANIMAL_83_931865b3.png,/private/files/bagage/PENCIL_CASE_ANIMAL_83_931865b3.png,1,Home/Attachments,Item,PENCIL_CASE_ANIMAL_83
PENCIL_CASE_ANIMAL_82_931865b3.png,/private/files/bagage/PENCIL_CASE_ANIMAL_82_931865b3.png,1,Home/Attachments,Item,PENCIL_CASE_ANIMAL_82
PENCIL_CASE_9647_931865b3.png,/private/files/bagage/PENCIL_CASE_9647_931865b3.png,1,Home/Attachments,Item,PENCIL_CASE_9647
PENCIL_CASE_6084_931865b3.png,/private/files/bagage/PENCIL_CASE_6084_931865b3.png,1,Home/Attachments,Item,PENCIL_CASE_6084
PENCIL_CASE_6027_931865b3.png,/private/files/bagage/PENCIL_CASE_6027_931865b3.png,1,Home/Attachments,Item,PENCIL_CASE_6027
PENCIL_CASE_6025_931865b3.png,/private/files/bagage/PENCIL_CASE_6025_931865b3.png,1,Home/Attachments,Item,PENCIL_CASE_6025
PENCIL_CASE_392_931865b3.png,/private/files/bagage/PENCIL_CASE_392_931865b3.png,1,Home/Attachments,Item,PENCIL_CASE_392
PENCIL_CASE_2369_931865b3.png,/private/files/bagage/PENCIL_CASE_2369_931865b3.png,1,Home/Attachments,Item,PENCIL_CASE_2369
PENCIL_CASE_2008_931865b3.png,/private/files/bagage/PENCIL_CASE_2008_931865b3.png,1,Home/Attachments,Item,PENCIL_CASE_2008
PENCIL_CASE_M_G_PINEAPPLE69410_95d4af2f.png,/private/files/bagage/PENCIL_CASE_M_G_PINEAPPLE69410_95d4af2f.png,1,Home/Attachments,Item,PENCIL_CASE_M_G_PINEAPPLE69410
PENCIL_CASE_M_G_HAPPY_HAWAI_AB_931865b3.png,/private/files/bagage/PENCIL_CASE_M_G_HAPPY_HAWAI_AB_931865b3.png,1,Home/Attachments,Item,PENCIL_CASE_M_G_HAPPY_HAWAI_AB
ISOTHERM_LUNCH_BAG_cf8118f2.png,/private/files/bagage/ISOTHERM_LUNCH_BAG_cf8118f2.png,1,Home/Attachments,Item,ISOTHERM_LUNCH_BAG
HELIX_OXF_GEO_PENCIL_CASE_ORA_104076f4.png,/private/files/bagage/HELIX_OXF_GEO_PENCIL_CASE_ORA_104076f4.png,1,Home/Attachments,Item,HELIX_OXF_GEO_PENCIL_CASE_ORA
HELIX_OXF_GEO_PENCIL_CASE_GRN_62863ce9.png,/private/files/bagage/HELIX_OXF_GEO_PENCIL_CASE_GRN_62863ce9.png,1,Home/Attachments,Item,HELIX_OXF_GEO_PENCIL_CASE_GRN
CONCEPT_LUNCH_BAG__4ASST_8b192f4e.png,/private/files/bagage/CONCEPT_LUNCH_BAG__4ASST_8b192f4e.png,1,Home/Attachments,Item,CONCEPT_LUNCH_BAG__4ASST
CONCEPT_ADULT_LUNCH_BAG_4_ASS_202263fd.png,/private/files/bagage/CONCEPT_ADULT_LUNCH_BAG_4_ASS_202263fd.png,1,Home/Attachments,Item,CONCEPT_ADULT_LUNCH_BAG_4_ASS
CAMBRIDGE_SCOTCH_WHISKY_15LT_3ed9ca0e.png,/private/files/alcools_de_grains/CAMBRIDGE_SCOTCH_WHISKY_15LT_3ed9ca0e.png,1,Home/Attachments,Item,CAMBRIDGE_SCOTCH_WHISKY_15LT
BOMBAY_SAPHIRE_GIN_70CL_ad94dad5.png,/private/files/alcools_de_grains/BOMBAY_SAPHIRE_GIN_70CL_ad94dad5.png,1,Home/Attachments,Item,BOMBAY_SAPHIRE_GIN_70CL
BLACK_WHITE_SCOT_WHISKY_1L_416ba9b0.png,/private/files/alcools_de_grains/BLACK_WHITE_SCOT_WHISKY_1L_416ba9b0.png,1,Home/Attachments,Item,BLACK_WHITE_SCOT_WHISKY_1L
BICKENS_PINK_GIN_GRPFRT_700ML_78a796f8.jpeg,/private/files/alcools_de_grains/BICKENS_PINK_GIN_GRPFRT_700ML_78a796f8.jpeg,1,Home/Attachments,Item,BICKENS_PINK_GIN_GRPFRT_700ML
BARRISTER_PINK_GIN_700ML_bb5cba82.jpeg,/private/files/alcools_de_grains/BARRISTER_PINK_GIN_700ML_bb5cba82.jpeg,1,Home/Attachments,Item,BARRISTER_PINK_GIN_700ML
BARRISTER_ORANGE_GIN_700ML_f3e0655b.jpeg,/private/files/alcools_de_grains/BARRISTER_ORANGE_GIN_700ML_f3e0655b.jpeg,1,Home/Attachments,Item,BARRISTER_ORANGE_GIN_700ML
BALLANTINES_FINEST_700ML_10bd6d56.png,/private/files/alcools_de_grains/BALLANTINES_FINEST_700ML_10bd6d56.png,1,Home/Attachments,Item,BALLANTINES_FINEST_700ML
BALLANTINES_FINEST_1LT_ffb966f0.png,/private/files/alcools_de_grains/BALLANTINES_FINEST_1LT_ffb966f0.png,1,Home/Attachments,Item,BALLANTINES_FINEST_1LT
BAINS_CAPE_MOUNTAIN_750ML_6093064b.png,/private/files/alcools_de_grains/BAINS_CAPE_MOUNTAIN_750ML_6093064b.png,1,Home/Attachments,Item,BAINS_CAPE_MOUNTAIN_750ML
CHAKA_TOILET_BRUSH_WITH_HOLDER_6d2bc4ac.png,/private/files/amenagement_maison/CHAKA_TOILET_BRUSH_WITH_HOLDER_6d2bc4ac.png,1,Home/Attachments,Item,CHAKA_TOILET_BRUSH_WITH_HOLDER
MARTINI_BIANCO_75CL_e66d1662.png,/private/files/aperitifs/MARTINI_BIANCO_75CL_e66d1662.png,1,Home/Attachments,Item,MARTINI_BIANCO_75CL
HENNESSY_VSOP_700ML_931da70a.jpeg,/private/files/aperitifs/HENNESSY_VSOP_700ML_931da70a.jpeg,1,Home/Attachments,Item,HENNESSY_VSOP_700ML
EUREKAVIN_ROUGE_75CL_12b30114.png,/private/files/aperitifs/EUREKAVIN_ROUGE_75CL_12b30114.png,1,Home/Attachments,Item,EUREKAVIN_ROUGE_75CL
EUREKAVIN_BLANC_75CL_b5b5c18a.png,/private/files/aperitifs/EUREKAVIN_BLANC_75CL_b5b5c18a.png,1,Home/Attachments,Item,EUREKAVIN_BLANC_75CL
EUREKA_EXTRA_SPECIAL_70CL_39afe32c.png,/private/files/aperitifs/EUREKA_EXTRA_SPECIAL_70CL_39afe32c.png,1,Home/Attachments,Item,EUREKA_EXTRA_SPECIAL_70CL
DIVINE_TROPLYCHEE_WINE_50CL_aafba510.jpeg,/private/files/aperitifs/DIVINE_TROPLYCHEE_WINE_50CL_aafba510.jpeg,1,Home/Attachments,Item,DIVINE_TROPLYCHEE_WINE_50CL
DIVINE_PINEAPPLE_WINE_50CL_ec9ae538.jpeg,/private/files/aperitifs/DIVINE_PINEAPPLE_WINE_50CL_ec9ae538.jpeg,1,Home/Attachments,Item,DIVINE_PINEAPPLE_WINE_50CL
DEMANDIS_CURACAO_TRIPLE_S_70CL_931865b3.png,/private/files/aperitifs/DEMANDIS_CURACAO_TRIPLE_S_70CL_931865b3.png,1,Home/Attachments,Item,DEMANDIS_CURACAO_TRIPLE_S_70CL
DELICE_DE_PECHE_70CL_e0c87cd0.png,/private/files/aperitifs/DELICE_DE_PECHE_70CL_e0c87cd0.png,1,Home/Attachments,Item,DELICE_DE_PECHE_70CL
OXENHAM_LITCHI_APERITIF_75CL_fd4efa63.png,/private/files/aperitifs/OXENHAM_LITCHI_APERITIF_75CL_fd4efa63.png,1,Home/Attachments,Item,OXENHAM_LITCHI_APERITIF_75CL
DELICE_DE_CAFE_70CL_e48fddb0.jpeg,/private/files/aperitifs/DELICE_DE_CAFE_70CL_e48fddb0.jpeg,1,Home/Attachments,Item,DELICE_DE_CAFE_70CL
CINZANO_TO_SPTZ_SPUMANTE_75CL_931865b3.png,/private/files/aperitifs/CINZANO_TO_SPTZ_SPUMANTE_75CL_931865b3.png,1,Home/Attachments,Item,CINZANO_TO_SPTZ_SPUMANTE_75CL
CAMPARI_75CL_e92f0ecd.png,/private/files/aperitifs/CAMPARI_75CL_e92f0ecd.png,1,Home/Attachments,Item,CAMPARI_75CL
ARCANE_ARRANGE_VAN_D_ILES_70CL_f8d45656.webp,/private/files/aperitifs/ARCANE_ARRANGE_VAN_D_ILES_70CL_f8d45656.webp,1,Home/Attachments,Item,ARCANE_ARRANGE_VAN_D_ILES_70CL
ARCANE_ARRANGE_BAN_FLAMBE_70CL_bf142aab.webp,/private/files/aperitifs/ARCANE_ARRANGE_BAN_FLAMBE_70CL_bf142aab.webp,1,Home/Attachments,Item,ARCANE_ARRANGE_BAN_FLAMBE_70CL
ARCANE_ARRANGE_ANAN_ROTI_70CL_6259a694.png,/private/files/aperitifs/ARCANE_ARRANGE_ANAN_ROTI_70CL_6259a694.png,1,Home/Attachments,Item,ARCANE_ARRANGE_ANAN_ROTI_70CL
LUMINARC_PURE_BOX_RECT_82_ee09ac59.png,/private/files/articles_menagers/LUMINARC_PURE_BOX_RECT_82_ee09ac59.png,1,Home/Attachments,Item,LUMINARC_PURE_BOX_RECT_82
LUMINARC_PURE_BOX_RECT_38_32ccc99f.png,/private/files/articles_menagers/LUMINARC_PURE_BOX_RECT_38_32ccc99f.png,1,Home/Attachments,Item,LUMINARC_PURE_BOX_RECT_38
LUMINARC_PURE_BOX_RECT_197_d429692b.png,/private/files/articles_menagers/LUMINARC_PURE_BOX_RECT_197_d429692b.png,1,Home/Attachments,Item,LUMINARC_PURE_BOX_RECT_197
LUMINARC_PURE_BOX_RECT_122_3ae69569.png,/private/files/articles_menagers/LUMINARC_PURE_BOX_RECT_122_3ae69569.png,1,Home/Attachments,Item,LUMINARC_PURE_BOX_RECT_122
LUMINARC_PURE_BOX_CARRE_76_4e05f6d0.png,/private/files/articles_menagers/LUMINARC_PURE_BOX_CARRE_76_4e05f6d0.png,1,Home/Attachments,Item,LUMINARC_PURE_BOX_CARRE_76
LUMINARC_PURE_BOX_CARRE_38_d855727c.png,/private/files/articles_menagers/LUMINARC_PURE_BOX_CARRE_38_d855727c.png,1,Home/Attachments,Item,LUMINARC_PURE_BOX_CARRE_38
LUMINARC_PURE_BOX_CARRE_122_c9292c18.png,/private/files/articles_menagers/LUMINARC_PURE_BOX_CARRE_122_c9292c18.png,1,Home/Attachments,Item,LUMINARC_PURE_BOX_CARRE_122
LUMINARC_KEEP_N_BOX_ROND_88_02c16ac9.png,/private/files/articles_menagers/LUMINARC_KEEP_N_BOX_ROND_88_02c16ac9.png,1,Home/Attachments,Item,LUMINARC_KEEP_N_BOX_ROND_88
LUMINARC_KEEP_N_BOX_ROND_63_9ab72527.png,/private/files/articles_menagers/LUMINARC_KEEP_N_BOX_ROND_63_9ab72527.png,1,Home/Attachments,Item,LUMINARC_KEEP_N_BOX_ROND_63
LUMINARC_KEEP_N_BOX_ROND_39_7afc1d8f.png,/private/files/articles_menagers/LUMINARC_KEEP_N_BOX_ROND_39_7afc1d8f.png,1,Home/Attachments,Item,LUMINARC_KEEP_N_BOX_ROND_39
LUMINARC_KEEP_N_BOX_RECT_82_fdf22ca4.png,/private/files/articles_menagers/LUMINARC_KEEP_N_BOX_RECT_82_fdf22ca4.png,1,Home/Attachments,Item,LUMINARC_KEEP_N_BOX_RECT_82
LUMINARC_KEEP_N_BOX_RECT_37_3e6b9547.png,/private/files/articles_menagers/LUMINARC_KEEP_N_BOX_RECT_37_3e6b9547.png,1,Home/Attachments,Item,LUMINARC_KEEP_N_BOX_RECT_37
LUMINARC_KEEP_N_BOX_RECT_189_ef2f2235.png,/private/files/articles_menagers/LUMINARC_KEEP_N_BOX_RECT_189_ef2f2235.png,1,Home/Attachments,Item,LUMINARC_KEEP_N_BOX_RECT_189
LUMINARC_KEEP_N_BOX_RECT_116_e4ebf549.png,/private/files/articles_menagers/LUMINARC_KEEP_N_BOX_RECT_116_e4ebf549.png,1,Home/Attachments,Item,LUMINARC_KEEP_N_BOX_RECT_116
LUMINARC_KEEP_N_BOX_CARRE_72_e4e69475.png,/private/files/articles_menagers/LUMINARC_KEEP_N_BOX_CARRE_72_e4e69475.png,1,Home/Attachments,Item,LUMINARC_KEEP_N_BOX_CARRE_72
LUMINARC_KEEP_N_BOX_CARRE_36_f719d229.png,/private/files/articles_menagers/LUMINARC_KEEP_N_BOX_CARRE_36_f719d229.png,1,Home/Attachments,Item,LUMINARC_KEEP_N_BOX_CARRE_36
LUMINARC_KEEP_N_BOX_CARRE_117_f0319120.png,/private/files/articles_menagers/LUMINARC_KEEP_N_BOX_CARRE_117_f0319120.png,1,Home/Attachments,Item,LUMINARC_KEEP_N_BOX_CARRE_117
LUMINARC_JAR_CLUB_0L5_9674b36c.png,/private/files/articles_menagers/LUMINARC_JAR_CLUB_0L5_9674b36c.png,1,Home/Attachments,Item,LUMINARC_JAR_CLUB_0L5
LUMINARC_JAR_BOUCHON_VISSE_2L_36ee9e0c.png,/private/files/articles_menagers/LUMINARC_JAR_BOUCHON_VISSE_2L_36ee9e0c.png,1,Home/Attachments,Item,LUMINARC_JAR_BOUCHON_VISSE_2L
LUMINARC_JAR_BOUCHON_VISSE_1L_9a2bfe01.png,/private/files/articles_menagers/LUMINARC_JAR_BOUCHON_VISSE_1L_9a2bfe01.png,1,Home/Attachments,Item,LUMINARC_JAR_BOUCHON_VISSE_1L
LUMINARC_JAR_2L_REF_493_8246ebed.png,/private/files/articles_menagers/LUMINARC_JAR_2L_REF_493_8246ebed.png,1,Home/Attachments,Item,LUMINARC_JAR_2L_REF_493
LUMINARC_JAR_1L_REF_491_08fab7fe.png,/private/files/articles_menagers/LUMINARC_JAR_1L_REF_491_08fab7fe.png,1,Home/Attachments,Item,LUMINARC_JAR_1L_REF_491
LUMINARC_JAR_1L_511_0a2104ee.png,/private/files/articles_menagers/LUMINARC_JAR_1L_511_0a2104ee.png,1,Home/Attachments,Item,LUMINARC_JAR_1L_511
LUMINARC_JAR_0L5_REF_490_fc96531f.png,/private/files/articles_menagers/LUMINARC_JAR_0L5_REF_490_fc96531f.png,1,Home/Attachments,Item,LUMINARC_JAR_0L5_REF_490
LUMINARC_JAR_0L5_510_dcba962b.png,/private/files/articles_menagers/LUMINARC_JAR_0L5_510_dcba962b.png,1,Home/Attachments,Item,LUMINARC_JAR_0L5_510
HEALTH_SCALE_BATH_130_KG_bd1a4550.png,/private/files/amenagement_maison/HEALTH_SCALE_BATH_130_KG_bd1a4550.png,1,Home/Attachments,Item,HEALTH_SCALE_BATH_130_KG
ALUMINIUM_LADDER_6_STEPS_8091f67f.png,/private/files/amenagement_maison/ALUMINIUM_LADDER_6_STEPS_8091f67f.png,1,Home/Attachments,Item,ALUMINIUM_LADDER_6_STEPS
SPARKLE_SOAP_BOX_931865b3.png,/private/files/amenagement_maison/SPARKLE_SOAP_BOX_931865b3.png,1,Home/Attachments,Item,SPARKLE_SOAP_BOX
SHOWER_HEAD_HOSE_BLACK_REF_420_0af667a9.png,/private/files/amenagement_maison/SHOWER_HEAD_HOSE_BLACK_REF_420_0af667a9.png,1,Home/Attachments,Item,SHOWER_HEAD_HOSE_BLACK_REF_420
CHAMAREL_COFFRET_TROP_5X50CL_931865b3.png,/private/files/alcools_et_spiritueux/CHAMAREL_COFFRET_TROP_5X50CL_931865b3.png,1,Home/Attachments,Item,CHAMAREL_COFFRET_TROP_5X50CL
BOTTEGA_PISTACCHIO_LIQ_500ML_f1291b67.jpeg,/private/files/alcools_et_spiritueux/BOTTEGA_PISTACCHIO_LIQ_500ML_f1291b67.jpeg,1,Home/Attachments,Item,BOTTEGA_PISTACCHIO_LIQ_500ML
BLACK_HORSE_70CL_b94343c7.png,/private/files/alcools_et_spiritueux/BLACK_HORSE_70CL_b94343c7.png,1,Home/Attachments,Item,BLACK_HORSE_70CL
BLACK_HORSE_350ML_1b9dccc5.png,/private/files/alcools_et_spiritueux/BLACK_HORSE_350ML_1b9dccc5.png,1,Home/Attachments,Item,BLACK_HORSE_350ML
BLACK_HORSE_1000ML_1bdb783a.jpeg,/private/files/alcools_et_spiritueux/BLACK_HORSE_1000ML_1bdb783a.jpeg,1,Home/Attachments,Item,BLACK_HORSE_1000ML
BEACH_HOUSE_PINK_SPICED_70CL_9c9bad9b.png,/private/files/alcools_et_spiritueux/BEACH_HOUSE_PINK_SPICED_70CL_9c9bad9b.png,1,Home/Attachments,Item,BEACH_HOUSE_PINK_SPICED_70CL
LIQUEUR_CURACAO_BLEU_700ML_6ebfb1d9.webp,/private/files/alcools_et_spiritueux/LIQUEUR_CURACAO_BLEU_700ML_6ebfb1d9.webp,1,Home/Attachments,Item,LIQUEUR_CURACAO_BLEU_700ML
LIQUEUR_CURACAO_BLANC_700ML_bf14eeea.webp,/private/files/alcools_et_spiritueux/LIQUEUR_CURACAO_BLANC_700ML_bf14eeea.webp,1,Home/Attachments,Item,LIQUEUR_CURACAO_BLANC_700ML
CREME_DE_PECHE_700ML_e5e404a6.png,/private/files/alcools_et_spiritueux/CREME_DE_PECHE_700ML_e5e404a6.png,1,Home/Attachments,Item,CREME_DE_PECHE_700ML
CREME_DE_CACAO_700ML_b819acc6.png,/private/files/alcools_et_spiritueux/CREME_DE_CACAO_700ML_b819acc6.png,1,Home/Attachments,Item,CREME_DE_CACAO_700ML
BAILEYS_ORIGINAL_70CL_b2d54981.png,/private/files/alcools_et_spiritueux/BAILEYS_ORIGINAL_70CL_b2d54981.png,1,Home/Attachments,Item,BAILEYS_ORIGINAL_70CL
BACARDI_RHUM_75CLWHITE_a3140793.png,/private/files/alcools_et_spiritueux/BACARDI_RHUM_75CLWHITE_a3140793.png,1,Home/Attachments,Item,BACARDI_RHUM_75CLWHITE
BACARDI_MOJITO_70CL_9424487d.png,/private/files/alcools_et_spiritueux/BACARDI_MOJITO_70CL_9424487d.png,1,Home/Attachments,Item,BACARDI_MOJITO_70CL
BACARDI_BLACK_75CL_29c0d087.jpeg,/private/files/alcools_et_spiritueux/BACARDI_BLACK_75CL_29c0d087.jpeg,1,Home/Attachments,Item,BACARDI_BLACK_75CL
CROQ_GOURMET_AD_CAT_FISH_600G_955c3156.jpeg,/private/files/aliments_pour_animaux/CROQ_GOURMET_AD_CAT_FISH_600G_955c3156.jpeg,1,Home/Attachments,Item,CROQ_GOURMET_AD_CAT_FISH_600G
CROQUE_ADULT_DOG_LAMB_3KG_37cfcd59.jpeg,/private/files/aliments_pour_animaux/CROQUE_ADULT_DOG_LAMB_3KG_37cfcd59.jpeg,1,Home/Attachments,Item,CROQUE_ADULT_DOG_LAMB_3KG
CROQUE_ADULT_DOG_LAMB_15KG_f5bbee9a.jpeg,/private/files/aliments_pour_animaux/CROQUE_ADULT_DOG_LAMB_15KG_f5bbee9a.jpeg,1,Home/Attachments,Item,CROQUE_ADULT_DOG_LAMB_15KG
BEENO_SUP_DOGGY_DOUGHNUTS_500G_38e51355.png,/private/files/aliments_pour_animaux/BEENO_SUP_DOGGY_DOUGHNUTS_500G_38e51355.png,1,Home/Attachments,Item,BEENO_SUP_DOGGY_DOUGHNUTS_500G
BEENO_SUPREME_CR_TREATS_500G_e06527e4.png,/private/files/aliments_pour_animaux/BEENO_SUPREME_CR_TREATS_500G_e06527e4.png,1,Home/Attachments,Item,BEENO_SUPREME_CR_TREATS_500G
BEENO_S_BISC_STEAK_FL_300G_df45387d.png,/private/files/aliments_pour_animaux/BEENO_S_BISC_STEAK_FL_300G_df45387d.png,1,Home/Attachments,Item,BEENO_S_BISC_STEAK_FL_300G
BEENO_S_BIS_ORIG_PEAN_BUT_1KG_22bafaaf.png,/private/files/aliments_pour_animaux/BEENO_S_BIS_ORIG_PEAN_BUT_1KG_22bafaaf.png,1,Home/Attachments,Item,BEENO_S_BIS_ORIG_PEAN_BUT_1KG
BEENO_S_BIS_MARROWBON_300G_81e267e6.png,/private/files/aliments_pour_animaux/BEENO_S_BIS_MARROWBON_300G_81e267e6.png,1,Home/Attachments,Item,BEENO_S_BIS_MARROWBON_300G
BEENO_S_BISCUIT_STEAK_1KG_de87faaf.png,/private/files/aliments_pour_animaux/BEENO_S_BISCUIT_STEAK_1KG_de87faaf.png,1,Home/Attachments,Item,BEENO_S_BISCUIT_STEAK_1KG
BEENO_ROLLIES_SHAPES_LAM_120G_72d89cf6.jpeg,/private/files/aliments_pour_animaux/BEENO_ROLLIES_SHAPES_LAM_120G_72d89cf6.jpeg,1,Home/Attachments,Item,BEENO_ROLLIES_SHAPES_LAM_120G
BEENO_ROLLIES_SHAPES_CHIC_120G_bfee82f3.jpeg,/private/files/aliments_pour_animaux/BEENO_ROLLIES_SHAPES_CHIC_120G_bfee82f3.jpeg,1,Home/Attachments,Item,BEENO_ROLLIES_SHAPES_CHIC_120G
BEENO_ROLLIES_SHAP_TURKEY_120G_b812e76d.jpeg,/private/files/aliments_pour_animaux/BEENO_ROLLIES_SHAP_TURKEY_120G_b812e76d.jpeg,1,Home/Attachments,Item,BEENO_ROLLIES_SHAP_TURKEY_120G
BEENO_ROLLIES_SHAPE_STEAK_120G_11e7431d.jpeg,/private/files/aliments_pour_animaux/BEENO_ROLLIES_SHAPE_STEAK_120G_11e7431d.jpeg,1,Home/Attachments,Item,BEENO_ROLLIES_SHAPE_STEAK_120G
BEENO_ROLLIES_SHAP_SM_BAC_120G_82edab07.jpeg,/private/files/aliments_pour_animaux/BEENO_ROLLIES_SHAP_SM_BAC_120G_82edab07.jpeg,1,Home/Attachments,Item,BEENO_ROLLIES_SHAP_SM_BAC_120G
BEENO_M_BIS_STEAK_MOMENTS_1KG_8aa3dcbe.png,/private/files/aliments_pour_animaux/BEENO_M_BIS_STEAK_MOMENTS_1KG_8aa3dcbe.png,1,Home/Attachments,Item,BEENO_M_BIS_STEAK_MOMENTS_1KG
BEENO_M_BIS_MARROWBONE_ABC_1KG_b3163f02.png,/private/files/aliments_pour_animaux/BEENO_M_BIS_MARROWBONE_ABC_1KG_b3163f02.png,1,Home/Attachments,Item,BEENO_M_BIS_MARROWBONE_ABC_1KG
BEENO_MMAPLE_BAC_F_SWIRL_320G_35dccd1f.png,/private/files/aliments_pour_animaux/BEENO_MMAPLE_BAC_F_SWIRL_320G_35dccd1f.png,1,Home/Attachments,Item,BEENO_MMAPLE_BAC_F_SWIRL_320G
BEENO_L_BIS_ORIG_PEAN_BUT_300G_eeb08f56.png,/private/files/aliments_pour_animaux/BEENO_L_BIS_ORIG_PEAN_BUT_300G_eeb08f56.png,1,Home/Attachments,Item,BEENO_L_BIS_ORIG_PEAN_BUT_300G
BEENO_L_BIS_MARROWBONE_FL_1KG_165e69a8.png,/private/files/aliments_pour_animaux/BEENO_L_BIS_MARROWBONE_FL_1KG_165e69a8.png,1,Home/Attachments,Item,BEENO_L_BIS_MARROWBONE_FL_1KG
BEENO_FLATTIES_SHAPES_STK_120G_bae85888.png,/private/files/aliments_pour_animaux/BEENO_FLATTIES_SHAPES_STK_120G_bae85888.png,1,Home/Attachments,Item,BEENO_FLATTIES_SHAPES_STK_120G
BEENO_FLATTIES_SHAPES_S_BA_20G_f37fc364.png,/private/files/aliments_pour_animaux/BEENO_FLATTIES_SHAPES_S_BA_20G_f37fc364.png,1,Home/Attachments,Item,BEENO_FLATTIES_SHAPES_S_BA_20G
ARCANE_EXTRAROMA_70CL_cc140546.webp,/private/files/alcools_et_spiritueux/ARCANE_EXTRAROMA_70CL_cc140546.webp,1,Home/Attachments,Item,ARCANE_EXTRAROMA_70CL
AMARULA_CREAM_70CL_3c761b6a.png,/private/files/alcools_et_spiritueux/AMARULA_CREAM_70CL_3c761b6a.png,1,Home/Attachments,Item,AMARULA_CREAM_70CL
AFRICAN_SECRET_AMARULA_75CL_4e4d4d25.png,/private/files/alcools_et_spiritueux/AFRICAN_SECRET_AMARULA_75CL_4e4d4d25.png,1,Home/Attachments,Item,AFRICAN_SECRET_AMARULA_75CL
BEENO_FLATTIES_SHAPES_LAM_120G_6fc3cb6e.png,/private/files/aliments_pour_animaux/BEENO_FLATTIES_SHAPES_LAM_120G_6fc3cb6e.png,1,Home/Attachments,Item,BEENO_FLATTIES_SHAPES_LAM_120G
BEENO_FLATTIES_SHAPES_CH_120G_c2e47e7d.png,/private/files/aliments_pour_animaux/BEENO_FLATTIES_SHAPES_CH_120G_c2e47e7d.png,1,Home/Attachments,Item,BEENO_FLATTIES_SHAPES_CH_120G
BMM_PREMIUM_RICE_RUSKS_BA_36G_fa833a6d.jpeg,/private/files/aliments_pour_enfants/BMM_PREMIUM_RICE_RUSKS_BA_36G_fa833a6d.jpeg,1,Home/Attachments,Item,BMM_PREMIUM_RICE_RUSKS_BA_36G
BMM_PREMIUM_RICE_RUSKS_AP_36G_d64c1ef9.jpeg,/private/files/aliments_pour_enfants/BMM_PREMIUM_RICE_RUSKS_AP_36G_d64c1ef9.jpeg,1,Home/Attachments,Item,BMM_PREMIUM_RICE_RUSKS_AP_36G
